
Control_ECU.elf:     file format elf32-avr

Sections:
Idx Name          Size      VMA       LMA       File off  Algn
  0 .text         000025aa  00000000  00000000  00000094  2**1
                  CONTENTS, ALLOC, LOAD, READONLY, CODE
  1 .data         00000008  00800060  000025aa  0000263e  2**0
                  CONTENTS, ALLOC, LOAD, DATA
  2 .bss          00000016  00800068  00800068  00002646  2**0
                  ALLOC
  3 .stab         0000288c  00000000  00000000  00002648  2**2
                  CONTENTS, READONLY, DEBUGGING
  4 .stabstr      00001443  00000000  00000000  00004ed4  2**0
                  CONTENTS, READONLY, DEBUGGING
  5 .debug_aranges 00000140  00000000  00000000  00006317  2**0
                  CONTENTS, READONLY, DEBUGGING
  6 .debug_pubnames 00000170  00000000  00000000  00006457  2**0
                  CONTENTS, READONLY, DEBUGGING
  7 .debug_info   00001c49  00000000  00000000  000065c7  2**0
                  CONTENTS, READONLY, DEBUGGING
  8 .debug_abbrev 00000eeb  00000000  00000000  00008210  2**0
                  CONTENTS, READONLY, DEBUGGING
  9 .debug_line   00000dad  00000000  00000000  000090fb  2**0
                  CONTENTS, READONLY, DEBUGGING
 10 .debug_frame  00000160  00000000  00000000  00009ea8  2**2
                  CONTENTS, READONLY, DEBUGGING
 11 .debug_str    0000028d  00000000  00000000  0000a008  2**0
                  CONTENTS, READONLY, DEBUGGING
 12 .debug_loc    000007ce  00000000  00000000  0000a295  2**0
                  CONTENTS, READONLY, DEBUGGING
 13 .debug_ranges 00000050  00000000  00000000  0000aa63  2**0
                  CONTENTS, READONLY, DEBUGGING

Disassembly of section .text:

00000000 <__vectors>:
       0:	0c 94 2a 00 	jmp	0x54	; 0x54 <__ctors_end>
       4:	0c 94 47 00 	jmp	0x8e	; 0x8e <__bad_interrupt>
       8:	0c 94 47 00 	jmp	0x8e	; 0x8e <__bad_interrupt>
       c:	0c 94 47 00 	jmp	0x8e	; 0x8e <__bad_interrupt>
      10:	0c 94 47 00 	jmp	0x8e	; 0x8e <__bad_interrupt>
      14:	0c 94 47 00 	jmp	0x8e	; 0x8e <__bad_interrupt>
      18:	0c 94 47 00 	jmp	0x8e	; 0x8e <__bad_interrupt>
      1c:	0c 94 bc 0f 	jmp	0x1f78	; 0x1f78 <__vector_7>
      20:	0c 94 47 00 	jmp	0x8e	; 0x8e <__bad_interrupt>
      24:	0c 94 ef 0f 	jmp	0x1fde	; 0x1fde <__vector_9>
      28:	0c 94 47 00 	jmp	0x8e	; 0x8e <__bad_interrupt>
      2c:	0c 94 47 00 	jmp	0x8e	; 0x8e <__bad_interrupt>
      30:	0c 94 47 00 	jmp	0x8e	; 0x8e <__bad_interrupt>
      34:	0c 94 47 00 	jmp	0x8e	; 0x8e <__bad_interrupt>
      38:	0c 94 47 00 	jmp	0x8e	; 0x8e <__bad_interrupt>
      3c:	0c 94 47 00 	jmp	0x8e	; 0x8e <__bad_interrupt>
      40:	0c 94 47 00 	jmp	0x8e	; 0x8e <__bad_interrupt>
      44:	0c 94 47 00 	jmp	0x8e	; 0x8e <__bad_interrupt>
      48:	0c 94 47 00 	jmp	0x8e	; 0x8e <__bad_interrupt>
      4c:	0c 94 47 00 	jmp	0x8e	; 0x8e <__bad_interrupt>
      50:	0c 94 47 00 	jmp	0x8e	; 0x8e <__bad_interrupt>

00000054 <__ctors_end>:
      54:	11 24       	eor	r1, r1
      56:	1f be       	out	0x3f, r1	; 63
      58:	cf e5       	ldi	r28, 0x5F	; 95
      5a:	d8 e0       	ldi	r29, 0x08	; 8
      5c:	de bf       	out	0x3e, r29	; 62
      5e:	cd bf       	out	0x3d, r28	; 61

00000060 <__do_clear_bss>:
      60:	10 e0       	ldi	r17, 0x00	; 0
      62:	a8 e6       	ldi	r26, 0x68	; 104
      64:	b0 e0       	ldi	r27, 0x00	; 0
      66:	01 c0       	rjmp	.+2      	; 0x6a <.do_clear_bss_start>

00000068 <.do_clear_bss_loop>:
      68:	1d 92       	st	X+, r1

0000006a <.do_clear_bss_start>:
      6a:	ae 37       	cpi	r26, 0x7E	; 126
      6c:	b1 07       	cpc	r27, r17
      6e:	e1 f7       	brne	.-8      	; 0x68 <.do_clear_bss_loop>

00000070 <__do_copy_data>:
      70:	10 e0       	ldi	r17, 0x00	; 0
      72:	a0 e6       	ldi	r26, 0x60	; 96
      74:	b0 e0       	ldi	r27, 0x00	; 0
      76:	ea ea       	ldi	r30, 0xAA	; 170
      78:	f5 e2       	ldi	r31, 0x25	; 37
      7a:	02 c0       	rjmp	.+4      	; 0x80 <.do_copy_data_start>

0000007c <.do_copy_data_loop>:
      7c:	05 90       	lpm	r0, Z+
      7e:	0d 92       	st	X+, r0

00000080 <.do_copy_data_start>:
      80:	a8 36       	cpi	r26, 0x68	; 104
      82:	b1 07       	cpc	r27, r17
      84:	d9 f7       	brne	.-10     	; 0x7c <.do_copy_data_loop>
      86:	0e 94 a3 05 	call	0xb46	; 0xb46 <main>
      8a:	0c 94 d3 12 	jmp	0x25a6	; 0x25a6 <_exit>

0000008e <__bad_interrupt>:
      8e:	0c 94 00 00 	jmp	0	; 0x0 <__vectors>

00000092 <__fixunssfsi>:
      92:	ef 92       	push	r14
      94:	ff 92       	push	r15
      96:	0f 93       	push	r16
      98:	1f 93       	push	r17
      9a:	7b 01       	movw	r14, r22
      9c:	8c 01       	movw	r16, r24
      9e:	20 e0       	ldi	r18, 0x00	; 0
      a0:	30 e0       	ldi	r19, 0x00	; 0
      a2:	40 e0       	ldi	r20, 0x00	; 0
      a4:	5f e4       	ldi	r21, 0x4F	; 79
      a6:	0e 94 49 03 	call	0x692	; 0x692 <__gesf2>
      aa:	88 23       	and	r24, r24
      ac:	8c f0       	brlt	.+34     	; 0xd0 <__fixunssfsi+0x3e>
      ae:	c8 01       	movw	r24, r16
      b0:	b7 01       	movw	r22, r14
      b2:	20 e0       	ldi	r18, 0x00	; 0
      b4:	30 e0       	ldi	r19, 0x00	; 0
      b6:	40 e0       	ldi	r20, 0x00	; 0
      b8:	5f e4       	ldi	r21, 0x4F	; 79
      ba:	0e 94 c1 01 	call	0x382	; 0x382 <__subsf3>
      be:	0e 94 a9 03 	call	0x752	; 0x752 <__fixsfsi>
      c2:	9b 01       	movw	r18, r22
      c4:	ac 01       	movw	r20, r24
      c6:	20 50       	subi	r18, 0x00	; 0
      c8:	30 40       	sbci	r19, 0x00	; 0
      ca:	40 40       	sbci	r20, 0x00	; 0
      cc:	50 48       	sbci	r21, 0x80	; 128
      ce:	06 c0       	rjmp	.+12     	; 0xdc <__fixunssfsi+0x4a>
      d0:	c8 01       	movw	r24, r16
      d2:	b7 01       	movw	r22, r14
      d4:	0e 94 a9 03 	call	0x752	; 0x752 <__fixsfsi>
      d8:	9b 01       	movw	r18, r22
      da:	ac 01       	movw	r20, r24
      dc:	b9 01       	movw	r22, r18
      de:	ca 01       	movw	r24, r20
      e0:	1f 91       	pop	r17
      e2:	0f 91       	pop	r16
      e4:	ff 90       	pop	r15
      e6:	ef 90       	pop	r14
      e8:	08 95       	ret

000000ea <_fpadd_parts>:
      ea:	a0 e0       	ldi	r26, 0x00	; 0
      ec:	b0 e0       	ldi	r27, 0x00	; 0
      ee:	eb e7       	ldi	r30, 0x7B	; 123
      f0:	f0 e0       	ldi	r31, 0x00	; 0
      f2:	0c 94 9c 12 	jmp	0x2538	; 0x2538 <__prologue_saves__>
      f6:	dc 01       	movw	r26, r24
      f8:	2b 01       	movw	r4, r22
      fa:	fa 01       	movw	r30, r20
      fc:	9c 91       	ld	r25, X
      fe:	92 30       	cpi	r25, 0x02	; 2
     100:	08 f4       	brcc	.+2      	; 0x104 <_fpadd_parts+0x1a>
     102:	39 c1       	rjmp	.+626    	; 0x376 <_fpadd_parts+0x28c>
     104:	eb 01       	movw	r28, r22
     106:	88 81       	ld	r24, Y
     108:	82 30       	cpi	r24, 0x02	; 2
     10a:	08 f4       	brcc	.+2      	; 0x10e <_fpadd_parts+0x24>
     10c:	33 c1       	rjmp	.+614    	; 0x374 <_fpadd_parts+0x28a>
     10e:	94 30       	cpi	r25, 0x04	; 4
     110:	69 f4       	brne	.+26     	; 0x12c <_fpadd_parts+0x42>
     112:	84 30       	cpi	r24, 0x04	; 4
     114:	09 f0       	breq	.+2      	; 0x118 <_fpadd_parts+0x2e>
     116:	2f c1       	rjmp	.+606    	; 0x376 <_fpadd_parts+0x28c>
     118:	11 96       	adiw	r26, 0x01	; 1
     11a:	9c 91       	ld	r25, X
     11c:	11 97       	sbiw	r26, 0x01	; 1
     11e:	89 81       	ldd	r24, Y+1	; 0x01
     120:	98 17       	cp	r25, r24
     122:	09 f4       	brne	.+2      	; 0x126 <_fpadd_parts+0x3c>
     124:	28 c1       	rjmp	.+592    	; 0x376 <_fpadd_parts+0x28c>
     126:	a0 e6       	ldi	r26, 0x60	; 96
     128:	b0 e0       	ldi	r27, 0x00	; 0
     12a:	25 c1       	rjmp	.+586    	; 0x376 <_fpadd_parts+0x28c>
     12c:	84 30       	cpi	r24, 0x04	; 4
     12e:	09 f4       	brne	.+2      	; 0x132 <_fpadd_parts+0x48>
     130:	21 c1       	rjmp	.+578    	; 0x374 <_fpadd_parts+0x28a>
     132:	82 30       	cpi	r24, 0x02	; 2
     134:	a9 f4       	brne	.+42     	; 0x160 <_fpadd_parts+0x76>
     136:	92 30       	cpi	r25, 0x02	; 2
     138:	09 f0       	breq	.+2      	; 0x13c <_fpadd_parts+0x52>
     13a:	1d c1       	rjmp	.+570    	; 0x376 <_fpadd_parts+0x28c>
     13c:	9a 01       	movw	r18, r20
     13e:	ad 01       	movw	r20, r26
     140:	88 e0       	ldi	r24, 0x08	; 8
     142:	ea 01       	movw	r28, r20
     144:	09 90       	ld	r0, Y+
     146:	ae 01       	movw	r20, r28
     148:	e9 01       	movw	r28, r18
     14a:	09 92       	st	Y+, r0
     14c:	9e 01       	movw	r18, r28
     14e:	81 50       	subi	r24, 0x01	; 1
     150:	c1 f7       	brne	.-16     	; 0x142 <_fpadd_parts+0x58>
     152:	e2 01       	movw	r28, r4
     154:	89 81       	ldd	r24, Y+1	; 0x01
     156:	11 96       	adiw	r26, 0x01	; 1
     158:	9c 91       	ld	r25, X
     15a:	89 23       	and	r24, r25
     15c:	81 83       	std	Z+1, r24	; 0x01
     15e:	08 c1       	rjmp	.+528    	; 0x370 <_fpadd_parts+0x286>
     160:	92 30       	cpi	r25, 0x02	; 2
     162:	09 f4       	brne	.+2      	; 0x166 <_fpadd_parts+0x7c>
     164:	07 c1       	rjmp	.+526    	; 0x374 <_fpadd_parts+0x28a>
     166:	12 96       	adiw	r26, 0x02	; 2
     168:	2d 90       	ld	r2, X+
     16a:	3c 90       	ld	r3, X
     16c:	13 97       	sbiw	r26, 0x03	; 3
     16e:	eb 01       	movw	r28, r22
     170:	8a 81       	ldd	r24, Y+2	; 0x02
     172:	9b 81       	ldd	r25, Y+3	; 0x03
     174:	14 96       	adiw	r26, 0x04	; 4
     176:	ad 90       	ld	r10, X+
     178:	bd 90       	ld	r11, X+
     17a:	cd 90       	ld	r12, X+
     17c:	dc 90       	ld	r13, X
     17e:	17 97       	sbiw	r26, 0x07	; 7
     180:	ec 80       	ldd	r14, Y+4	; 0x04
     182:	fd 80       	ldd	r15, Y+5	; 0x05
     184:	0e 81       	ldd	r16, Y+6	; 0x06
     186:	1f 81       	ldd	r17, Y+7	; 0x07
     188:	91 01       	movw	r18, r2
     18a:	28 1b       	sub	r18, r24
     18c:	39 0b       	sbc	r19, r25
     18e:	b9 01       	movw	r22, r18
     190:	37 ff       	sbrs	r19, 7
     192:	04 c0       	rjmp	.+8      	; 0x19c <_fpadd_parts+0xb2>
     194:	66 27       	eor	r22, r22
     196:	77 27       	eor	r23, r23
     198:	62 1b       	sub	r22, r18
     19a:	73 0b       	sbc	r23, r19
     19c:	60 32       	cpi	r22, 0x20	; 32
     19e:	71 05       	cpc	r23, r1
     1a0:	0c f0       	brlt	.+2      	; 0x1a4 <_fpadd_parts+0xba>
     1a2:	61 c0       	rjmp	.+194    	; 0x266 <_fpadd_parts+0x17c>
     1a4:	12 16       	cp	r1, r18
     1a6:	13 06       	cpc	r1, r19
     1a8:	6c f5       	brge	.+90     	; 0x204 <_fpadd_parts+0x11a>
     1aa:	37 01       	movw	r6, r14
     1ac:	48 01       	movw	r8, r16
     1ae:	06 2e       	mov	r0, r22
     1b0:	04 c0       	rjmp	.+8      	; 0x1ba <_fpadd_parts+0xd0>
     1b2:	96 94       	lsr	r9
     1b4:	87 94       	ror	r8
     1b6:	77 94       	ror	r7
     1b8:	67 94       	ror	r6
     1ba:	0a 94       	dec	r0
     1bc:	d2 f7       	brpl	.-12     	; 0x1b2 <_fpadd_parts+0xc8>
     1be:	21 e0       	ldi	r18, 0x01	; 1
     1c0:	30 e0       	ldi	r19, 0x00	; 0
     1c2:	40 e0       	ldi	r20, 0x00	; 0
     1c4:	50 e0       	ldi	r21, 0x00	; 0
     1c6:	04 c0       	rjmp	.+8      	; 0x1d0 <_fpadd_parts+0xe6>
     1c8:	22 0f       	add	r18, r18
     1ca:	33 1f       	adc	r19, r19
     1cc:	44 1f       	adc	r20, r20
     1ce:	55 1f       	adc	r21, r21
     1d0:	6a 95       	dec	r22
     1d2:	d2 f7       	brpl	.-12     	; 0x1c8 <_fpadd_parts+0xde>
     1d4:	21 50       	subi	r18, 0x01	; 1
     1d6:	30 40       	sbci	r19, 0x00	; 0
     1d8:	40 40       	sbci	r20, 0x00	; 0
     1da:	50 40       	sbci	r21, 0x00	; 0
     1dc:	2e 21       	and	r18, r14
     1de:	3f 21       	and	r19, r15
     1e0:	40 23       	and	r20, r16
     1e2:	51 23       	and	r21, r17
     1e4:	21 15       	cp	r18, r1
     1e6:	31 05       	cpc	r19, r1
     1e8:	41 05       	cpc	r20, r1
     1ea:	51 05       	cpc	r21, r1
     1ec:	21 f0       	breq	.+8      	; 0x1f6 <_fpadd_parts+0x10c>
     1ee:	21 e0       	ldi	r18, 0x01	; 1
     1f0:	30 e0       	ldi	r19, 0x00	; 0
     1f2:	40 e0       	ldi	r20, 0x00	; 0
     1f4:	50 e0       	ldi	r21, 0x00	; 0
     1f6:	79 01       	movw	r14, r18
     1f8:	8a 01       	movw	r16, r20
     1fa:	e6 28       	or	r14, r6
     1fc:	f7 28       	or	r15, r7
     1fe:	08 29       	or	r16, r8
     200:	19 29       	or	r17, r9
     202:	3c c0       	rjmp	.+120    	; 0x27c <_fpadd_parts+0x192>
     204:	23 2b       	or	r18, r19
     206:	d1 f1       	breq	.+116    	; 0x27c <_fpadd_parts+0x192>
     208:	26 0e       	add	r2, r22
     20a:	37 1e       	adc	r3, r23
     20c:	35 01       	movw	r6, r10
     20e:	46 01       	movw	r8, r12
     210:	06 2e       	mov	r0, r22
     212:	04 c0       	rjmp	.+8      	; 0x21c <_fpadd_parts+0x132>
     214:	96 94       	lsr	r9
     216:	87 94       	ror	r8
     218:	77 94       	ror	r7
     21a:	67 94       	ror	r6
     21c:	0a 94       	dec	r0
     21e:	d2 f7       	brpl	.-12     	; 0x214 <_fpadd_parts+0x12a>
     220:	21 e0       	ldi	r18, 0x01	; 1
     222:	30 e0       	ldi	r19, 0x00	; 0
     224:	40 e0       	ldi	r20, 0x00	; 0
     226:	50 e0       	ldi	r21, 0x00	; 0
     228:	04 c0       	rjmp	.+8      	; 0x232 <_fpadd_parts+0x148>
     22a:	22 0f       	add	r18, r18
     22c:	33 1f       	adc	r19, r19
     22e:	44 1f       	adc	r20, r20
     230:	55 1f       	adc	r21, r21
     232:	6a 95       	dec	r22
     234:	d2 f7       	brpl	.-12     	; 0x22a <_fpadd_parts+0x140>
     236:	21 50       	subi	r18, 0x01	; 1
     238:	30 40       	sbci	r19, 0x00	; 0
     23a:	40 40       	sbci	r20, 0x00	; 0
     23c:	50 40       	sbci	r21, 0x00	; 0
     23e:	2a 21       	and	r18, r10
     240:	3b 21       	and	r19, r11
     242:	4c 21       	and	r20, r12
     244:	5d 21       	and	r21, r13
     246:	21 15       	cp	r18, r1
     248:	31 05       	cpc	r19, r1
     24a:	41 05       	cpc	r20, r1
     24c:	51 05       	cpc	r21, r1
     24e:	21 f0       	breq	.+8      	; 0x258 <_fpadd_parts+0x16e>
     250:	21 e0       	ldi	r18, 0x01	; 1
     252:	30 e0       	ldi	r19, 0x00	; 0
     254:	40 e0       	ldi	r20, 0x00	; 0
     256:	50 e0       	ldi	r21, 0x00	; 0
     258:	59 01       	movw	r10, r18
     25a:	6a 01       	movw	r12, r20
     25c:	a6 28       	or	r10, r6
     25e:	b7 28       	or	r11, r7
     260:	c8 28       	or	r12, r8
     262:	d9 28       	or	r13, r9
     264:	0b c0       	rjmp	.+22     	; 0x27c <_fpadd_parts+0x192>
     266:	82 15       	cp	r24, r2
     268:	93 05       	cpc	r25, r3
     26a:	2c f0       	brlt	.+10     	; 0x276 <_fpadd_parts+0x18c>
     26c:	1c 01       	movw	r2, r24
     26e:	aa 24       	eor	r10, r10
     270:	bb 24       	eor	r11, r11
     272:	65 01       	movw	r12, r10
     274:	03 c0       	rjmp	.+6      	; 0x27c <_fpadd_parts+0x192>
     276:	ee 24       	eor	r14, r14
     278:	ff 24       	eor	r15, r15
     27a:	87 01       	movw	r16, r14
     27c:	11 96       	adiw	r26, 0x01	; 1
     27e:	9c 91       	ld	r25, X
     280:	d2 01       	movw	r26, r4
     282:	11 96       	adiw	r26, 0x01	; 1
     284:	8c 91       	ld	r24, X
     286:	98 17       	cp	r25, r24
     288:	09 f4       	brne	.+2      	; 0x28c <_fpadd_parts+0x1a2>
     28a:	45 c0       	rjmp	.+138    	; 0x316 <_fpadd_parts+0x22c>
     28c:	99 23       	and	r25, r25
     28e:	39 f0       	breq	.+14     	; 0x29e <_fpadd_parts+0x1b4>
     290:	a8 01       	movw	r20, r16
     292:	97 01       	movw	r18, r14
     294:	2a 19       	sub	r18, r10
     296:	3b 09       	sbc	r19, r11
     298:	4c 09       	sbc	r20, r12
     29a:	5d 09       	sbc	r21, r13
     29c:	06 c0       	rjmp	.+12     	; 0x2aa <_fpadd_parts+0x1c0>
     29e:	a6 01       	movw	r20, r12
     2a0:	95 01       	movw	r18, r10
     2a2:	2e 19       	sub	r18, r14
     2a4:	3f 09       	sbc	r19, r15
     2a6:	40 0b       	sbc	r20, r16
     2a8:	51 0b       	sbc	r21, r17
     2aa:	57 fd       	sbrc	r21, 7
     2ac:	08 c0       	rjmp	.+16     	; 0x2be <_fpadd_parts+0x1d4>
     2ae:	11 82       	std	Z+1, r1	; 0x01
     2b0:	33 82       	std	Z+3, r3	; 0x03
     2b2:	22 82       	std	Z+2, r2	; 0x02
     2b4:	24 83       	std	Z+4, r18	; 0x04
     2b6:	35 83       	std	Z+5, r19	; 0x05
     2b8:	46 83       	std	Z+6, r20	; 0x06
     2ba:	57 83       	std	Z+7, r21	; 0x07
     2bc:	1d c0       	rjmp	.+58     	; 0x2f8 <_fpadd_parts+0x20e>
     2be:	81 e0       	ldi	r24, 0x01	; 1
     2c0:	81 83       	std	Z+1, r24	; 0x01
     2c2:	33 82       	std	Z+3, r3	; 0x03
     2c4:	22 82       	std	Z+2, r2	; 0x02
     2c6:	88 27       	eor	r24, r24
     2c8:	99 27       	eor	r25, r25
     2ca:	dc 01       	movw	r26, r24
     2cc:	82 1b       	sub	r24, r18
     2ce:	93 0b       	sbc	r25, r19
     2d0:	a4 0b       	sbc	r26, r20
     2d2:	b5 0b       	sbc	r27, r21
     2d4:	84 83       	std	Z+4, r24	; 0x04
     2d6:	95 83       	std	Z+5, r25	; 0x05
     2d8:	a6 83       	std	Z+6, r26	; 0x06
     2da:	b7 83       	std	Z+7, r27	; 0x07
     2dc:	0d c0       	rjmp	.+26     	; 0x2f8 <_fpadd_parts+0x20e>
     2de:	22 0f       	add	r18, r18
     2e0:	33 1f       	adc	r19, r19
     2e2:	44 1f       	adc	r20, r20
     2e4:	55 1f       	adc	r21, r21
     2e6:	24 83       	std	Z+4, r18	; 0x04
     2e8:	35 83       	std	Z+5, r19	; 0x05
     2ea:	46 83       	std	Z+6, r20	; 0x06
     2ec:	57 83       	std	Z+7, r21	; 0x07
     2ee:	82 81       	ldd	r24, Z+2	; 0x02
     2f0:	93 81       	ldd	r25, Z+3	; 0x03
     2f2:	01 97       	sbiw	r24, 0x01	; 1
     2f4:	93 83       	std	Z+3, r25	; 0x03
     2f6:	82 83       	std	Z+2, r24	; 0x02
     2f8:	24 81       	ldd	r18, Z+4	; 0x04
     2fa:	35 81       	ldd	r19, Z+5	; 0x05
     2fc:	46 81       	ldd	r20, Z+6	; 0x06
     2fe:	57 81       	ldd	r21, Z+7	; 0x07
     300:	da 01       	movw	r26, r20
     302:	c9 01       	movw	r24, r18
     304:	01 97       	sbiw	r24, 0x01	; 1
     306:	a1 09       	sbc	r26, r1
     308:	b1 09       	sbc	r27, r1
     30a:	8f 5f       	subi	r24, 0xFF	; 255
     30c:	9f 4f       	sbci	r25, 0xFF	; 255
     30e:	af 4f       	sbci	r26, 0xFF	; 255
     310:	bf 43       	sbci	r27, 0x3F	; 63
     312:	28 f3       	brcs	.-54     	; 0x2de <_fpadd_parts+0x1f4>
     314:	0b c0       	rjmp	.+22     	; 0x32c <_fpadd_parts+0x242>
     316:	91 83       	std	Z+1, r25	; 0x01
     318:	33 82       	std	Z+3, r3	; 0x03
     31a:	22 82       	std	Z+2, r2	; 0x02
     31c:	ea 0c       	add	r14, r10
     31e:	fb 1c       	adc	r15, r11
     320:	0c 1d       	adc	r16, r12
     322:	1d 1d       	adc	r17, r13
     324:	e4 82       	std	Z+4, r14	; 0x04
     326:	f5 82       	std	Z+5, r15	; 0x05
     328:	06 83       	std	Z+6, r16	; 0x06
     32a:	17 83       	std	Z+7, r17	; 0x07
     32c:	83 e0       	ldi	r24, 0x03	; 3
     32e:	80 83       	st	Z, r24
     330:	24 81       	ldd	r18, Z+4	; 0x04
     332:	35 81       	ldd	r19, Z+5	; 0x05
     334:	46 81       	ldd	r20, Z+6	; 0x06
     336:	57 81       	ldd	r21, Z+7	; 0x07
     338:	57 ff       	sbrs	r21, 7
     33a:	1a c0       	rjmp	.+52     	; 0x370 <_fpadd_parts+0x286>
     33c:	c9 01       	movw	r24, r18
     33e:	aa 27       	eor	r26, r26
     340:	97 fd       	sbrc	r25, 7
     342:	a0 95       	com	r26
     344:	ba 2f       	mov	r27, r26
     346:	81 70       	andi	r24, 0x01	; 1
     348:	90 70       	andi	r25, 0x00	; 0
     34a:	a0 70       	andi	r26, 0x00	; 0
     34c:	b0 70       	andi	r27, 0x00	; 0
     34e:	56 95       	lsr	r21
     350:	47 95       	ror	r20
     352:	37 95       	ror	r19
     354:	27 95       	ror	r18
     356:	82 2b       	or	r24, r18
     358:	93 2b       	or	r25, r19
     35a:	a4 2b       	or	r26, r20
     35c:	b5 2b       	or	r27, r21
     35e:	84 83       	std	Z+4, r24	; 0x04
     360:	95 83       	std	Z+5, r25	; 0x05
     362:	a6 83       	std	Z+6, r26	; 0x06
     364:	b7 83       	std	Z+7, r27	; 0x07
     366:	82 81       	ldd	r24, Z+2	; 0x02
     368:	93 81       	ldd	r25, Z+3	; 0x03
     36a:	01 96       	adiw	r24, 0x01	; 1
     36c:	93 83       	std	Z+3, r25	; 0x03
     36e:	82 83       	std	Z+2, r24	; 0x02
     370:	df 01       	movw	r26, r30
     372:	01 c0       	rjmp	.+2      	; 0x376 <_fpadd_parts+0x28c>
     374:	d2 01       	movw	r26, r4
     376:	cd 01       	movw	r24, r26
     378:	cd b7       	in	r28, 0x3d	; 61
     37a:	de b7       	in	r29, 0x3e	; 62
     37c:	e2 e1       	ldi	r30, 0x12	; 18
     37e:	0c 94 b8 12 	jmp	0x2570	; 0x2570 <__epilogue_restores__>

00000382 <__subsf3>:
     382:	a0 e2       	ldi	r26, 0x20	; 32
     384:	b0 e0       	ldi	r27, 0x00	; 0
     386:	e7 ec       	ldi	r30, 0xC7	; 199
     388:	f1 e0       	ldi	r31, 0x01	; 1
     38a:	0c 94 a8 12 	jmp	0x2550	; 0x2550 <__prologue_saves__+0x18>
     38e:	69 83       	std	Y+1, r22	; 0x01
     390:	7a 83       	std	Y+2, r23	; 0x02
     392:	8b 83       	std	Y+3, r24	; 0x03
     394:	9c 83       	std	Y+4, r25	; 0x04
     396:	2d 83       	std	Y+5, r18	; 0x05
     398:	3e 83       	std	Y+6, r19	; 0x06
     39a:	4f 83       	std	Y+7, r20	; 0x07
     39c:	58 87       	std	Y+8, r21	; 0x08
     39e:	e9 e0       	ldi	r30, 0x09	; 9
     3a0:	ee 2e       	mov	r14, r30
     3a2:	f1 2c       	mov	r15, r1
     3a4:	ec 0e       	add	r14, r28
     3a6:	fd 1e       	adc	r15, r29
     3a8:	ce 01       	movw	r24, r28
     3aa:	01 96       	adiw	r24, 0x01	; 1
     3ac:	b7 01       	movw	r22, r14
     3ae:	0e 94 d2 04 	call	0x9a4	; 0x9a4 <__unpack_f>
     3b2:	8e 01       	movw	r16, r28
     3b4:	0f 5e       	subi	r16, 0xEF	; 239
     3b6:	1f 4f       	sbci	r17, 0xFF	; 255
     3b8:	ce 01       	movw	r24, r28
     3ba:	05 96       	adiw	r24, 0x05	; 5
     3bc:	b8 01       	movw	r22, r16
     3be:	0e 94 d2 04 	call	0x9a4	; 0x9a4 <__unpack_f>
     3c2:	8a 89       	ldd	r24, Y+18	; 0x12
     3c4:	91 e0       	ldi	r25, 0x01	; 1
     3c6:	89 27       	eor	r24, r25
     3c8:	8a 8b       	std	Y+18, r24	; 0x12
     3ca:	c7 01       	movw	r24, r14
     3cc:	b8 01       	movw	r22, r16
     3ce:	ae 01       	movw	r20, r28
     3d0:	47 5e       	subi	r20, 0xE7	; 231
     3d2:	5f 4f       	sbci	r21, 0xFF	; 255
     3d4:	0e 94 75 00 	call	0xea	; 0xea <_fpadd_parts>
     3d8:	0e 94 fd 03 	call	0x7fa	; 0x7fa <__pack_f>
     3dc:	a0 96       	adiw	r28, 0x20	; 32
     3de:	e6 e0       	ldi	r30, 0x06	; 6
     3e0:	0c 94 c4 12 	jmp	0x2588	; 0x2588 <__epilogue_restores__+0x18>

000003e4 <__addsf3>:
     3e4:	a0 e2       	ldi	r26, 0x20	; 32
     3e6:	b0 e0       	ldi	r27, 0x00	; 0
     3e8:	e8 ef       	ldi	r30, 0xF8	; 248
     3ea:	f1 e0       	ldi	r31, 0x01	; 1
     3ec:	0c 94 a8 12 	jmp	0x2550	; 0x2550 <__prologue_saves__+0x18>
     3f0:	69 83       	std	Y+1, r22	; 0x01
     3f2:	7a 83       	std	Y+2, r23	; 0x02
     3f4:	8b 83       	std	Y+3, r24	; 0x03
     3f6:	9c 83       	std	Y+4, r25	; 0x04
     3f8:	2d 83       	std	Y+5, r18	; 0x05
     3fa:	3e 83       	std	Y+6, r19	; 0x06
     3fc:	4f 83       	std	Y+7, r20	; 0x07
     3fe:	58 87       	std	Y+8, r21	; 0x08
     400:	f9 e0       	ldi	r31, 0x09	; 9
     402:	ef 2e       	mov	r14, r31
     404:	f1 2c       	mov	r15, r1
     406:	ec 0e       	add	r14, r28
     408:	fd 1e       	adc	r15, r29
     40a:	ce 01       	movw	r24, r28
     40c:	01 96       	adiw	r24, 0x01	; 1
     40e:	b7 01       	movw	r22, r14
     410:	0e 94 d2 04 	call	0x9a4	; 0x9a4 <__unpack_f>
     414:	8e 01       	movw	r16, r28
     416:	0f 5e       	subi	r16, 0xEF	; 239
     418:	1f 4f       	sbci	r17, 0xFF	; 255
     41a:	ce 01       	movw	r24, r28
     41c:	05 96       	adiw	r24, 0x05	; 5
     41e:	b8 01       	movw	r22, r16
     420:	0e 94 d2 04 	call	0x9a4	; 0x9a4 <__unpack_f>
     424:	c7 01       	movw	r24, r14
     426:	b8 01       	movw	r22, r16
     428:	ae 01       	movw	r20, r28
     42a:	47 5e       	subi	r20, 0xE7	; 231
     42c:	5f 4f       	sbci	r21, 0xFF	; 255
     42e:	0e 94 75 00 	call	0xea	; 0xea <_fpadd_parts>
     432:	0e 94 fd 03 	call	0x7fa	; 0x7fa <__pack_f>
     436:	a0 96       	adiw	r28, 0x20	; 32
     438:	e6 e0       	ldi	r30, 0x06	; 6
     43a:	0c 94 c4 12 	jmp	0x2588	; 0x2588 <__epilogue_restores__+0x18>

0000043e <__mulsf3>:
     43e:	a0 e2       	ldi	r26, 0x20	; 32
     440:	b0 e0       	ldi	r27, 0x00	; 0
     442:	e5 e2       	ldi	r30, 0x25	; 37
     444:	f2 e0       	ldi	r31, 0x02	; 2
     446:	0c 94 9c 12 	jmp	0x2538	; 0x2538 <__prologue_saves__>
     44a:	69 83       	std	Y+1, r22	; 0x01
     44c:	7a 83       	std	Y+2, r23	; 0x02
     44e:	8b 83       	std	Y+3, r24	; 0x03
     450:	9c 83       	std	Y+4, r25	; 0x04
     452:	2d 83       	std	Y+5, r18	; 0x05
     454:	3e 83       	std	Y+6, r19	; 0x06
     456:	4f 83       	std	Y+7, r20	; 0x07
     458:	58 87       	std	Y+8, r21	; 0x08
     45a:	ce 01       	movw	r24, r28
     45c:	01 96       	adiw	r24, 0x01	; 1
     45e:	be 01       	movw	r22, r28
     460:	67 5f       	subi	r22, 0xF7	; 247
     462:	7f 4f       	sbci	r23, 0xFF	; 255
     464:	0e 94 d2 04 	call	0x9a4	; 0x9a4 <__unpack_f>
     468:	ce 01       	movw	r24, r28
     46a:	05 96       	adiw	r24, 0x05	; 5
     46c:	be 01       	movw	r22, r28
     46e:	6f 5e       	subi	r22, 0xEF	; 239
     470:	7f 4f       	sbci	r23, 0xFF	; 255
     472:	0e 94 d2 04 	call	0x9a4	; 0x9a4 <__unpack_f>
     476:	99 85       	ldd	r25, Y+9	; 0x09
     478:	92 30       	cpi	r25, 0x02	; 2
     47a:	88 f0       	brcs	.+34     	; 0x49e <__mulsf3+0x60>
     47c:	89 89       	ldd	r24, Y+17	; 0x11
     47e:	82 30       	cpi	r24, 0x02	; 2
     480:	c8 f0       	brcs	.+50     	; 0x4b4 <__mulsf3+0x76>
     482:	94 30       	cpi	r25, 0x04	; 4
     484:	19 f4       	brne	.+6      	; 0x48c <__mulsf3+0x4e>
     486:	82 30       	cpi	r24, 0x02	; 2
     488:	51 f4       	brne	.+20     	; 0x49e <__mulsf3+0x60>
     48a:	04 c0       	rjmp	.+8      	; 0x494 <__mulsf3+0x56>
     48c:	84 30       	cpi	r24, 0x04	; 4
     48e:	29 f4       	brne	.+10     	; 0x49a <__mulsf3+0x5c>
     490:	92 30       	cpi	r25, 0x02	; 2
     492:	81 f4       	brne	.+32     	; 0x4b4 <__mulsf3+0x76>
     494:	80 e6       	ldi	r24, 0x60	; 96
     496:	90 e0       	ldi	r25, 0x00	; 0
     498:	c6 c0       	rjmp	.+396    	; 0x626 <__mulsf3+0x1e8>
     49a:	92 30       	cpi	r25, 0x02	; 2
     49c:	49 f4       	brne	.+18     	; 0x4b0 <__mulsf3+0x72>
     49e:	20 e0       	ldi	r18, 0x00	; 0
     4a0:	9a 85       	ldd	r25, Y+10	; 0x0a
     4a2:	8a 89       	ldd	r24, Y+18	; 0x12
     4a4:	98 13       	cpse	r25, r24
     4a6:	21 e0       	ldi	r18, 0x01	; 1
     4a8:	2a 87       	std	Y+10, r18	; 0x0a
     4aa:	ce 01       	movw	r24, r28
     4ac:	09 96       	adiw	r24, 0x09	; 9
     4ae:	bb c0       	rjmp	.+374    	; 0x626 <__mulsf3+0x1e8>
     4b0:	82 30       	cpi	r24, 0x02	; 2
     4b2:	49 f4       	brne	.+18     	; 0x4c6 <__mulsf3+0x88>
     4b4:	20 e0       	ldi	r18, 0x00	; 0
     4b6:	9a 85       	ldd	r25, Y+10	; 0x0a
     4b8:	8a 89       	ldd	r24, Y+18	; 0x12
     4ba:	98 13       	cpse	r25, r24
     4bc:	21 e0       	ldi	r18, 0x01	; 1
     4be:	2a 8b       	std	Y+18, r18	; 0x12
     4c0:	ce 01       	movw	r24, r28
     4c2:	41 96       	adiw	r24, 0x11	; 17
     4c4:	b0 c0       	rjmp	.+352    	; 0x626 <__mulsf3+0x1e8>
     4c6:	2d 84       	ldd	r2, Y+13	; 0x0d
     4c8:	3e 84       	ldd	r3, Y+14	; 0x0e
     4ca:	4f 84       	ldd	r4, Y+15	; 0x0f
     4cc:	58 88       	ldd	r5, Y+16	; 0x10
     4ce:	6d 88       	ldd	r6, Y+21	; 0x15
     4d0:	7e 88       	ldd	r7, Y+22	; 0x16
     4d2:	8f 88       	ldd	r8, Y+23	; 0x17
     4d4:	98 8c       	ldd	r9, Y+24	; 0x18
     4d6:	ee 24       	eor	r14, r14
     4d8:	ff 24       	eor	r15, r15
     4da:	87 01       	movw	r16, r14
     4dc:	aa 24       	eor	r10, r10
     4de:	bb 24       	eor	r11, r11
     4e0:	65 01       	movw	r12, r10
     4e2:	40 e0       	ldi	r20, 0x00	; 0
     4e4:	50 e0       	ldi	r21, 0x00	; 0
     4e6:	60 e0       	ldi	r22, 0x00	; 0
     4e8:	70 e0       	ldi	r23, 0x00	; 0
     4ea:	e0 e0       	ldi	r30, 0x00	; 0
     4ec:	f0 e0       	ldi	r31, 0x00	; 0
     4ee:	c1 01       	movw	r24, r2
     4f0:	81 70       	andi	r24, 0x01	; 1
     4f2:	90 70       	andi	r25, 0x00	; 0
     4f4:	89 2b       	or	r24, r25
     4f6:	e9 f0       	breq	.+58     	; 0x532 <__mulsf3+0xf4>
     4f8:	e6 0c       	add	r14, r6
     4fa:	f7 1c       	adc	r15, r7
     4fc:	08 1d       	adc	r16, r8
     4fe:	19 1d       	adc	r17, r9
     500:	9a 01       	movw	r18, r20
     502:	ab 01       	movw	r20, r22
     504:	2a 0d       	add	r18, r10
     506:	3b 1d       	adc	r19, r11
     508:	4c 1d       	adc	r20, r12
     50a:	5d 1d       	adc	r21, r13
     50c:	80 e0       	ldi	r24, 0x00	; 0
     50e:	90 e0       	ldi	r25, 0x00	; 0
     510:	a0 e0       	ldi	r26, 0x00	; 0
     512:	b0 e0       	ldi	r27, 0x00	; 0
     514:	e6 14       	cp	r14, r6
     516:	f7 04       	cpc	r15, r7
     518:	08 05       	cpc	r16, r8
     51a:	19 05       	cpc	r17, r9
     51c:	20 f4       	brcc	.+8      	; 0x526 <__mulsf3+0xe8>
     51e:	81 e0       	ldi	r24, 0x01	; 1
     520:	90 e0       	ldi	r25, 0x00	; 0
     522:	a0 e0       	ldi	r26, 0x00	; 0
     524:	b0 e0       	ldi	r27, 0x00	; 0
     526:	ba 01       	movw	r22, r20
     528:	a9 01       	movw	r20, r18
     52a:	48 0f       	add	r20, r24
     52c:	59 1f       	adc	r21, r25
     52e:	6a 1f       	adc	r22, r26
     530:	7b 1f       	adc	r23, r27
     532:	aa 0c       	add	r10, r10
     534:	bb 1c       	adc	r11, r11
     536:	cc 1c       	adc	r12, r12
     538:	dd 1c       	adc	r13, r13
     53a:	97 fe       	sbrs	r9, 7
     53c:	08 c0       	rjmp	.+16     	; 0x54e <__mulsf3+0x110>
     53e:	81 e0       	ldi	r24, 0x01	; 1
     540:	90 e0       	ldi	r25, 0x00	; 0
     542:	a0 e0       	ldi	r26, 0x00	; 0
     544:	b0 e0       	ldi	r27, 0x00	; 0
     546:	a8 2a       	or	r10, r24
     548:	b9 2a       	or	r11, r25
     54a:	ca 2a       	or	r12, r26
     54c:	db 2a       	or	r13, r27
     54e:	31 96       	adiw	r30, 0x01	; 1
     550:	e0 32       	cpi	r30, 0x20	; 32
     552:	f1 05       	cpc	r31, r1
     554:	49 f0       	breq	.+18     	; 0x568 <__mulsf3+0x12a>
     556:	66 0c       	add	r6, r6
     558:	77 1c       	adc	r7, r7
     55a:	88 1c       	adc	r8, r8
     55c:	99 1c       	adc	r9, r9
     55e:	56 94       	lsr	r5
     560:	47 94       	ror	r4
     562:	37 94       	ror	r3
     564:	27 94       	ror	r2
     566:	c3 cf       	rjmp	.-122    	; 0x4ee <__mulsf3+0xb0>
     568:	fa 85       	ldd	r31, Y+10	; 0x0a
     56a:	ea 89       	ldd	r30, Y+18	; 0x12
     56c:	2b 89       	ldd	r18, Y+19	; 0x13
     56e:	3c 89       	ldd	r19, Y+20	; 0x14
     570:	8b 85       	ldd	r24, Y+11	; 0x0b
     572:	9c 85       	ldd	r25, Y+12	; 0x0c
     574:	28 0f       	add	r18, r24
     576:	39 1f       	adc	r19, r25
     578:	2e 5f       	subi	r18, 0xFE	; 254
     57a:	3f 4f       	sbci	r19, 0xFF	; 255
     57c:	17 c0       	rjmp	.+46     	; 0x5ac <__mulsf3+0x16e>
     57e:	ca 01       	movw	r24, r20
     580:	81 70       	andi	r24, 0x01	; 1
     582:	90 70       	andi	r25, 0x00	; 0
     584:	89 2b       	or	r24, r25
     586:	61 f0       	breq	.+24     	; 0x5a0 <__mulsf3+0x162>
     588:	16 95       	lsr	r17
     58a:	07 95       	ror	r16
     58c:	f7 94       	ror	r15
     58e:	e7 94       	ror	r14
     590:	80 e0       	ldi	r24, 0x00	; 0
     592:	90 e0       	ldi	r25, 0x00	; 0
     594:	a0 e0       	ldi	r26, 0x00	; 0
     596:	b0 e8       	ldi	r27, 0x80	; 128
     598:	e8 2a       	or	r14, r24
     59a:	f9 2a       	or	r15, r25
     59c:	0a 2b       	or	r16, r26
     59e:	1b 2b       	or	r17, r27
     5a0:	76 95       	lsr	r23
     5a2:	67 95       	ror	r22
     5a4:	57 95       	ror	r21
     5a6:	47 95       	ror	r20
     5a8:	2f 5f       	subi	r18, 0xFF	; 255
     5aa:	3f 4f       	sbci	r19, 0xFF	; 255
     5ac:	77 fd       	sbrc	r23, 7
     5ae:	e7 cf       	rjmp	.-50     	; 0x57e <__mulsf3+0x140>
     5b0:	0c c0       	rjmp	.+24     	; 0x5ca <__mulsf3+0x18c>
     5b2:	44 0f       	add	r20, r20
     5b4:	55 1f       	adc	r21, r21
     5b6:	66 1f       	adc	r22, r22
     5b8:	77 1f       	adc	r23, r23
     5ba:	17 fd       	sbrc	r17, 7
     5bc:	41 60       	ori	r20, 0x01	; 1
     5be:	ee 0c       	add	r14, r14
     5c0:	ff 1c       	adc	r15, r15
     5c2:	00 1f       	adc	r16, r16
     5c4:	11 1f       	adc	r17, r17
     5c6:	21 50       	subi	r18, 0x01	; 1
     5c8:	30 40       	sbci	r19, 0x00	; 0
     5ca:	40 30       	cpi	r20, 0x00	; 0
     5cc:	90 e0       	ldi	r25, 0x00	; 0
     5ce:	59 07       	cpc	r21, r25
     5d0:	90 e0       	ldi	r25, 0x00	; 0
     5d2:	69 07       	cpc	r22, r25
     5d4:	90 e4       	ldi	r25, 0x40	; 64
     5d6:	79 07       	cpc	r23, r25
     5d8:	60 f3       	brcs	.-40     	; 0x5b2 <__mulsf3+0x174>
     5da:	2b 8f       	std	Y+27, r18	; 0x1b
     5dc:	3c 8f       	std	Y+28, r19	; 0x1c
     5de:	db 01       	movw	r26, r22
     5e0:	ca 01       	movw	r24, r20
     5e2:	8f 77       	andi	r24, 0x7F	; 127
     5e4:	90 70       	andi	r25, 0x00	; 0
     5e6:	a0 70       	andi	r26, 0x00	; 0
     5e8:	b0 70       	andi	r27, 0x00	; 0
     5ea:	80 34       	cpi	r24, 0x40	; 64
     5ec:	91 05       	cpc	r25, r1
     5ee:	a1 05       	cpc	r26, r1
     5f0:	b1 05       	cpc	r27, r1
     5f2:	61 f4       	brne	.+24     	; 0x60c <__mulsf3+0x1ce>
     5f4:	47 fd       	sbrc	r20, 7
     5f6:	0a c0       	rjmp	.+20     	; 0x60c <__mulsf3+0x1ce>
     5f8:	e1 14       	cp	r14, r1
     5fa:	f1 04       	cpc	r15, r1
     5fc:	01 05       	cpc	r16, r1
     5fe:	11 05       	cpc	r17, r1
     600:	29 f0       	breq	.+10     	; 0x60c <__mulsf3+0x1ce>
     602:	40 5c       	subi	r20, 0xC0	; 192
     604:	5f 4f       	sbci	r21, 0xFF	; 255
     606:	6f 4f       	sbci	r22, 0xFF	; 255
     608:	7f 4f       	sbci	r23, 0xFF	; 255
     60a:	40 78       	andi	r20, 0x80	; 128
     60c:	1a 8e       	std	Y+26, r1	; 0x1a
     60e:	fe 17       	cp	r31, r30
     610:	11 f0       	breq	.+4      	; 0x616 <__mulsf3+0x1d8>
     612:	81 e0       	ldi	r24, 0x01	; 1
     614:	8a 8f       	std	Y+26, r24	; 0x1a
     616:	4d 8f       	std	Y+29, r20	; 0x1d
     618:	5e 8f       	std	Y+30, r21	; 0x1e
     61a:	6f 8f       	std	Y+31, r22	; 0x1f
     61c:	78 a3       	std	Y+32, r23	; 0x20
     61e:	83 e0       	ldi	r24, 0x03	; 3
     620:	89 8f       	std	Y+25, r24	; 0x19
     622:	ce 01       	movw	r24, r28
     624:	49 96       	adiw	r24, 0x19	; 25
     626:	0e 94 fd 03 	call	0x7fa	; 0x7fa <__pack_f>
     62a:	a0 96       	adiw	r28, 0x20	; 32
     62c:	e2 e1       	ldi	r30, 0x12	; 18
     62e:	0c 94 b8 12 	jmp	0x2570	; 0x2570 <__epilogue_restores__>

00000632 <__gtsf2>:
     632:	a8 e1       	ldi	r26, 0x18	; 24
     634:	b0 e0       	ldi	r27, 0x00	; 0
     636:	ef e1       	ldi	r30, 0x1F	; 31
     638:	f3 e0       	ldi	r31, 0x03	; 3
     63a:	0c 94 a8 12 	jmp	0x2550	; 0x2550 <__prologue_saves__+0x18>
     63e:	69 83       	std	Y+1, r22	; 0x01
     640:	7a 83       	std	Y+2, r23	; 0x02
     642:	8b 83       	std	Y+3, r24	; 0x03
     644:	9c 83       	std	Y+4, r25	; 0x04
     646:	2d 83       	std	Y+5, r18	; 0x05
     648:	3e 83       	std	Y+6, r19	; 0x06
     64a:	4f 83       	std	Y+7, r20	; 0x07
     64c:	58 87       	std	Y+8, r21	; 0x08
     64e:	89 e0       	ldi	r24, 0x09	; 9
     650:	e8 2e       	mov	r14, r24
     652:	f1 2c       	mov	r15, r1
     654:	ec 0e       	add	r14, r28
     656:	fd 1e       	adc	r15, r29
     658:	ce 01       	movw	r24, r28
     65a:	01 96       	adiw	r24, 0x01	; 1
     65c:	b7 01       	movw	r22, r14
     65e:	0e 94 d2 04 	call	0x9a4	; 0x9a4 <__unpack_f>
     662:	8e 01       	movw	r16, r28
     664:	0f 5e       	subi	r16, 0xEF	; 239
     666:	1f 4f       	sbci	r17, 0xFF	; 255
     668:	ce 01       	movw	r24, r28
     66a:	05 96       	adiw	r24, 0x05	; 5
     66c:	b8 01       	movw	r22, r16
     66e:	0e 94 d2 04 	call	0x9a4	; 0x9a4 <__unpack_f>
     672:	89 85       	ldd	r24, Y+9	; 0x09
     674:	82 30       	cpi	r24, 0x02	; 2
     676:	40 f0       	brcs	.+16     	; 0x688 <__gtsf2+0x56>
     678:	89 89       	ldd	r24, Y+17	; 0x11
     67a:	82 30       	cpi	r24, 0x02	; 2
     67c:	28 f0       	brcs	.+10     	; 0x688 <__gtsf2+0x56>
     67e:	c7 01       	movw	r24, r14
     680:	b8 01       	movw	r22, r16
     682:	0e 94 4a 05 	call	0xa94	; 0xa94 <__fpcmp_parts_f>
     686:	01 c0       	rjmp	.+2      	; 0x68a <__gtsf2+0x58>
     688:	8f ef       	ldi	r24, 0xFF	; 255
     68a:	68 96       	adiw	r28, 0x18	; 24
     68c:	e6 e0       	ldi	r30, 0x06	; 6
     68e:	0c 94 c4 12 	jmp	0x2588	; 0x2588 <__epilogue_restores__+0x18>

00000692 <__gesf2>:
     692:	a8 e1       	ldi	r26, 0x18	; 24
     694:	b0 e0       	ldi	r27, 0x00	; 0
     696:	ef e4       	ldi	r30, 0x4F	; 79
     698:	f3 e0       	ldi	r31, 0x03	; 3
     69a:	0c 94 a8 12 	jmp	0x2550	; 0x2550 <__prologue_saves__+0x18>
     69e:	69 83       	std	Y+1, r22	; 0x01
     6a0:	7a 83       	std	Y+2, r23	; 0x02
     6a2:	8b 83       	std	Y+3, r24	; 0x03
     6a4:	9c 83       	std	Y+4, r25	; 0x04
     6a6:	2d 83       	std	Y+5, r18	; 0x05
     6a8:	3e 83       	std	Y+6, r19	; 0x06
     6aa:	4f 83       	std	Y+7, r20	; 0x07
     6ac:	58 87       	std	Y+8, r21	; 0x08
     6ae:	89 e0       	ldi	r24, 0x09	; 9
     6b0:	e8 2e       	mov	r14, r24
     6b2:	f1 2c       	mov	r15, r1
     6b4:	ec 0e       	add	r14, r28
     6b6:	fd 1e       	adc	r15, r29
     6b8:	ce 01       	movw	r24, r28
     6ba:	01 96       	adiw	r24, 0x01	; 1
     6bc:	b7 01       	movw	r22, r14
     6be:	0e 94 d2 04 	call	0x9a4	; 0x9a4 <__unpack_f>
     6c2:	8e 01       	movw	r16, r28
     6c4:	0f 5e       	subi	r16, 0xEF	; 239
     6c6:	1f 4f       	sbci	r17, 0xFF	; 255
     6c8:	ce 01       	movw	r24, r28
     6ca:	05 96       	adiw	r24, 0x05	; 5
     6cc:	b8 01       	movw	r22, r16
     6ce:	0e 94 d2 04 	call	0x9a4	; 0x9a4 <__unpack_f>
     6d2:	89 85       	ldd	r24, Y+9	; 0x09
     6d4:	82 30       	cpi	r24, 0x02	; 2
     6d6:	40 f0       	brcs	.+16     	; 0x6e8 <__gesf2+0x56>
     6d8:	89 89       	ldd	r24, Y+17	; 0x11
     6da:	82 30       	cpi	r24, 0x02	; 2
     6dc:	28 f0       	brcs	.+10     	; 0x6e8 <__gesf2+0x56>
     6de:	c7 01       	movw	r24, r14
     6e0:	b8 01       	movw	r22, r16
     6e2:	0e 94 4a 05 	call	0xa94	; 0xa94 <__fpcmp_parts_f>
     6e6:	01 c0       	rjmp	.+2      	; 0x6ea <__gesf2+0x58>
     6e8:	8f ef       	ldi	r24, 0xFF	; 255
     6ea:	68 96       	adiw	r28, 0x18	; 24
     6ec:	e6 e0       	ldi	r30, 0x06	; 6
     6ee:	0c 94 c4 12 	jmp	0x2588	; 0x2588 <__epilogue_restores__+0x18>

000006f2 <__ltsf2>:
     6f2:	a8 e1       	ldi	r26, 0x18	; 24
     6f4:	b0 e0       	ldi	r27, 0x00	; 0
     6f6:	ef e7       	ldi	r30, 0x7F	; 127
     6f8:	f3 e0       	ldi	r31, 0x03	; 3
     6fa:	0c 94 a8 12 	jmp	0x2550	; 0x2550 <__prologue_saves__+0x18>
     6fe:	69 83       	std	Y+1, r22	; 0x01
     700:	7a 83       	std	Y+2, r23	; 0x02
     702:	8b 83       	std	Y+3, r24	; 0x03
     704:	9c 83       	std	Y+4, r25	; 0x04
     706:	2d 83       	std	Y+5, r18	; 0x05
     708:	3e 83       	std	Y+6, r19	; 0x06
     70a:	4f 83       	std	Y+7, r20	; 0x07
     70c:	58 87       	std	Y+8, r21	; 0x08
     70e:	89 e0       	ldi	r24, 0x09	; 9
     710:	e8 2e       	mov	r14, r24
     712:	f1 2c       	mov	r15, r1
     714:	ec 0e       	add	r14, r28
     716:	fd 1e       	adc	r15, r29
     718:	ce 01       	movw	r24, r28
     71a:	01 96       	adiw	r24, 0x01	; 1
     71c:	b7 01       	movw	r22, r14
     71e:	0e 94 d2 04 	call	0x9a4	; 0x9a4 <__unpack_f>
     722:	8e 01       	movw	r16, r28
     724:	0f 5e       	subi	r16, 0xEF	; 239
     726:	1f 4f       	sbci	r17, 0xFF	; 255
     728:	ce 01       	movw	r24, r28
     72a:	05 96       	adiw	r24, 0x05	; 5
     72c:	b8 01       	movw	r22, r16
     72e:	0e 94 d2 04 	call	0x9a4	; 0x9a4 <__unpack_f>
     732:	89 85       	ldd	r24, Y+9	; 0x09
     734:	82 30       	cpi	r24, 0x02	; 2
     736:	40 f0       	brcs	.+16     	; 0x748 <__ltsf2+0x56>
     738:	89 89       	ldd	r24, Y+17	; 0x11
     73a:	82 30       	cpi	r24, 0x02	; 2
     73c:	28 f0       	brcs	.+10     	; 0x748 <__ltsf2+0x56>
     73e:	c7 01       	movw	r24, r14
     740:	b8 01       	movw	r22, r16
     742:	0e 94 4a 05 	call	0xa94	; 0xa94 <__fpcmp_parts_f>
     746:	01 c0       	rjmp	.+2      	; 0x74a <__ltsf2+0x58>
     748:	81 e0       	ldi	r24, 0x01	; 1
     74a:	68 96       	adiw	r28, 0x18	; 24
     74c:	e6 e0       	ldi	r30, 0x06	; 6
     74e:	0c 94 c4 12 	jmp	0x2588	; 0x2588 <__epilogue_restores__+0x18>

00000752 <__fixsfsi>:
     752:	ac e0       	ldi	r26, 0x0C	; 12
     754:	b0 e0       	ldi	r27, 0x00	; 0
     756:	ef ea       	ldi	r30, 0xAF	; 175
     758:	f3 e0       	ldi	r31, 0x03	; 3
     75a:	0c 94 ac 12 	jmp	0x2558	; 0x2558 <__prologue_saves__+0x20>
     75e:	69 83       	std	Y+1, r22	; 0x01
     760:	7a 83       	std	Y+2, r23	; 0x02
     762:	8b 83       	std	Y+3, r24	; 0x03
     764:	9c 83       	std	Y+4, r25	; 0x04
     766:	ce 01       	movw	r24, r28
     768:	01 96       	adiw	r24, 0x01	; 1
     76a:	be 01       	movw	r22, r28
     76c:	6b 5f       	subi	r22, 0xFB	; 251
     76e:	7f 4f       	sbci	r23, 0xFF	; 255
     770:	0e 94 d2 04 	call	0x9a4	; 0x9a4 <__unpack_f>
     774:	8d 81       	ldd	r24, Y+5	; 0x05
     776:	82 30       	cpi	r24, 0x02	; 2
     778:	61 f1       	breq	.+88     	; 0x7d2 <__fixsfsi+0x80>
     77a:	82 30       	cpi	r24, 0x02	; 2
     77c:	50 f1       	brcs	.+84     	; 0x7d2 <__fixsfsi+0x80>
     77e:	84 30       	cpi	r24, 0x04	; 4
     780:	21 f4       	brne	.+8      	; 0x78a <__fixsfsi+0x38>
     782:	8e 81       	ldd	r24, Y+6	; 0x06
     784:	88 23       	and	r24, r24
     786:	51 f1       	breq	.+84     	; 0x7dc <__fixsfsi+0x8a>
     788:	2e c0       	rjmp	.+92     	; 0x7e6 <__fixsfsi+0x94>
     78a:	2f 81       	ldd	r18, Y+7	; 0x07
     78c:	38 85       	ldd	r19, Y+8	; 0x08
     78e:	37 fd       	sbrc	r19, 7
     790:	20 c0       	rjmp	.+64     	; 0x7d2 <__fixsfsi+0x80>
     792:	6e 81       	ldd	r22, Y+6	; 0x06
     794:	2f 31       	cpi	r18, 0x1F	; 31
     796:	31 05       	cpc	r19, r1
     798:	1c f0       	brlt	.+6      	; 0x7a0 <__fixsfsi+0x4e>
     79a:	66 23       	and	r22, r22
     79c:	f9 f0       	breq	.+62     	; 0x7dc <__fixsfsi+0x8a>
     79e:	23 c0       	rjmp	.+70     	; 0x7e6 <__fixsfsi+0x94>
     7a0:	8e e1       	ldi	r24, 0x1E	; 30
     7a2:	90 e0       	ldi	r25, 0x00	; 0
     7a4:	82 1b       	sub	r24, r18
     7a6:	93 0b       	sbc	r25, r19
     7a8:	29 85       	ldd	r18, Y+9	; 0x09
     7aa:	3a 85       	ldd	r19, Y+10	; 0x0a
     7ac:	4b 85       	ldd	r20, Y+11	; 0x0b
     7ae:	5c 85       	ldd	r21, Y+12	; 0x0c
     7b0:	04 c0       	rjmp	.+8      	; 0x7ba <__fixsfsi+0x68>
     7b2:	56 95       	lsr	r21
     7b4:	47 95       	ror	r20
     7b6:	37 95       	ror	r19
     7b8:	27 95       	ror	r18
     7ba:	8a 95       	dec	r24
     7bc:	d2 f7       	brpl	.-12     	; 0x7b2 <__fixsfsi+0x60>
     7be:	66 23       	and	r22, r22
     7c0:	b1 f0       	breq	.+44     	; 0x7ee <__fixsfsi+0x9c>
     7c2:	50 95       	com	r21
     7c4:	40 95       	com	r20
     7c6:	30 95       	com	r19
     7c8:	21 95       	neg	r18
     7ca:	3f 4f       	sbci	r19, 0xFF	; 255
     7cc:	4f 4f       	sbci	r20, 0xFF	; 255
     7ce:	5f 4f       	sbci	r21, 0xFF	; 255
     7d0:	0e c0       	rjmp	.+28     	; 0x7ee <__fixsfsi+0x9c>
     7d2:	20 e0       	ldi	r18, 0x00	; 0
     7d4:	30 e0       	ldi	r19, 0x00	; 0
     7d6:	40 e0       	ldi	r20, 0x00	; 0
     7d8:	50 e0       	ldi	r21, 0x00	; 0
     7da:	09 c0       	rjmp	.+18     	; 0x7ee <__fixsfsi+0x9c>
     7dc:	2f ef       	ldi	r18, 0xFF	; 255
     7de:	3f ef       	ldi	r19, 0xFF	; 255
     7e0:	4f ef       	ldi	r20, 0xFF	; 255
     7e2:	5f e7       	ldi	r21, 0x7F	; 127
     7e4:	04 c0       	rjmp	.+8      	; 0x7ee <__fixsfsi+0x9c>
     7e6:	20 e0       	ldi	r18, 0x00	; 0
     7e8:	30 e0       	ldi	r19, 0x00	; 0
     7ea:	40 e0       	ldi	r20, 0x00	; 0
     7ec:	50 e8       	ldi	r21, 0x80	; 128
     7ee:	b9 01       	movw	r22, r18
     7f0:	ca 01       	movw	r24, r20
     7f2:	2c 96       	adiw	r28, 0x0c	; 12
     7f4:	e2 e0       	ldi	r30, 0x02	; 2
     7f6:	0c 94 c8 12 	jmp	0x2590	; 0x2590 <__epilogue_restores__+0x20>

000007fa <__pack_f>:
     7fa:	df 92       	push	r13
     7fc:	ef 92       	push	r14
     7fe:	ff 92       	push	r15
     800:	0f 93       	push	r16
     802:	1f 93       	push	r17
     804:	fc 01       	movw	r30, r24
     806:	e4 80       	ldd	r14, Z+4	; 0x04
     808:	f5 80       	ldd	r15, Z+5	; 0x05
     80a:	06 81       	ldd	r16, Z+6	; 0x06
     80c:	17 81       	ldd	r17, Z+7	; 0x07
     80e:	d1 80       	ldd	r13, Z+1	; 0x01
     810:	80 81       	ld	r24, Z
     812:	82 30       	cpi	r24, 0x02	; 2
     814:	48 f4       	brcc	.+18     	; 0x828 <__pack_f+0x2e>
     816:	80 e0       	ldi	r24, 0x00	; 0
     818:	90 e0       	ldi	r25, 0x00	; 0
     81a:	a0 e1       	ldi	r26, 0x10	; 16
     81c:	b0 e0       	ldi	r27, 0x00	; 0
     81e:	e8 2a       	or	r14, r24
     820:	f9 2a       	or	r15, r25
     822:	0a 2b       	or	r16, r26
     824:	1b 2b       	or	r17, r27
     826:	a5 c0       	rjmp	.+330    	; 0x972 <__stack+0x113>
     828:	84 30       	cpi	r24, 0x04	; 4
     82a:	09 f4       	brne	.+2      	; 0x82e <__pack_f+0x34>
     82c:	9f c0       	rjmp	.+318    	; 0x96c <__stack+0x10d>
     82e:	82 30       	cpi	r24, 0x02	; 2
     830:	21 f4       	brne	.+8      	; 0x83a <__pack_f+0x40>
     832:	ee 24       	eor	r14, r14
     834:	ff 24       	eor	r15, r15
     836:	87 01       	movw	r16, r14
     838:	05 c0       	rjmp	.+10     	; 0x844 <__pack_f+0x4a>
     83a:	e1 14       	cp	r14, r1
     83c:	f1 04       	cpc	r15, r1
     83e:	01 05       	cpc	r16, r1
     840:	11 05       	cpc	r17, r1
     842:	19 f4       	brne	.+6      	; 0x84a <__pack_f+0x50>
     844:	e0 e0       	ldi	r30, 0x00	; 0
     846:	f0 e0       	ldi	r31, 0x00	; 0
     848:	96 c0       	rjmp	.+300    	; 0x976 <__stack+0x117>
     84a:	62 81       	ldd	r22, Z+2	; 0x02
     84c:	73 81       	ldd	r23, Z+3	; 0x03
     84e:	9f ef       	ldi	r25, 0xFF	; 255
     850:	62 38       	cpi	r22, 0x82	; 130
     852:	79 07       	cpc	r23, r25
     854:	0c f0       	brlt	.+2      	; 0x858 <__pack_f+0x5e>
     856:	5b c0       	rjmp	.+182    	; 0x90e <__stack+0xaf>
     858:	22 e8       	ldi	r18, 0x82	; 130
     85a:	3f ef       	ldi	r19, 0xFF	; 255
     85c:	26 1b       	sub	r18, r22
     85e:	37 0b       	sbc	r19, r23
     860:	2a 31       	cpi	r18, 0x1A	; 26
     862:	31 05       	cpc	r19, r1
     864:	2c f0       	brlt	.+10     	; 0x870 <__stack+0x11>
     866:	20 e0       	ldi	r18, 0x00	; 0
     868:	30 e0       	ldi	r19, 0x00	; 0
     86a:	40 e0       	ldi	r20, 0x00	; 0
     86c:	50 e0       	ldi	r21, 0x00	; 0
     86e:	2a c0       	rjmp	.+84     	; 0x8c4 <__stack+0x65>
     870:	b8 01       	movw	r22, r16
     872:	a7 01       	movw	r20, r14
     874:	02 2e       	mov	r0, r18
     876:	04 c0       	rjmp	.+8      	; 0x880 <__stack+0x21>
     878:	76 95       	lsr	r23
     87a:	67 95       	ror	r22
     87c:	57 95       	ror	r21
     87e:	47 95       	ror	r20
     880:	0a 94       	dec	r0
     882:	d2 f7       	brpl	.-12     	; 0x878 <__stack+0x19>
     884:	81 e0       	ldi	r24, 0x01	; 1
     886:	90 e0       	ldi	r25, 0x00	; 0
     888:	a0 e0       	ldi	r26, 0x00	; 0
     88a:	b0 e0       	ldi	r27, 0x00	; 0
     88c:	04 c0       	rjmp	.+8      	; 0x896 <__stack+0x37>
     88e:	88 0f       	add	r24, r24
     890:	99 1f       	adc	r25, r25
     892:	aa 1f       	adc	r26, r26
     894:	bb 1f       	adc	r27, r27
     896:	2a 95       	dec	r18
     898:	d2 f7       	brpl	.-12     	; 0x88e <__stack+0x2f>
     89a:	01 97       	sbiw	r24, 0x01	; 1
     89c:	a1 09       	sbc	r26, r1
     89e:	b1 09       	sbc	r27, r1
     8a0:	8e 21       	and	r24, r14
     8a2:	9f 21       	and	r25, r15
     8a4:	a0 23       	and	r26, r16
     8a6:	b1 23       	and	r27, r17
     8a8:	00 97       	sbiw	r24, 0x00	; 0
     8aa:	a1 05       	cpc	r26, r1
     8ac:	b1 05       	cpc	r27, r1
     8ae:	21 f0       	breq	.+8      	; 0x8b8 <__stack+0x59>
     8b0:	81 e0       	ldi	r24, 0x01	; 1
     8b2:	90 e0       	ldi	r25, 0x00	; 0
     8b4:	a0 e0       	ldi	r26, 0x00	; 0
     8b6:	b0 e0       	ldi	r27, 0x00	; 0
     8b8:	9a 01       	movw	r18, r20
     8ba:	ab 01       	movw	r20, r22
     8bc:	28 2b       	or	r18, r24
     8be:	39 2b       	or	r19, r25
     8c0:	4a 2b       	or	r20, r26
     8c2:	5b 2b       	or	r21, r27
     8c4:	da 01       	movw	r26, r20
     8c6:	c9 01       	movw	r24, r18
     8c8:	8f 77       	andi	r24, 0x7F	; 127
     8ca:	90 70       	andi	r25, 0x00	; 0
     8cc:	a0 70       	andi	r26, 0x00	; 0
     8ce:	b0 70       	andi	r27, 0x00	; 0
     8d0:	80 34       	cpi	r24, 0x40	; 64
     8d2:	91 05       	cpc	r25, r1
     8d4:	a1 05       	cpc	r26, r1
     8d6:	b1 05       	cpc	r27, r1
     8d8:	39 f4       	brne	.+14     	; 0x8e8 <__stack+0x89>
     8da:	27 ff       	sbrs	r18, 7
     8dc:	09 c0       	rjmp	.+18     	; 0x8f0 <__stack+0x91>
     8de:	20 5c       	subi	r18, 0xC0	; 192
     8e0:	3f 4f       	sbci	r19, 0xFF	; 255
     8e2:	4f 4f       	sbci	r20, 0xFF	; 255
     8e4:	5f 4f       	sbci	r21, 0xFF	; 255
     8e6:	04 c0       	rjmp	.+8      	; 0x8f0 <__stack+0x91>
     8e8:	21 5c       	subi	r18, 0xC1	; 193
     8ea:	3f 4f       	sbci	r19, 0xFF	; 255
     8ec:	4f 4f       	sbci	r20, 0xFF	; 255
     8ee:	5f 4f       	sbci	r21, 0xFF	; 255
     8f0:	e0 e0       	ldi	r30, 0x00	; 0
     8f2:	f0 e0       	ldi	r31, 0x00	; 0
     8f4:	20 30       	cpi	r18, 0x00	; 0
     8f6:	a0 e0       	ldi	r26, 0x00	; 0
     8f8:	3a 07       	cpc	r19, r26
     8fa:	a0 e0       	ldi	r26, 0x00	; 0
     8fc:	4a 07       	cpc	r20, r26
     8fe:	a0 e4       	ldi	r26, 0x40	; 64
     900:	5a 07       	cpc	r21, r26
     902:	10 f0       	brcs	.+4      	; 0x908 <__stack+0xa9>
     904:	e1 e0       	ldi	r30, 0x01	; 1
     906:	f0 e0       	ldi	r31, 0x00	; 0
     908:	79 01       	movw	r14, r18
     90a:	8a 01       	movw	r16, r20
     90c:	27 c0       	rjmp	.+78     	; 0x95c <__stack+0xfd>
     90e:	60 38       	cpi	r22, 0x80	; 128
     910:	71 05       	cpc	r23, r1
     912:	64 f5       	brge	.+88     	; 0x96c <__stack+0x10d>
     914:	fb 01       	movw	r30, r22
     916:	e1 58       	subi	r30, 0x81	; 129
     918:	ff 4f       	sbci	r31, 0xFF	; 255
     91a:	d8 01       	movw	r26, r16
     91c:	c7 01       	movw	r24, r14
     91e:	8f 77       	andi	r24, 0x7F	; 127
     920:	90 70       	andi	r25, 0x00	; 0
     922:	a0 70       	andi	r26, 0x00	; 0
     924:	b0 70       	andi	r27, 0x00	; 0
     926:	80 34       	cpi	r24, 0x40	; 64
     928:	91 05       	cpc	r25, r1
     92a:	a1 05       	cpc	r26, r1
     92c:	b1 05       	cpc	r27, r1
     92e:	39 f4       	brne	.+14     	; 0x93e <__stack+0xdf>
     930:	e7 fe       	sbrs	r14, 7
     932:	0d c0       	rjmp	.+26     	; 0x94e <__stack+0xef>
     934:	80 e4       	ldi	r24, 0x40	; 64
     936:	90 e0       	ldi	r25, 0x00	; 0
     938:	a0 e0       	ldi	r26, 0x00	; 0
     93a:	b0 e0       	ldi	r27, 0x00	; 0
     93c:	04 c0       	rjmp	.+8      	; 0x946 <__stack+0xe7>
     93e:	8f e3       	ldi	r24, 0x3F	; 63
     940:	90 e0       	ldi	r25, 0x00	; 0
     942:	a0 e0       	ldi	r26, 0x00	; 0
     944:	b0 e0       	ldi	r27, 0x00	; 0
     946:	e8 0e       	add	r14, r24
     948:	f9 1e       	adc	r15, r25
     94a:	0a 1f       	adc	r16, r26
     94c:	1b 1f       	adc	r17, r27
     94e:	17 ff       	sbrs	r17, 7
     950:	05 c0       	rjmp	.+10     	; 0x95c <__stack+0xfd>
     952:	16 95       	lsr	r17
     954:	07 95       	ror	r16
     956:	f7 94       	ror	r15
     958:	e7 94       	ror	r14
     95a:	31 96       	adiw	r30, 0x01	; 1
     95c:	87 e0       	ldi	r24, 0x07	; 7
     95e:	16 95       	lsr	r17
     960:	07 95       	ror	r16
     962:	f7 94       	ror	r15
     964:	e7 94       	ror	r14
     966:	8a 95       	dec	r24
     968:	d1 f7       	brne	.-12     	; 0x95e <__stack+0xff>
     96a:	05 c0       	rjmp	.+10     	; 0x976 <__stack+0x117>
     96c:	ee 24       	eor	r14, r14
     96e:	ff 24       	eor	r15, r15
     970:	87 01       	movw	r16, r14
     972:	ef ef       	ldi	r30, 0xFF	; 255
     974:	f0 e0       	ldi	r31, 0x00	; 0
     976:	6e 2f       	mov	r22, r30
     978:	67 95       	ror	r22
     97a:	66 27       	eor	r22, r22
     97c:	67 95       	ror	r22
     97e:	90 2f       	mov	r25, r16
     980:	9f 77       	andi	r25, 0x7F	; 127
     982:	d7 94       	ror	r13
     984:	dd 24       	eor	r13, r13
     986:	d7 94       	ror	r13
     988:	8e 2f       	mov	r24, r30
     98a:	86 95       	lsr	r24
     98c:	49 2f       	mov	r20, r25
     98e:	46 2b       	or	r20, r22
     990:	58 2f       	mov	r21, r24
     992:	5d 29       	or	r21, r13
     994:	b7 01       	movw	r22, r14
     996:	ca 01       	movw	r24, r20
     998:	1f 91       	pop	r17
     99a:	0f 91       	pop	r16
     99c:	ff 90       	pop	r15
     99e:	ef 90       	pop	r14
     9a0:	df 90       	pop	r13
     9a2:	08 95       	ret

000009a4 <__unpack_f>:
     9a4:	fc 01       	movw	r30, r24
     9a6:	db 01       	movw	r26, r22
     9a8:	40 81       	ld	r20, Z
     9aa:	51 81       	ldd	r21, Z+1	; 0x01
     9ac:	22 81       	ldd	r18, Z+2	; 0x02
     9ae:	62 2f       	mov	r22, r18
     9b0:	6f 77       	andi	r22, 0x7F	; 127
     9b2:	70 e0       	ldi	r23, 0x00	; 0
     9b4:	22 1f       	adc	r18, r18
     9b6:	22 27       	eor	r18, r18
     9b8:	22 1f       	adc	r18, r18
     9ba:	93 81       	ldd	r25, Z+3	; 0x03
     9bc:	89 2f       	mov	r24, r25
     9be:	88 0f       	add	r24, r24
     9c0:	82 2b       	or	r24, r18
     9c2:	28 2f       	mov	r18, r24
     9c4:	30 e0       	ldi	r19, 0x00	; 0
     9c6:	99 1f       	adc	r25, r25
     9c8:	99 27       	eor	r25, r25
     9ca:	99 1f       	adc	r25, r25
     9cc:	11 96       	adiw	r26, 0x01	; 1
     9ce:	9c 93       	st	X, r25
     9d0:	11 97       	sbiw	r26, 0x01	; 1
     9d2:	21 15       	cp	r18, r1
     9d4:	31 05       	cpc	r19, r1
     9d6:	a9 f5       	brne	.+106    	; 0xa42 <__unpack_f+0x9e>
     9d8:	41 15       	cp	r20, r1
     9da:	51 05       	cpc	r21, r1
     9dc:	61 05       	cpc	r22, r1
     9de:	71 05       	cpc	r23, r1
     9e0:	11 f4       	brne	.+4      	; 0x9e6 <__unpack_f+0x42>
     9e2:	82 e0       	ldi	r24, 0x02	; 2
     9e4:	37 c0       	rjmp	.+110    	; 0xa54 <__unpack_f+0xb0>
     9e6:	82 e8       	ldi	r24, 0x82	; 130
     9e8:	9f ef       	ldi	r25, 0xFF	; 255
     9ea:	13 96       	adiw	r26, 0x03	; 3
     9ec:	9c 93       	st	X, r25
     9ee:	8e 93       	st	-X, r24
     9f0:	12 97       	sbiw	r26, 0x02	; 2
     9f2:	9a 01       	movw	r18, r20
     9f4:	ab 01       	movw	r20, r22
     9f6:	67 e0       	ldi	r22, 0x07	; 7
     9f8:	22 0f       	add	r18, r18
     9fa:	33 1f       	adc	r19, r19
     9fc:	44 1f       	adc	r20, r20
     9fe:	55 1f       	adc	r21, r21
     a00:	6a 95       	dec	r22
     a02:	d1 f7       	brne	.-12     	; 0x9f8 <__unpack_f+0x54>
     a04:	83 e0       	ldi	r24, 0x03	; 3
     a06:	8c 93       	st	X, r24
     a08:	0d c0       	rjmp	.+26     	; 0xa24 <__unpack_f+0x80>
     a0a:	22 0f       	add	r18, r18
     a0c:	33 1f       	adc	r19, r19
     a0e:	44 1f       	adc	r20, r20
     a10:	55 1f       	adc	r21, r21
     a12:	12 96       	adiw	r26, 0x02	; 2
     a14:	8d 91       	ld	r24, X+
     a16:	9c 91       	ld	r25, X
     a18:	13 97       	sbiw	r26, 0x03	; 3
     a1a:	01 97       	sbiw	r24, 0x01	; 1
     a1c:	13 96       	adiw	r26, 0x03	; 3
     a1e:	9c 93       	st	X, r25
     a20:	8e 93       	st	-X, r24
     a22:	12 97       	sbiw	r26, 0x02	; 2
     a24:	20 30       	cpi	r18, 0x00	; 0
     a26:	80 e0       	ldi	r24, 0x00	; 0
     a28:	38 07       	cpc	r19, r24
     a2a:	80 e0       	ldi	r24, 0x00	; 0
     a2c:	48 07       	cpc	r20, r24
     a2e:	80 e4       	ldi	r24, 0x40	; 64
     a30:	58 07       	cpc	r21, r24
     a32:	58 f3       	brcs	.-42     	; 0xa0a <__unpack_f+0x66>
     a34:	14 96       	adiw	r26, 0x04	; 4
     a36:	2d 93       	st	X+, r18
     a38:	3d 93       	st	X+, r19
     a3a:	4d 93       	st	X+, r20
     a3c:	5c 93       	st	X, r21
     a3e:	17 97       	sbiw	r26, 0x07	; 7
     a40:	08 95       	ret
     a42:	2f 3f       	cpi	r18, 0xFF	; 255
     a44:	31 05       	cpc	r19, r1
     a46:	79 f4       	brne	.+30     	; 0xa66 <__unpack_f+0xc2>
     a48:	41 15       	cp	r20, r1
     a4a:	51 05       	cpc	r21, r1
     a4c:	61 05       	cpc	r22, r1
     a4e:	71 05       	cpc	r23, r1
     a50:	19 f4       	brne	.+6      	; 0xa58 <__unpack_f+0xb4>
     a52:	84 e0       	ldi	r24, 0x04	; 4
     a54:	8c 93       	st	X, r24
     a56:	08 95       	ret
     a58:	64 ff       	sbrs	r22, 4
     a5a:	03 c0       	rjmp	.+6      	; 0xa62 <__unpack_f+0xbe>
     a5c:	81 e0       	ldi	r24, 0x01	; 1
     a5e:	8c 93       	st	X, r24
     a60:	12 c0       	rjmp	.+36     	; 0xa86 <__unpack_f+0xe2>
     a62:	1c 92       	st	X, r1
     a64:	10 c0       	rjmp	.+32     	; 0xa86 <__unpack_f+0xe2>
     a66:	2f 57       	subi	r18, 0x7F	; 127
     a68:	30 40       	sbci	r19, 0x00	; 0
     a6a:	13 96       	adiw	r26, 0x03	; 3
     a6c:	3c 93       	st	X, r19
     a6e:	2e 93       	st	-X, r18
     a70:	12 97       	sbiw	r26, 0x02	; 2
     a72:	83 e0       	ldi	r24, 0x03	; 3
     a74:	8c 93       	st	X, r24
     a76:	87 e0       	ldi	r24, 0x07	; 7
     a78:	44 0f       	add	r20, r20
     a7a:	55 1f       	adc	r21, r21
     a7c:	66 1f       	adc	r22, r22
     a7e:	77 1f       	adc	r23, r23
     a80:	8a 95       	dec	r24
     a82:	d1 f7       	brne	.-12     	; 0xa78 <__unpack_f+0xd4>
     a84:	70 64       	ori	r23, 0x40	; 64
     a86:	14 96       	adiw	r26, 0x04	; 4
     a88:	4d 93       	st	X+, r20
     a8a:	5d 93       	st	X+, r21
     a8c:	6d 93       	st	X+, r22
     a8e:	7c 93       	st	X, r23
     a90:	17 97       	sbiw	r26, 0x07	; 7
     a92:	08 95       	ret

00000a94 <__fpcmp_parts_f>:
     a94:	1f 93       	push	r17
     a96:	dc 01       	movw	r26, r24
     a98:	fb 01       	movw	r30, r22
     a9a:	9c 91       	ld	r25, X
     a9c:	92 30       	cpi	r25, 0x02	; 2
     a9e:	08 f4       	brcc	.+2      	; 0xaa2 <__fpcmp_parts_f+0xe>
     aa0:	47 c0       	rjmp	.+142    	; 0xb30 <__fpcmp_parts_f+0x9c>
     aa2:	80 81       	ld	r24, Z
     aa4:	82 30       	cpi	r24, 0x02	; 2
     aa6:	08 f4       	brcc	.+2      	; 0xaaa <__fpcmp_parts_f+0x16>
     aa8:	43 c0       	rjmp	.+134    	; 0xb30 <__fpcmp_parts_f+0x9c>
     aaa:	94 30       	cpi	r25, 0x04	; 4
     aac:	51 f4       	brne	.+20     	; 0xac2 <__fpcmp_parts_f+0x2e>
     aae:	11 96       	adiw	r26, 0x01	; 1
     ab0:	1c 91       	ld	r17, X
     ab2:	84 30       	cpi	r24, 0x04	; 4
     ab4:	99 f5       	brne	.+102    	; 0xb1c <__fpcmp_parts_f+0x88>
     ab6:	81 81       	ldd	r24, Z+1	; 0x01
     ab8:	68 2f       	mov	r22, r24
     aba:	70 e0       	ldi	r23, 0x00	; 0
     abc:	61 1b       	sub	r22, r17
     abe:	71 09       	sbc	r23, r1
     ac0:	3f c0       	rjmp	.+126    	; 0xb40 <__fpcmp_parts_f+0xac>
     ac2:	84 30       	cpi	r24, 0x04	; 4
     ac4:	21 f0       	breq	.+8      	; 0xace <__fpcmp_parts_f+0x3a>
     ac6:	92 30       	cpi	r25, 0x02	; 2
     ac8:	31 f4       	brne	.+12     	; 0xad6 <__fpcmp_parts_f+0x42>
     aca:	82 30       	cpi	r24, 0x02	; 2
     acc:	b9 f1       	breq	.+110    	; 0xb3c <__fpcmp_parts_f+0xa8>
     ace:	81 81       	ldd	r24, Z+1	; 0x01
     ad0:	88 23       	and	r24, r24
     ad2:	89 f1       	breq	.+98     	; 0xb36 <__fpcmp_parts_f+0xa2>
     ad4:	2d c0       	rjmp	.+90     	; 0xb30 <__fpcmp_parts_f+0x9c>
     ad6:	11 96       	adiw	r26, 0x01	; 1
     ad8:	1c 91       	ld	r17, X
     ada:	11 97       	sbiw	r26, 0x01	; 1
     adc:	82 30       	cpi	r24, 0x02	; 2
     ade:	f1 f0       	breq	.+60     	; 0xb1c <__fpcmp_parts_f+0x88>
     ae0:	81 81       	ldd	r24, Z+1	; 0x01
     ae2:	18 17       	cp	r17, r24
     ae4:	d9 f4       	brne	.+54     	; 0xb1c <__fpcmp_parts_f+0x88>
     ae6:	12 96       	adiw	r26, 0x02	; 2
     ae8:	2d 91       	ld	r18, X+
     aea:	3c 91       	ld	r19, X
     aec:	13 97       	sbiw	r26, 0x03	; 3
     aee:	82 81       	ldd	r24, Z+2	; 0x02
     af0:	93 81       	ldd	r25, Z+3	; 0x03
     af2:	82 17       	cp	r24, r18
     af4:	93 07       	cpc	r25, r19
     af6:	94 f0       	brlt	.+36     	; 0xb1c <__fpcmp_parts_f+0x88>
     af8:	28 17       	cp	r18, r24
     afa:	39 07       	cpc	r19, r25
     afc:	bc f0       	brlt	.+46     	; 0xb2c <__fpcmp_parts_f+0x98>
     afe:	14 96       	adiw	r26, 0x04	; 4
     b00:	8d 91       	ld	r24, X+
     b02:	9d 91       	ld	r25, X+
     b04:	0d 90       	ld	r0, X+
     b06:	bc 91       	ld	r27, X
     b08:	a0 2d       	mov	r26, r0
     b0a:	24 81       	ldd	r18, Z+4	; 0x04
     b0c:	35 81       	ldd	r19, Z+5	; 0x05
     b0e:	46 81       	ldd	r20, Z+6	; 0x06
     b10:	57 81       	ldd	r21, Z+7	; 0x07
     b12:	28 17       	cp	r18, r24
     b14:	39 07       	cpc	r19, r25
     b16:	4a 07       	cpc	r20, r26
     b18:	5b 07       	cpc	r21, r27
     b1a:	18 f4       	brcc	.+6      	; 0xb22 <__fpcmp_parts_f+0x8e>
     b1c:	11 23       	and	r17, r17
     b1e:	41 f0       	breq	.+16     	; 0xb30 <__fpcmp_parts_f+0x9c>
     b20:	0a c0       	rjmp	.+20     	; 0xb36 <__fpcmp_parts_f+0xa2>
     b22:	82 17       	cp	r24, r18
     b24:	93 07       	cpc	r25, r19
     b26:	a4 07       	cpc	r26, r20
     b28:	b5 07       	cpc	r27, r21
     b2a:	40 f4       	brcc	.+16     	; 0xb3c <__fpcmp_parts_f+0xa8>
     b2c:	11 23       	and	r17, r17
     b2e:	19 f0       	breq	.+6      	; 0xb36 <__fpcmp_parts_f+0xa2>
     b30:	61 e0       	ldi	r22, 0x01	; 1
     b32:	70 e0       	ldi	r23, 0x00	; 0
     b34:	05 c0       	rjmp	.+10     	; 0xb40 <__fpcmp_parts_f+0xac>
     b36:	6f ef       	ldi	r22, 0xFF	; 255
     b38:	7f ef       	ldi	r23, 0xFF	; 255
     b3a:	02 c0       	rjmp	.+4      	; 0xb40 <__fpcmp_parts_f+0xac>
     b3c:	60 e0       	ldi	r22, 0x00	; 0
     b3e:	70 e0       	ldi	r23, 0x00	; 0
     b40:	cb 01       	movw	r24, r22
     b42:	1f 91       	pop	r17
     b44:	08 95       	ret

00000b46 <main>:
Timer1_ConfigType init_3sec_timer1;
uint8 g_control=0;


int main(void)
{
     b46:	df 93       	push	r29
     b48:	cf 93       	push	r28
     b4a:	cd b7       	in	r28, 0x3d	; 61
     b4c:	de b7       	in	r29, 0x3e	; 62
     b4e:	c3 54       	subi	r28, 0x43	; 67
     b50:	d0 40       	sbci	r29, 0x00	; 0
     b52:	0f b6       	in	r0, 0x3f	; 63
     b54:	f8 94       	cli
     b56:	de bf       	out	0x3e, r29	; 62
     b58:	0f be       	out	0x3f, r0	; 63
     b5a:	cd bf       	out	0x3d, r28	; 61
	/********************************initializations*******************************/
	init_3sec_timer1.initial_value=0;
     b5c:	10 92 79 00 	sts	0x0079, r1
     b60:	10 92 78 00 	sts	0x0078, r1
	init_3sec_timer1.mode=CTC;
     b64:	84 e0       	ldi	r24, 0x04	; 4
     b66:	80 93 7d 00 	sts	0x007D, r24
	init_3sec_timer1.prescaler=CLK_1024; /*for frequency 8MHZ...so tick of timer=1.25msec*/
     b6a:	85 e0       	ldi	r24, 0x05	; 5
     b6c:	80 93 7c 00 	sts	0x007C, r24
	init_3sec_timer1.compare_value=2400;  /*when reach 3 seconds go to callback function (ISR)*/
     b70:	80 e6       	ldi	r24, 0x60	; 96
     b72:	99 e0       	ldi	r25, 0x09	; 9
     b74:	90 93 7b 00 	sts	0x007B, r25
     b78:	80 93 7a 00 	sts	0x007A, r24
	Timer1_setCallBack(callback_set_time); /*set (callback_set_time()) as a callback of timer  */
     b7c:	80 ef       	ldi	r24, 0xF0	; 240
     b7e:	9a e0       	ldi	r25, 0x0A	; 10
     b80:	0e 94 7c 10 	call	0x20f8	; 0x20f8 <Timer1_setCallBack>


	UART_ConfigType init_uart;
	init_uart.bit_data=DATA_8;
     b84:	83 e0       	ldi	r24, 0x03	; 3
     b86:	89 af       	std	Y+57, r24	; 0x39
	init_uart.baud_rate.mode=DOUBLE_SPEED_MODE;
     b88:	81 e0       	ldi	r24, 0x01	; 1
     b8a:	8b af       	std	Y+59, r24	; 0x3b
	init_uart.baud_rate.speed=9600;
     b8c:	80 e8       	ldi	r24, 0x80	; 128
     b8e:	95 e2       	ldi	r25, 0x25	; 37
     b90:	a0 e0       	ldi	r26, 0x00	; 0
     b92:	b0 e0       	ldi	r27, 0x00	; 0
     b94:	8c af       	std	Y+60, r24	; 0x3c
     b96:	9d af       	std	Y+61, r25	; 0x3d
     b98:	ae af       	std	Y+62, r26	; 0x3e
     b9a:	bf af       	std	Y+63, r27	; 0x3f
	init_uart.parity=DISABLED;
     b9c:	1a ae       	std	Y+58, r1	; 0x3a
	init_uart.stop_bit=ONE_STOP_BIT;
     b9e:	fe 01       	movw	r30, r28
     ba0:	e0 5c       	subi	r30, 0xC0	; 192
     ba2:	ff 4f       	sbci	r31, 0xFF	; 255
     ba4:	10 82       	st	Z, r1
	UART_init(&init_uart);
     ba6:	ce 01       	movw	r24, r28
     ba8:	c9 96       	adiw	r24, 0x39	; 57
     baa:	0e 94 17 11 	call	0x222e	; 0x222e <UART_init>


	TWI_ConfigType twi_init;
	twi_init.address=0X0B;
     bae:	fe 01       	movw	r30, r28
     bb0:	ef 5b       	subi	r30, 0xBF	; 191
     bb2:	ff 4f       	sbci	r31, 0xFF	; 255
     bb4:	8b e0       	ldi	r24, 0x0B	; 11
     bb6:	80 83       	st	Z, r24
	twi_init.bit_rate.prescalar=PRESCALAR_1;
     bb8:	fe 01       	movw	r30, r28
     bba:	ee 5b       	subi	r30, 0xBE	; 190
     bbc:	ff 4f       	sbci	r31, 0xFF	; 255
     bbe:	10 82       	st	Z, r1
	twi_init.bit_rate.value_of_rate=2;
     bc0:	fe 01       	movw	r30, r28
     bc2:	ed 5b       	subi	r30, 0xBD	; 189
     bc4:	ff 4f       	sbci	r31, 0xFF	; 255
     bc6:	82 e0       	ldi	r24, 0x02	; 2
     bc8:	80 83       	st	Z, r24
	TWI_init(&twi_init);
     bca:	ce 01       	movw	r24, r28
     bcc:	8f 5b       	subi	r24, 0xBF	; 191
     bce:	9f 4f       	sbci	r25, 0xFF	; 255
     bd0:	0e 94 8e 10 	call	0x211c	; 0x211c <TWI_init>


	DcMotor_Init();
     bd4:	0e 94 2b 0b 	call	0x1656	; 0x1656 <DcMotor_Init>
	SREG|=(1<<7);
     bd8:	af e5       	ldi	r26, 0x5F	; 95
     bda:	b0 e0       	ldi	r27, 0x00	; 0
     bdc:	ef e5       	ldi	r30, 0x5F	; 95
     bde:	f0 e0       	ldi	r31, 0x00	; 0
     be0:	80 81       	ld	r24, Z
     be2:	80 68       	ori	r24, 0x80	; 128
     be4:	8c 93       	st	X, r24

	/****************************************main program logic********************************/
	recieving_first_pass();
     be6:	0e 94 39 08 	call	0x1072	; 0x1072 <recieving_first_pass>
	recieving_second_pass();
     bea:	0e 94 61 08 	call	0x10c2	; 0x10c2 <recieving_second_pass>
     bee:	0e c0       	rjmp	.+28     	; 0xc0c <main+0xc6>
	while(compare(password1,password2)==FALSE)    /*polling to check 2 passwords are the same*/
	{
		UART_sendByte(CONTROL_ready);/*polling for sending to HMI*/
     bf0:	82 e0       	ldi	r24, 0x02	; 2
     bf2:	0e 94 d4 11 	call	0x23a8	; 0x23a8 <UART_sendByte>
		while(UART_recieveByte() != (HMI_ready)){}
     bf6:	0e 94 eb 11 	call	0x23d6	; 0x23d6 <UART_recieveByte>
     bfa:	81 30       	cpi	r24, 0x01	; 1
     bfc:	e1 f7       	brne	.-8      	; 0xbf6 <main+0xb0>
		UART_sendByte(COMPARE_FALSE);
     bfe:	83 e0       	ldi	r24, 0x03	; 3
     c00:	0e 94 d4 11 	call	0x23a8	; 0x23a8 <UART_sendByte>
		recieving_first_pass();
     c04:	0e 94 39 08 	call	0x1072	; 0x1072 <recieving_first_pass>

		recieving_second_pass();
     c08:	0e 94 61 08 	call	0x10c2	; 0x10c2 <recieving_second_pass>
	SREG|=(1<<7);

	/****************************************main program logic********************************/
	recieving_first_pass();
	recieving_second_pass();
	while(compare(password1,password2)==FALSE)    /*polling to check 2 passwords are the same*/
     c0c:	82 e7       	ldi	r24, 0x72	; 114
     c0e:	90 e0       	ldi	r25, 0x00	; 0
     c10:	2b e6       	ldi	r18, 0x6B	; 107
     c12:	30 e0       	ldi	r19, 0x00	; 0
     c14:	b9 01       	movw	r22, r18
     c16:	0e 94 89 08 	call	0x1112	; 0x1112 <compare>
     c1a:	88 23       	and	r24, r24
     c1c:	49 f3       	breq	.-46     	; 0xbf0 <main+0xaa>
		recieving_first_pass();

		recieving_second_pass();
	}
	/*now the two passwords are the same so we can change the password*/
	for(i=0;i<5;i++) /*put the password2 in external memory*/
     c1e:	10 92 71 00 	sts	0x0071, r1
     c22:	86 c0       	rjmp	.+268    	; 0xd30 <main+0x1ea>
	{
		EEPROM_writeByte((uint16)(FIRST_ADDRESS+i), &password2[i]);
     c24:	80 91 71 00 	lds	r24, 0x0071
     c28:	48 2f       	mov	r20, r24
     c2a:	50 e0       	ldi	r21, 0x00	; 0
     c2c:	80 91 71 00 	lds	r24, 0x0071
     c30:	88 2f       	mov	r24, r24
     c32:	90 e0       	ldi	r25, 0x00	; 0
     c34:	85 59       	subi	r24, 0x95	; 149
     c36:	9f 4f       	sbci	r25, 0xFF	; 255
     c38:	28 2f       	mov	r18, r24
     c3a:	ca 01       	movw	r24, r20
     c3c:	62 2f       	mov	r22, r18
     c3e:	0e 94 c3 0b 	call	0x1786	; 0x1786 <EEPROM_writeByte>
     c42:	80 e0       	ldi	r24, 0x00	; 0
     c44:	90 e0       	ldi	r25, 0x00	; 0
     c46:	a0 ea       	ldi	r26, 0xA0	; 160
     c48:	b1 e4       	ldi	r27, 0x41	; 65
     c4a:	8d ab       	std	Y+53, r24	; 0x35
     c4c:	9e ab       	std	Y+54, r25	; 0x36
     c4e:	af ab       	std	Y+55, r26	; 0x37
     c50:	b8 af       	std	Y+56, r27	; 0x38
 */
void
_delay_ms(double __ms)
{
	uint16_t __ticks;
	double __tmp = ((F_CPU) / 4e3) * __ms;
     c52:	6d a9       	ldd	r22, Y+53	; 0x35
     c54:	7e a9       	ldd	r23, Y+54	; 0x36
     c56:	8f a9       	ldd	r24, Y+55	; 0x37
     c58:	98 ad       	ldd	r25, Y+56	; 0x38
     c5a:	20 e0       	ldi	r18, 0x00	; 0
     c5c:	30 e0       	ldi	r19, 0x00	; 0
     c5e:	4a ef       	ldi	r20, 0xFA	; 250
     c60:	54 e4       	ldi	r21, 0x44	; 68
     c62:	0e 94 1f 02 	call	0x43e	; 0x43e <__mulsf3>
     c66:	dc 01       	movw	r26, r24
     c68:	cb 01       	movw	r24, r22
     c6a:	89 ab       	std	Y+49, r24	; 0x31
     c6c:	9a ab       	std	Y+50, r25	; 0x32
     c6e:	ab ab       	std	Y+51, r26	; 0x33
     c70:	bc ab       	std	Y+52, r27	; 0x34
	if (__tmp < 1.0)
     c72:	69 a9       	ldd	r22, Y+49	; 0x31
     c74:	7a a9       	ldd	r23, Y+50	; 0x32
     c76:	8b a9       	ldd	r24, Y+51	; 0x33
     c78:	9c a9       	ldd	r25, Y+52	; 0x34
     c7a:	20 e0       	ldi	r18, 0x00	; 0
     c7c:	30 e0       	ldi	r19, 0x00	; 0
     c7e:	40 e8       	ldi	r20, 0x80	; 128
     c80:	5f e3       	ldi	r21, 0x3F	; 63
     c82:	0e 94 79 03 	call	0x6f2	; 0x6f2 <__ltsf2>
     c86:	88 23       	and	r24, r24
     c88:	2c f4       	brge	.+10     	; 0xc94 <main+0x14e>
		__ticks = 1;
     c8a:	81 e0       	ldi	r24, 0x01	; 1
     c8c:	90 e0       	ldi	r25, 0x00	; 0
     c8e:	98 ab       	std	Y+48, r25	; 0x30
     c90:	8f a7       	std	Y+47, r24	; 0x2f
     c92:	3f c0       	rjmp	.+126    	; 0xd12 <main+0x1cc>
	else if (__tmp > 65535)
     c94:	69 a9       	ldd	r22, Y+49	; 0x31
     c96:	7a a9       	ldd	r23, Y+50	; 0x32
     c98:	8b a9       	ldd	r24, Y+51	; 0x33
     c9a:	9c a9       	ldd	r25, Y+52	; 0x34
     c9c:	20 e0       	ldi	r18, 0x00	; 0
     c9e:	3f ef       	ldi	r19, 0xFF	; 255
     ca0:	4f e7       	ldi	r20, 0x7F	; 127
     ca2:	57 e4       	ldi	r21, 0x47	; 71
     ca4:	0e 94 19 03 	call	0x632	; 0x632 <__gtsf2>
     ca8:	18 16       	cp	r1, r24
     caa:	4c f5       	brge	.+82     	; 0xcfe <main+0x1b8>
	{
		//	__ticks = requested delay in 1/10 ms
		__ticks = (uint16_t) (__ms * 10.0);
     cac:	6d a9       	ldd	r22, Y+53	; 0x35
     cae:	7e a9       	ldd	r23, Y+54	; 0x36
     cb0:	8f a9       	ldd	r24, Y+55	; 0x37
     cb2:	98 ad       	ldd	r25, Y+56	; 0x38
     cb4:	20 e0       	ldi	r18, 0x00	; 0
     cb6:	30 e0       	ldi	r19, 0x00	; 0
     cb8:	40 e2       	ldi	r20, 0x20	; 32
     cba:	51 e4       	ldi	r21, 0x41	; 65
     cbc:	0e 94 1f 02 	call	0x43e	; 0x43e <__mulsf3>
     cc0:	dc 01       	movw	r26, r24
     cc2:	cb 01       	movw	r24, r22
     cc4:	bc 01       	movw	r22, r24
     cc6:	cd 01       	movw	r24, r26
     cc8:	0e 94 49 00 	call	0x92	; 0x92 <__fixunssfsi>
     ccc:	dc 01       	movw	r26, r24
     cce:	cb 01       	movw	r24, r22
     cd0:	98 ab       	std	Y+48, r25	; 0x30
     cd2:	8f a7       	std	Y+47, r24	; 0x2f
     cd4:	0f c0       	rjmp	.+30     	; 0xcf4 <main+0x1ae>
     cd6:	88 ec       	ldi	r24, 0xC8	; 200
     cd8:	90 e0       	ldi	r25, 0x00	; 0
     cda:	9e a7       	std	Y+46, r25	; 0x2e
     cdc:	8d a7       	std	Y+45, r24	; 0x2d
    milliseconds can be achieved.
 */
void
_delay_loop_2(uint16_t __count)
{
	__asm__ volatile (
     cde:	8d a5       	ldd	r24, Y+45	; 0x2d
     ce0:	9e a5       	ldd	r25, Y+46	; 0x2e
     ce2:	01 97       	sbiw	r24, 0x01	; 1
     ce4:	f1 f7       	brne	.-4      	; 0xce2 <main+0x19c>
     ce6:	9e a7       	std	Y+46, r25	; 0x2e
     ce8:	8d a7       	std	Y+45, r24	; 0x2d
		while(__ticks)
		{
			// wait 1/10 ms
			_delay_loop_2(((F_CPU) / 4e3) / 10);
			__ticks --;
     cea:	8f a5       	ldd	r24, Y+47	; 0x2f
     cec:	98 a9       	ldd	r25, Y+48	; 0x30
     cee:	01 97       	sbiw	r24, 0x01	; 1
     cf0:	98 ab       	std	Y+48, r25	; 0x30
     cf2:	8f a7       	std	Y+47, r24	; 0x2f
		__ticks = 1;
	else if (__tmp > 65535)
	{
		//	__ticks = requested delay in 1/10 ms
		__ticks = (uint16_t) (__ms * 10.0);
		while(__ticks)
     cf4:	8f a5       	ldd	r24, Y+47	; 0x2f
     cf6:	98 a9       	ldd	r25, Y+48	; 0x30
     cf8:	00 97       	sbiw	r24, 0x00	; 0
     cfa:	69 f7       	brne	.-38     	; 0xcd6 <main+0x190>
     cfc:	14 c0       	rjmp	.+40     	; 0xd26 <main+0x1e0>
			__ticks --;
		}
		return;
	}
	else
		__ticks = (uint16_t)__tmp;
     cfe:	69 a9       	ldd	r22, Y+49	; 0x31
     d00:	7a a9       	ldd	r23, Y+50	; 0x32
     d02:	8b a9       	ldd	r24, Y+51	; 0x33
     d04:	9c a9       	ldd	r25, Y+52	; 0x34
     d06:	0e 94 49 00 	call	0x92	; 0x92 <__fixunssfsi>
     d0a:	dc 01       	movw	r26, r24
     d0c:	cb 01       	movw	r24, r22
     d0e:	98 ab       	std	Y+48, r25	; 0x30
     d10:	8f a7       	std	Y+47, r24	; 0x2f
     d12:	8f a5       	ldd	r24, Y+47	; 0x2f
     d14:	98 a9       	ldd	r25, Y+48	; 0x30
     d16:	9c a7       	std	Y+44, r25	; 0x2c
     d18:	8b a7       	std	Y+43, r24	; 0x2b
     d1a:	8b a5       	ldd	r24, Y+43	; 0x2b
     d1c:	9c a5       	ldd	r25, Y+44	; 0x2c
     d1e:	01 97       	sbiw	r24, 0x01	; 1
     d20:	f1 f7       	brne	.-4      	; 0xd1e <main+0x1d8>
     d22:	9c a7       	std	Y+44, r25	; 0x2c
     d24:	8b a7       	std	Y+43, r24	; 0x2b
		recieving_first_pass();

		recieving_second_pass();
	}
	/*now the two passwords are the same so we can change the password*/
	for(i=0;i<5;i++) /*put the password2 in external memory*/
     d26:	80 91 71 00 	lds	r24, 0x0071
     d2a:	8f 5f       	subi	r24, 0xFF	; 255
     d2c:	80 93 71 00 	sts	0x0071, r24
     d30:	80 91 71 00 	lds	r24, 0x0071
     d34:	85 30       	cpi	r24, 0x05	; 5
     d36:	08 f4       	brcc	.+2      	; 0xd3a <main+0x1f4>
     d38:	75 cf       	rjmp	.-278    	; 0xc24 <main+0xde>
     d3a:	80 e0       	ldi	r24, 0x00	; 0
     d3c:	90 e0       	ldi	r25, 0x00	; 0
     d3e:	aa ef       	ldi	r26, 0xFA	; 250
     d40:	b4 e4       	ldi	r27, 0x44	; 68
     d42:	8f a3       	std	Y+39, r24	; 0x27
     d44:	98 a7       	std	Y+40, r25	; 0x28
     d46:	a9 a7       	std	Y+41, r26	; 0x29
     d48:	ba a7       	std	Y+42, r27	; 0x2a
 */
void
_delay_ms(double __ms)
{
	uint16_t __ticks;
	double __tmp = ((F_CPU) / 4e3) * __ms;
     d4a:	6f a1       	ldd	r22, Y+39	; 0x27
     d4c:	78 a5       	ldd	r23, Y+40	; 0x28
     d4e:	89 a5       	ldd	r24, Y+41	; 0x29
     d50:	9a a5       	ldd	r25, Y+42	; 0x2a
     d52:	20 e0       	ldi	r18, 0x00	; 0
     d54:	30 e0       	ldi	r19, 0x00	; 0
     d56:	4a ef       	ldi	r20, 0xFA	; 250
     d58:	54 e4       	ldi	r21, 0x44	; 68
     d5a:	0e 94 1f 02 	call	0x43e	; 0x43e <__mulsf3>
     d5e:	dc 01       	movw	r26, r24
     d60:	cb 01       	movw	r24, r22
     d62:	8b a3       	std	Y+35, r24	; 0x23
     d64:	9c a3       	std	Y+36, r25	; 0x24
     d66:	ad a3       	std	Y+37, r26	; 0x25
     d68:	be a3       	std	Y+38, r27	; 0x26
	if (__tmp < 1.0)
     d6a:	6b a1       	ldd	r22, Y+35	; 0x23
     d6c:	7c a1       	ldd	r23, Y+36	; 0x24
     d6e:	8d a1       	ldd	r24, Y+37	; 0x25
     d70:	9e a1       	ldd	r25, Y+38	; 0x26
     d72:	20 e0       	ldi	r18, 0x00	; 0
     d74:	30 e0       	ldi	r19, 0x00	; 0
     d76:	40 e8       	ldi	r20, 0x80	; 128
     d78:	5f e3       	ldi	r21, 0x3F	; 63
     d7a:	0e 94 79 03 	call	0x6f2	; 0x6f2 <__ltsf2>
     d7e:	88 23       	and	r24, r24
     d80:	2c f4       	brge	.+10     	; 0xd8c <main+0x246>
		__ticks = 1;
     d82:	81 e0       	ldi	r24, 0x01	; 1
     d84:	90 e0       	ldi	r25, 0x00	; 0
     d86:	9a a3       	std	Y+34, r25	; 0x22
     d88:	89 a3       	std	Y+33, r24	; 0x21
     d8a:	3f c0       	rjmp	.+126    	; 0xe0a <main+0x2c4>
	else if (__tmp > 65535)
     d8c:	6b a1       	ldd	r22, Y+35	; 0x23
     d8e:	7c a1       	ldd	r23, Y+36	; 0x24
     d90:	8d a1       	ldd	r24, Y+37	; 0x25
     d92:	9e a1       	ldd	r25, Y+38	; 0x26
     d94:	20 e0       	ldi	r18, 0x00	; 0
     d96:	3f ef       	ldi	r19, 0xFF	; 255
     d98:	4f e7       	ldi	r20, 0x7F	; 127
     d9a:	57 e4       	ldi	r21, 0x47	; 71
     d9c:	0e 94 19 03 	call	0x632	; 0x632 <__gtsf2>
     da0:	18 16       	cp	r1, r24
     da2:	4c f5       	brge	.+82     	; 0xdf6 <main+0x2b0>
	{
		//	__ticks = requested delay in 1/10 ms
		__ticks = (uint16_t) (__ms * 10.0);
     da4:	6f a1       	ldd	r22, Y+39	; 0x27
     da6:	78 a5       	ldd	r23, Y+40	; 0x28
     da8:	89 a5       	ldd	r24, Y+41	; 0x29
     daa:	9a a5       	ldd	r25, Y+42	; 0x2a
     dac:	20 e0       	ldi	r18, 0x00	; 0
     dae:	30 e0       	ldi	r19, 0x00	; 0
     db0:	40 e2       	ldi	r20, 0x20	; 32
     db2:	51 e4       	ldi	r21, 0x41	; 65
     db4:	0e 94 1f 02 	call	0x43e	; 0x43e <__mulsf3>
     db8:	dc 01       	movw	r26, r24
     dba:	cb 01       	movw	r24, r22
     dbc:	bc 01       	movw	r22, r24
     dbe:	cd 01       	movw	r24, r26
     dc0:	0e 94 49 00 	call	0x92	; 0x92 <__fixunssfsi>
     dc4:	dc 01       	movw	r26, r24
     dc6:	cb 01       	movw	r24, r22
     dc8:	9a a3       	std	Y+34, r25	; 0x22
     dca:	89 a3       	std	Y+33, r24	; 0x21
     dcc:	0f c0       	rjmp	.+30     	; 0xdec <main+0x2a6>
     dce:	88 ec       	ldi	r24, 0xC8	; 200
     dd0:	90 e0       	ldi	r25, 0x00	; 0
     dd2:	98 a3       	std	Y+32, r25	; 0x20
     dd4:	8f 8f       	std	Y+31, r24	; 0x1f
     dd6:	8f 8d       	ldd	r24, Y+31	; 0x1f
     dd8:	98 a1       	ldd	r25, Y+32	; 0x20
     dda:	01 97       	sbiw	r24, 0x01	; 1
     ddc:	f1 f7       	brne	.-4      	; 0xdda <main+0x294>
     dde:	98 a3       	std	Y+32, r25	; 0x20
     de0:	8f 8f       	std	Y+31, r24	; 0x1f
		while(__ticks)
		{
			// wait 1/10 ms
			_delay_loop_2(((F_CPU) / 4e3) / 10);
			__ticks --;
     de2:	89 a1       	ldd	r24, Y+33	; 0x21
     de4:	9a a1       	ldd	r25, Y+34	; 0x22
     de6:	01 97       	sbiw	r24, 0x01	; 1
     de8:	9a a3       	std	Y+34, r25	; 0x22
     dea:	89 a3       	std	Y+33, r24	; 0x21
		__ticks = 1;
	else if (__tmp > 65535)
	{
		//	__ticks = requested delay in 1/10 ms
		__ticks = (uint16_t) (__ms * 10.0);
		while(__ticks)
     dec:	89 a1       	ldd	r24, Y+33	; 0x21
     dee:	9a a1       	ldd	r25, Y+34	; 0x22
     df0:	00 97       	sbiw	r24, 0x00	; 0
     df2:	69 f7       	brne	.-38     	; 0xdce <main+0x288>
     df4:	14 c0       	rjmp	.+40     	; 0xe1e <main+0x2d8>
			__ticks --;
		}
		return;
	}
	else
		__ticks = (uint16_t)__tmp;
     df6:	6b a1       	ldd	r22, Y+35	; 0x23
     df8:	7c a1       	ldd	r23, Y+36	; 0x24
     dfa:	8d a1       	ldd	r24, Y+37	; 0x25
     dfc:	9e a1       	ldd	r25, Y+38	; 0x26
     dfe:	0e 94 49 00 	call	0x92	; 0x92 <__fixunssfsi>
     e02:	dc 01       	movw	r26, r24
     e04:	cb 01       	movw	r24, r22
     e06:	9a a3       	std	Y+34, r25	; 0x22
     e08:	89 a3       	std	Y+33, r24	; 0x21
     e0a:	89 a1       	ldd	r24, Y+33	; 0x21
     e0c:	9a a1       	ldd	r25, Y+34	; 0x22
     e0e:	9e 8f       	std	Y+30, r25	; 0x1e
     e10:	8d 8f       	std	Y+29, r24	; 0x1d
     e12:	8d 8d       	ldd	r24, Y+29	; 0x1d
     e14:	9e 8d       	ldd	r25, Y+30	; 0x1e
     e16:	01 97       	sbiw	r24, 0x01	; 1
     e18:	f1 f7       	brne	.-4      	; 0xe16 <main+0x2d0>
     e1a:	9e 8f       	std	Y+30, r25	; 0x1e
     e1c:	8d 8f       	std	Y+29, r24	; 0x1d
	}
	/*here we are sure that right password saved in memory*/
	while(1)
	{
		_delay_ms(2000);
		UART_sendByte(CONTROL_ready);/*polling for sending to HMI to print options*/
     e1e:	82 e0       	ldi	r24, 0x02	; 2
     e20:	0e 94 d4 11 	call	0x23a8	; 0x23a8 <UART_sendByte>
		while(UART_recieveByte() != (HMI_ready)){}
     e24:	0e 94 eb 11 	call	0x23d6	; 0x23d6 <UART_recieveByte>
     e28:	81 30       	cpi	r24, 0x01	; 1
     e2a:	e1 f7       	brne	.-8      	; 0xe24 <main+0x2de>
		if(receive_print_options()==change_pass)
     e2c:	0e 94 c2 08 	call	0x1184	; 0x1184 <receive_print_options>
     e30:	88 23       	and	r24, r24
     e32:	09 f0       	breq	.+2      	; 0xe36 <main+0x2f0>
     e34:	82 cf       	rjmp	.-252    	; 0xd3a <main+0x1f4>
		{
			recieving_first_pass();
     e36:	0e 94 39 08 	call	0x1072	; 0x1072 <recieving_first_pass>
			recieving_second_pass();
     e3a:	0e 94 61 08 	call	0x10c2	; 0x10c2 <recieving_second_pass>
     e3e:	80 c0       	rjmp	.+256    	; 0xf40 <main+0x3fa>
			while(compare(password1,password2)==FALSE)    /*polling to check 2 passwords are the same*/
			{
				UART_sendByte(CONTROL_ready);/*polling for sending to HMI*/
     e40:	82 e0       	ldi	r24, 0x02	; 2
     e42:	0e 94 d4 11 	call	0x23a8	; 0x23a8 <UART_sendByte>
				while(UART_recieveByte() != (HMI_ready)){}
     e46:	0e 94 eb 11 	call	0x23d6	; 0x23d6 <UART_recieveByte>
     e4a:	81 30       	cpi	r24, 0x01	; 1
     e4c:	e1 f7       	brne	.-8      	; 0xe46 <main+0x300>
				UART_sendByte(COMPARE_FALSE);
     e4e:	83 e0       	ldi	r24, 0x03	; 3
     e50:	0e 94 d4 11 	call	0x23a8	; 0x23a8 <UART_sendByte>
				recieving_first_pass();
     e54:	0e 94 39 08 	call	0x1072	; 0x1072 <recieving_first_pass>
     e58:	80 e0       	ldi	r24, 0x00	; 0
     e5a:	90 e0       	ldi	r25, 0x00	; 0
     e5c:	a8 e4       	ldi	r26, 0x48	; 72
     e5e:	b2 e4       	ldi	r27, 0x42	; 66
     e60:	89 8f       	std	Y+25, r24	; 0x19
     e62:	9a 8f       	std	Y+26, r25	; 0x1a
     e64:	ab 8f       	std	Y+27, r26	; 0x1b
     e66:	bc 8f       	std	Y+28, r27	; 0x1c
 */
void
_delay_ms(double __ms)
{
	uint16_t __ticks;
	double __tmp = ((F_CPU) / 4e3) * __ms;
     e68:	69 8d       	ldd	r22, Y+25	; 0x19
     e6a:	7a 8d       	ldd	r23, Y+26	; 0x1a
     e6c:	8b 8d       	ldd	r24, Y+27	; 0x1b
     e6e:	9c 8d       	ldd	r25, Y+28	; 0x1c
     e70:	20 e0       	ldi	r18, 0x00	; 0
     e72:	30 e0       	ldi	r19, 0x00	; 0
     e74:	4a ef       	ldi	r20, 0xFA	; 250
     e76:	54 e4       	ldi	r21, 0x44	; 68
     e78:	0e 94 1f 02 	call	0x43e	; 0x43e <__mulsf3>
     e7c:	dc 01       	movw	r26, r24
     e7e:	cb 01       	movw	r24, r22
     e80:	8d 8b       	std	Y+21, r24	; 0x15
     e82:	9e 8b       	std	Y+22, r25	; 0x16
     e84:	af 8b       	std	Y+23, r26	; 0x17
     e86:	b8 8f       	std	Y+24, r27	; 0x18
	if (__tmp < 1.0)
     e88:	6d 89       	ldd	r22, Y+21	; 0x15
     e8a:	7e 89       	ldd	r23, Y+22	; 0x16
     e8c:	8f 89       	ldd	r24, Y+23	; 0x17
     e8e:	98 8d       	ldd	r25, Y+24	; 0x18
     e90:	20 e0       	ldi	r18, 0x00	; 0
     e92:	30 e0       	ldi	r19, 0x00	; 0
     e94:	40 e8       	ldi	r20, 0x80	; 128
     e96:	5f e3       	ldi	r21, 0x3F	; 63
     e98:	0e 94 79 03 	call	0x6f2	; 0x6f2 <__ltsf2>
     e9c:	88 23       	and	r24, r24
     e9e:	2c f4       	brge	.+10     	; 0xeaa <main+0x364>
		__ticks = 1;
     ea0:	81 e0       	ldi	r24, 0x01	; 1
     ea2:	90 e0       	ldi	r25, 0x00	; 0
     ea4:	9c 8b       	std	Y+20, r25	; 0x14
     ea6:	8b 8b       	std	Y+19, r24	; 0x13
     ea8:	3f c0       	rjmp	.+126    	; 0xf28 <main+0x3e2>
	else if (__tmp > 65535)
     eaa:	6d 89       	ldd	r22, Y+21	; 0x15
     eac:	7e 89       	ldd	r23, Y+22	; 0x16
     eae:	8f 89       	ldd	r24, Y+23	; 0x17
     eb0:	98 8d       	ldd	r25, Y+24	; 0x18
     eb2:	20 e0       	ldi	r18, 0x00	; 0
     eb4:	3f ef       	ldi	r19, 0xFF	; 255
     eb6:	4f e7       	ldi	r20, 0x7F	; 127
     eb8:	57 e4       	ldi	r21, 0x47	; 71
     eba:	0e 94 19 03 	call	0x632	; 0x632 <__gtsf2>
     ebe:	18 16       	cp	r1, r24
     ec0:	4c f5       	brge	.+82     	; 0xf14 <main+0x3ce>
	{
		//	__ticks = requested delay in 1/10 ms
		__ticks = (uint16_t) (__ms * 10.0);
     ec2:	69 8d       	ldd	r22, Y+25	; 0x19
     ec4:	7a 8d       	ldd	r23, Y+26	; 0x1a
     ec6:	8b 8d       	ldd	r24, Y+27	; 0x1b
     ec8:	9c 8d       	ldd	r25, Y+28	; 0x1c
     eca:	20 e0       	ldi	r18, 0x00	; 0
     ecc:	30 e0       	ldi	r19, 0x00	; 0
     ece:	40 e2       	ldi	r20, 0x20	; 32
     ed0:	51 e4       	ldi	r21, 0x41	; 65
     ed2:	0e 94 1f 02 	call	0x43e	; 0x43e <__mulsf3>
     ed6:	dc 01       	movw	r26, r24
     ed8:	cb 01       	movw	r24, r22
     eda:	bc 01       	movw	r22, r24
     edc:	cd 01       	movw	r24, r26
     ede:	0e 94 49 00 	call	0x92	; 0x92 <__fixunssfsi>
     ee2:	dc 01       	movw	r26, r24
     ee4:	cb 01       	movw	r24, r22
     ee6:	9c 8b       	std	Y+20, r25	; 0x14
     ee8:	8b 8b       	std	Y+19, r24	; 0x13
     eea:	0f c0       	rjmp	.+30     	; 0xf0a <main+0x3c4>
     eec:	88 ec       	ldi	r24, 0xC8	; 200
     eee:	90 e0       	ldi	r25, 0x00	; 0
     ef0:	9a 8b       	std	Y+18, r25	; 0x12
     ef2:	89 8b       	std	Y+17, r24	; 0x11
     ef4:	89 89       	ldd	r24, Y+17	; 0x11
     ef6:	9a 89       	ldd	r25, Y+18	; 0x12
     ef8:	01 97       	sbiw	r24, 0x01	; 1
     efa:	f1 f7       	brne	.-4      	; 0xef8 <main+0x3b2>
     efc:	9a 8b       	std	Y+18, r25	; 0x12
     efe:	89 8b       	std	Y+17, r24	; 0x11
		while(__ticks)
		{
			// wait 1/10 ms
			_delay_loop_2(((F_CPU) / 4e3) / 10);
			__ticks --;
     f00:	8b 89       	ldd	r24, Y+19	; 0x13
     f02:	9c 89       	ldd	r25, Y+20	; 0x14
     f04:	01 97       	sbiw	r24, 0x01	; 1
     f06:	9c 8b       	std	Y+20, r25	; 0x14
     f08:	8b 8b       	std	Y+19, r24	; 0x13
		__ticks = 1;
	else if (__tmp > 65535)
	{
		//	__ticks = requested delay in 1/10 ms
		__ticks = (uint16_t) (__ms * 10.0);
		while(__ticks)
     f0a:	8b 89       	ldd	r24, Y+19	; 0x13
     f0c:	9c 89       	ldd	r25, Y+20	; 0x14
     f0e:	00 97       	sbiw	r24, 0x00	; 0
     f10:	69 f7       	brne	.-38     	; 0xeec <main+0x3a6>
     f12:	14 c0       	rjmp	.+40     	; 0xf3c <main+0x3f6>
			__ticks --;
		}
		return;
	}
	else
		__ticks = (uint16_t)__tmp;
     f14:	6d 89       	ldd	r22, Y+21	; 0x15
     f16:	7e 89       	ldd	r23, Y+22	; 0x16
     f18:	8f 89       	ldd	r24, Y+23	; 0x17
     f1a:	98 8d       	ldd	r25, Y+24	; 0x18
     f1c:	0e 94 49 00 	call	0x92	; 0x92 <__fixunssfsi>
     f20:	dc 01       	movw	r26, r24
     f22:	cb 01       	movw	r24, r22
     f24:	9c 8b       	std	Y+20, r25	; 0x14
     f26:	8b 8b       	std	Y+19, r24	; 0x13
     f28:	8b 89       	ldd	r24, Y+19	; 0x13
     f2a:	9c 89       	ldd	r25, Y+20	; 0x14
     f2c:	98 8b       	std	Y+16, r25	; 0x10
     f2e:	8f 87       	std	Y+15, r24	; 0x0f
     f30:	8f 85       	ldd	r24, Y+15	; 0x0f
     f32:	98 89       	ldd	r25, Y+16	; 0x10
     f34:	01 97       	sbiw	r24, 0x01	; 1
     f36:	f1 f7       	brne	.-4      	; 0xf34 <main+0x3ee>
     f38:	98 8b       	std	Y+16, r25	; 0x10
     f3a:	8f 87       	std	Y+15, r24	; 0x0f
				_delay_ms(50);
				recieving_second_pass();
     f3c:	0e 94 61 08 	call	0x10c2	; 0x10c2 <recieving_second_pass>
		while(UART_recieveByte() != (HMI_ready)){}
		if(receive_print_options()==change_pass)
		{
			recieving_first_pass();
			recieving_second_pass();
			while(compare(password1,password2)==FALSE)    /*polling to check 2 passwords are the same*/
     f40:	82 e7       	ldi	r24, 0x72	; 114
     f42:	90 e0       	ldi	r25, 0x00	; 0
     f44:	2b e6       	ldi	r18, 0x6B	; 107
     f46:	30 e0       	ldi	r19, 0x00	; 0
     f48:	b9 01       	movw	r22, r18
     f4a:	0e 94 89 08 	call	0x1112	; 0x1112 <compare>
     f4e:	88 23       	and	r24, r24
     f50:	09 f4       	brne	.+2      	; 0xf54 <main+0x40e>
     f52:	76 cf       	rjmp	.-276    	; 0xe40 <main+0x2fa>
				recieving_first_pass();
				_delay_ms(50);
				recieving_second_pass();
			}
			/*now the two passwords are the same so we can change the password*/
			for(i=0;i<5;i++) /*put the password2 in external memory*/
     f54:	10 92 71 00 	sts	0x0071, r1
     f58:	86 c0       	rjmp	.+268    	; 0x1066 <main+0x520>
			{
				EEPROM_writeByte((uint16)(FIRST_ADDRESS+i),& password2[i]);
     f5a:	80 91 71 00 	lds	r24, 0x0071
     f5e:	48 2f       	mov	r20, r24
     f60:	50 e0       	ldi	r21, 0x00	; 0
     f62:	80 91 71 00 	lds	r24, 0x0071
     f66:	88 2f       	mov	r24, r24
     f68:	90 e0       	ldi	r25, 0x00	; 0
     f6a:	85 59       	subi	r24, 0x95	; 149
     f6c:	9f 4f       	sbci	r25, 0xFF	; 255
     f6e:	28 2f       	mov	r18, r24
     f70:	ca 01       	movw	r24, r20
     f72:	62 2f       	mov	r22, r18
     f74:	0e 94 c3 0b 	call	0x1786	; 0x1786 <EEPROM_writeByte>
     f78:	80 e0       	ldi	r24, 0x00	; 0
     f7a:	90 e0       	ldi	r25, 0x00	; 0
     f7c:	a0 ea       	ldi	r26, 0xA0	; 160
     f7e:	b1 e4       	ldi	r27, 0x41	; 65
     f80:	8b 87       	std	Y+11, r24	; 0x0b
     f82:	9c 87       	std	Y+12, r25	; 0x0c
     f84:	ad 87       	std	Y+13, r26	; 0x0d
     f86:	be 87       	std	Y+14, r27	; 0x0e
 */
void
_delay_ms(double __ms)
{
	uint16_t __ticks;
	double __tmp = ((F_CPU) / 4e3) * __ms;
     f88:	6b 85       	ldd	r22, Y+11	; 0x0b
     f8a:	7c 85       	ldd	r23, Y+12	; 0x0c
     f8c:	8d 85       	ldd	r24, Y+13	; 0x0d
     f8e:	9e 85       	ldd	r25, Y+14	; 0x0e
     f90:	20 e0       	ldi	r18, 0x00	; 0
     f92:	30 e0       	ldi	r19, 0x00	; 0
     f94:	4a ef       	ldi	r20, 0xFA	; 250
     f96:	54 e4       	ldi	r21, 0x44	; 68
     f98:	0e 94 1f 02 	call	0x43e	; 0x43e <__mulsf3>
     f9c:	dc 01       	movw	r26, r24
     f9e:	cb 01       	movw	r24, r22
     fa0:	8f 83       	std	Y+7, r24	; 0x07
     fa2:	98 87       	std	Y+8, r25	; 0x08
     fa4:	a9 87       	std	Y+9, r26	; 0x09
     fa6:	ba 87       	std	Y+10, r27	; 0x0a
	if (__tmp < 1.0)
     fa8:	6f 81       	ldd	r22, Y+7	; 0x07
     faa:	78 85       	ldd	r23, Y+8	; 0x08
     fac:	89 85       	ldd	r24, Y+9	; 0x09
     fae:	9a 85       	ldd	r25, Y+10	; 0x0a
     fb0:	20 e0       	ldi	r18, 0x00	; 0
     fb2:	30 e0       	ldi	r19, 0x00	; 0
     fb4:	40 e8       	ldi	r20, 0x80	; 128
     fb6:	5f e3       	ldi	r21, 0x3F	; 63
     fb8:	0e 94 79 03 	call	0x6f2	; 0x6f2 <__ltsf2>
     fbc:	88 23       	and	r24, r24
     fbe:	2c f4       	brge	.+10     	; 0xfca <main+0x484>
		__ticks = 1;
     fc0:	81 e0       	ldi	r24, 0x01	; 1
     fc2:	90 e0       	ldi	r25, 0x00	; 0
     fc4:	9e 83       	std	Y+6, r25	; 0x06
     fc6:	8d 83       	std	Y+5, r24	; 0x05
     fc8:	3f c0       	rjmp	.+126    	; 0x1048 <main+0x502>
	else if (__tmp > 65535)
     fca:	6f 81       	ldd	r22, Y+7	; 0x07
     fcc:	78 85       	ldd	r23, Y+8	; 0x08
     fce:	89 85       	ldd	r24, Y+9	; 0x09
     fd0:	9a 85       	ldd	r25, Y+10	; 0x0a
     fd2:	20 e0       	ldi	r18, 0x00	; 0
     fd4:	3f ef       	ldi	r19, 0xFF	; 255
     fd6:	4f e7       	ldi	r20, 0x7F	; 127
     fd8:	57 e4       	ldi	r21, 0x47	; 71
     fda:	0e 94 19 03 	call	0x632	; 0x632 <__gtsf2>
     fde:	18 16       	cp	r1, r24
     fe0:	4c f5       	brge	.+82     	; 0x1034 <main+0x4ee>
	{
		//	__ticks = requested delay in 1/10 ms
		__ticks = (uint16_t) (__ms * 10.0);
     fe2:	6b 85       	ldd	r22, Y+11	; 0x0b
     fe4:	7c 85       	ldd	r23, Y+12	; 0x0c
     fe6:	8d 85       	ldd	r24, Y+13	; 0x0d
     fe8:	9e 85       	ldd	r25, Y+14	; 0x0e
     fea:	20 e0       	ldi	r18, 0x00	; 0
     fec:	30 e0       	ldi	r19, 0x00	; 0
     fee:	40 e2       	ldi	r20, 0x20	; 32
     ff0:	51 e4       	ldi	r21, 0x41	; 65
     ff2:	0e 94 1f 02 	call	0x43e	; 0x43e <__mulsf3>
     ff6:	dc 01       	movw	r26, r24
     ff8:	cb 01       	movw	r24, r22
     ffa:	bc 01       	movw	r22, r24
     ffc:	cd 01       	movw	r24, r26
     ffe:	0e 94 49 00 	call	0x92	; 0x92 <__fixunssfsi>
    1002:	dc 01       	movw	r26, r24
    1004:	cb 01       	movw	r24, r22
    1006:	9e 83       	std	Y+6, r25	; 0x06
    1008:	8d 83       	std	Y+5, r24	; 0x05
    100a:	0f c0       	rjmp	.+30     	; 0x102a <main+0x4e4>
    100c:	88 ec       	ldi	r24, 0xC8	; 200
    100e:	90 e0       	ldi	r25, 0x00	; 0
    1010:	9c 83       	std	Y+4, r25	; 0x04
    1012:	8b 83       	std	Y+3, r24	; 0x03
    1014:	8b 81       	ldd	r24, Y+3	; 0x03
    1016:	9c 81       	ldd	r25, Y+4	; 0x04
    1018:	01 97       	sbiw	r24, 0x01	; 1
    101a:	f1 f7       	brne	.-4      	; 0x1018 <main+0x4d2>
    101c:	9c 83       	std	Y+4, r25	; 0x04
    101e:	8b 83       	std	Y+3, r24	; 0x03
		while(__ticks)
		{
			// wait 1/10 ms
			_delay_loop_2(((F_CPU) / 4e3) / 10);
			__ticks --;
    1020:	8d 81       	ldd	r24, Y+5	; 0x05
    1022:	9e 81       	ldd	r25, Y+6	; 0x06
    1024:	01 97       	sbiw	r24, 0x01	; 1
    1026:	9e 83       	std	Y+6, r25	; 0x06
    1028:	8d 83       	std	Y+5, r24	; 0x05
		__ticks = 1;
	else if (__tmp > 65535)
	{
		//	__ticks = requested delay in 1/10 ms
		__ticks = (uint16_t) (__ms * 10.0);
		while(__ticks)
    102a:	8d 81       	ldd	r24, Y+5	; 0x05
    102c:	9e 81       	ldd	r25, Y+6	; 0x06
    102e:	00 97       	sbiw	r24, 0x00	; 0
    1030:	69 f7       	brne	.-38     	; 0x100c <main+0x4c6>
    1032:	14 c0       	rjmp	.+40     	; 0x105c <main+0x516>
			__ticks --;
		}
		return;
	}
	else
		__ticks = (uint16_t)__tmp;
    1034:	6f 81       	ldd	r22, Y+7	; 0x07
    1036:	78 85       	ldd	r23, Y+8	; 0x08
    1038:	89 85       	ldd	r24, Y+9	; 0x09
    103a:	9a 85       	ldd	r25, Y+10	; 0x0a
    103c:	0e 94 49 00 	call	0x92	; 0x92 <__fixunssfsi>
    1040:	dc 01       	movw	r26, r24
    1042:	cb 01       	movw	r24, r22
    1044:	9e 83       	std	Y+6, r25	; 0x06
    1046:	8d 83       	std	Y+5, r24	; 0x05
    1048:	8d 81       	ldd	r24, Y+5	; 0x05
    104a:	9e 81       	ldd	r25, Y+6	; 0x06
    104c:	9a 83       	std	Y+2, r25	; 0x02
    104e:	89 83       	std	Y+1, r24	; 0x01
    1050:	89 81       	ldd	r24, Y+1	; 0x01
    1052:	9a 81       	ldd	r25, Y+2	; 0x02
    1054:	01 97       	sbiw	r24, 0x01	; 1
    1056:	f1 f7       	brne	.-4      	; 0x1054 <main+0x50e>
    1058:	9a 83       	std	Y+2, r25	; 0x02
    105a:	89 83       	std	Y+1, r24	; 0x01
				recieving_first_pass();
				_delay_ms(50);
				recieving_second_pass();
			}
			/*now the two passwords are the same so we can change the password*/
			for(i=0;i<5;i++) /*put the password2 in external memory*/
    105c:	80 91 71 00 	lds	r24, 0x0071
    1060:	8f 5f       	subi	r24, 0xFF	; 255
    1062:	80 93 71 00 	sts	0x0071, r24
    1066:	80 91 71 00 	lds	r24, 0x0071
    106a:	85 30       	cpi	r24, 0x05	; 5
    106c:	08 f4       	brcc	.+2      	; 0x1070 <main+0x52a>
    106e:	75 cf       	rjmp	.-278    	; 0xf5a <main+0x414>
    1070:	64 ce       	rjmp	.-824    	; 0xd3a <main+0x1f4>

00001072 <recieving_first_pass>:
}

/********************************functions implementation*******************************/

void recieving_first_pass(void)
{
    1072:	0f 93       	push	r16
    1074:	1f 93       	push	r17
    1076:	df 93       	push	r29
    1078:	cf 93       	push	r28
    107a:	cd b7       	in	r28, 0x3d	; 61
    107c:	de b7       	in	r29, 0x3e	; 62

	for(i=0;i<5;i++)
    107e:	10 92 71 00 	sts	0x0071, r1
    1082:	16 c0       	rjmp	.+44     	; 0x10b0 <recieving_first_pass+0x3e>
	{
		UART_sendByte(CONTROL_ready);
    1084:	82 e0       	ldi	r24, 0x02	; 2
    1086:	0e 94 d4 11 	call	0x23a8	; 0x23a8 <UART_sendByte>
		while(UART_recieveByte() != (HMI_ready)){}
    108a:	0e 94 eb 11 	call	0x23d6	; 0x23d6 <UART_recieveByte>
    108e:	81 30       	cpi	r24, 0x01	; 1
    1090:	e1 f7       	brne	.-8      	; 0x108a <recieving_first_pass+0x18>
		password1[i]= UART_recieveByte();
    1092:	80 91 71 00 	lds	r24, 0x0071
    1096:	08 2f       	mov	r16, r24
    1098:	10 e0       	ldi	r17, 0x00	; 0
    109a:	0e 94 eb 11 	call	0x23d6	; 0x23d6 <UART_recieveByte>
    109e:	f8 01       	movw	r30, r16
    10a0:	ee 58       	subi	r30, 0x8E	; 142
    10a2:	ff 4f       	sbci	r31, 0xFF	; 255
    10a4:	80 83       	st	Z, r24
/********************************functions implementation*******************************/

void recieving_first_pass(void)
{

	for(i=0;i<5;i++)
    10a6:	80 91 71 00 	lds	r24, 0x0071
    10aa:	8f 5f       	subi	r24, 0xFF	; 255
    10ac:	80 93 71 00 	sts	0x0071, r24
    10b0:	80 91 71 00 	lds	r24, 0x0071
    10b4:	85 30       	cpi	r24, 0x05	; 5
    10b6:	30 f3       	brcs	.-52     	; 0x1084 <recieving_first_pass+0x12>
		UART_sendByte(CONTROL_ready);
		while(UART_recieveByte() != (HMI_ready)){}
		password1[i]= UART_recieveByte();
	}

}
    10b8:	cf 91       	pop	r28
    10ba:	df 91       	pop	r29
    10bc:	1f 91       	pop	r17
    10be:	0f 91       	pop	r16
    10c0:	08 95       	ret

000010c2 <recieving_second_pass>:


void recieving_second_pass(void)
{
    10c2:	0f 93       	push	r16
    10c4:	1f 93       	push	r17
    10c6:	df 93       	push	r29
    10c8:	cf 93       	push	r28
    10ca:	cd b7       	in	r28, 0x3d	; 61
    10cc:	de b7       	in	r29, 0x3e	; 62
	for(i=0;i<5;i++)
    10ce:	10 92 71 00 	sts	0x0071, r1
    10d2:	16 c0       	rjmp	.+44     	; 0x1100 <recieving_second_pass+0x3e>
	{
		UART_sendByte(CONTROL_ready);
    10d4:	82 e0       	ldi	r24, 0x02	; 2
    10d6:	0e 94 d4 11 	call	0x23a8	; 0x23a8 <UART_sendByte>
		while(UART_recieveByte() != (HMI_ready)){}
    10da:	0e 94 eb 11 	call	0x23d6	; 0x23d6 <UART_recieveByte>
    10de:	81 30       	cpi	r24, 0x01	; 1
    10e0:	e1 f7       	brne	.-8      	; 0x10da <recieving_second_pass+0x18>
		password2[i]= UART_recieveByte();
    10e2:	80 91 71 00 	lds	r24, 0x0071
    10e6:	08 2f       	mov	r16, r24
    10e8:	10 e0       	ldi	r17, 0x00	; 0
    10ea:	0e 94 eb 11 	call	0x23d6	; 0x23d6 <UART_recieveByte>
    10ee:	f8 01       	movw	r30, r16
    10f0:	e5 59       	subi	r30, 0x95	; 149
    10f2:	ff 4f       	sbci	r31, 0xFF	; 255
    10f4:	80 83       	st	Z, r24
}


void recieving_second_pass(void)
{
	for(i=0;i<5;i++)
    10f6:	80 91 71 00 	lds	r24, 0x0071
    10fa:	8f 5f       	subi	r24, 0xFF	; 255
    10fc:	80 93 71 00 	sts	0x0071, r24
    1100:	80 91 71 00 	lds	r24, 0x0071
    1104:	85 30       	cpi	r24, 0x05	; 5
    1106:	30 f3       	brcs	.-52     	; 0x10d4 <recieving_second_pass+0x12>
		UART_sendByte(CONTROL_ready);
		while(UART_recieveByte() != (HMI_ready)){}
		password2[i]= UART_recieveByte();
	}

}
    1108:	cf 91       	pop	r28
    110a:	df 91       	pop	r29
    110c:	1f 91       	pop	r17
    110e:	0f 91       	pop	r16
    1110:	08 95       	ret

00001112 <compare>:



boolean compare(uint8*str1,uint8*str2)
{ uint8 state=TRUE;
    1112:	df 93       	push	r29
    1114:	cf 93       	push	r28
    1116:	00 d0       	rcall	.+0      	; 0x1118 <compare+0x6>
    1118:	00 d0       	rcall	.+0      	; 0x111a <compare+0x8>
    111a:	0f 92       	push	r0
    111c:	cd b7       	in	r28, 0x3d	; 61
    111e:	de b7       	in	r29, 0x3e	; 62
    1120:	9b 83       	std	Y+3, r25	; 0x03
    1122:	8a 83       	std	Y+2, r24	; 0x02
    1124:	7d 83       	std	Y+5, r23	; 0x05
    1126:	6c 83       	std	Y+4, r22	; 0x04
    1128:	81 e0       	ldi	r24, 0x01	; 1
    112a:	89 83       	std	Y+1, r24	; 0x01
for(i=0;i<5;i++)
    112c:	10 92 71 00 	sts	0x0071, r1
    1130:	1c c0       	rjmp	.+56     	; 0x116a <compare+0x58>
{
	if(str1[i]!=str2[i])
    1132:	80 91 71 00 	lds	r24, 0x0071
    1136:	28 2f       	mov	r18, r24
    1138:	30 e0       	ldi	r19, 0x00	; 0
    113a:	8a 81       	ldd	r24, Y+2	; 0x02
    113c:	9b 81       	ldd	r25, Y+3	; 0x03
    113e:	fc 01       	movw	r30, r24
    1140:	e2 0f       	add	r30, r18
    1142:	f3 1f       	adc	r31, r19
    1144:	40 81       	ld	r20, Z
    1146:	80 91 71 00 	lds	r24, 0x0071
    114a:	28 2f       	mov	r18, r24
    114c:	30 e0       	ldi	r19, 0x00	; 0
    114e:	8c 81       	ldd	r24, Y+4	; 0x04
    1150:	9d 81       	ldd	r25, Y+5	; 0x05
    1152:	fc 01       	movw	r30, r24
    1154:	e2 0f       	add	r30, r18
    1156:	f3 1f       	adc	r31, r19
    1158:	80 81       	ld	r24, Z
    115a:	48 17       	cp	r20, r24
    115c:	09 f0       	breq	.+2      	; 0x1160 <compare+0x4e>
	{
		state=FALSE;
    115e:	19 82       	std	Y+1, r1	; 0x01



boolean compare(uint8*str1,uint8*str2)
{ uint8 state=TRUE;
for(i=0;i<5;i++)
    1160:	80 91 71 00 	lds	r24, 0x0071
    1164:	8f 5f       	subi	r24, 0xFF	; 255
    1166:	80 93 71 00 	sts	0x0071, r24
    116a:	80 91 71 00 	lds	r24, 0x0071
    116e:	85 30       	cpi	r24, 0x05	; 5
    1170:	00 f3       	brcs	.-64     	; 0x1132 <compare+0x20>
	if(str1[i]!=str2[i])
	{
		state=FALSE;
	}
}
return state;
    1172:	89 81       	ldd	r24, Y+1	; 0x01
}
    1174:	0f 90       	pop	r0
    1176:	0f 90       	pop	r0
    1178:	0f 90       	pop	r0
    117a:	0f 90       	pop	r0
    117c:	0f 90       	pop	r0
    117e:	cf 91       	pop	r28
    1180:	df 91       	pop	r29
    1182:	08 95       	ret

00001184 <receive_print_options>:


receive_print_operation receive_print_options(void)
{
    1184:	df 93       	push	r29
    1186:	cf 93       	push	r28
    1188:	cd b7       	in	r28, 0x3d	; 61
    118a:	de b7       	in	r29, 0x3e	; 62
    118c:	ac 97       	sbiw	r28, 0x2c	; 44
    118e:	0f b6       	in	r0, 0x3f	; 63
    1190:	f8 94       	cli
    1192:	de bf       	out	0x3e, r29	; 62
    1194:	0f be       	out	0x3f, r0	; 63
    1196:	cd bf       	out	0x3d, r28	; 61


	for(i=0;i<5;i++) /*get password2 from external memory*/
    1198:	10 92 71 00 	sts	0x0071, r1
    119c:	86 c0       	rjmp	.+268    	; 0x12aa <receive_print_options+0x126>
	{
		EEPROM_readByte(FIRST_ADDRESS+i, &password2[i]);
    119e:	80 91 71 00 	lds	r24, 0x0071
    11a2:	48 2f       	mov	r20, r24
    11a4:	50 e0       	ldi	r21, 0x00	; 0
    11a6:	80 91 71 00 	lds	r24, 0x0071
    11aa:	88 2f       	mov	r24, r24
    11ac:	90 e0       	ldi	r25, 0x00	; 0
    11ae:	9c 01       	movw	r18, r24
    11b0:	25 59       	subi	r18, 0x95	; 149
    11b2:	3f 4f       	sbci	r19, 0xFF	; 255
    11b4:	ca 01       	movw	r24, r20
    11b6:	b9 01       	movw	r22, r18
    11b8:	0e 94 04 0c 	call	0x1808	; 0x1808 <EEPROM_readByte>
    11bc:	80 e0       	ldi	r24, 0x00	; 0
    11be:	90 e0       	ldi	r25, 0x00	; 0
    11c0:	a0 ea       	ldi	r26, 0xA0	; 160
    11c2:	b1 e4       	ldi	r27, 0x41	; 65
    11c4:	8f a3       	std	Y+39, r24	; 0x27
    11c6:	98 a7       	std	Y+40, r25	; 0x28
    11c8:	a9 a7       	std	Y+41, r26	; 0x29
    11ca:	ba a7       	std	Y+42, r27	; 0x2a
 */
void
_delay_ms(double __ms)
{
	uint16_t __ticks;
	double __tmp = ((F_CPU) / 4e3) * __ms;
    11cc:	6f a1       	ldd	r22, Y+39	; 0x27
    11ce:	78 a5       	ldd	r23, Y+40	; 0x28
    11d0:	89 a5       	ldd	r24, Y+41	; 0x29
    11d2:	9a a5       	ldd	r25, Y+42	; 0x2a
    11d4:	20 e0       	ldi	r18, 0x00	; 0
    11d6:	30 e0       	ldi	r19, 0x00	; 0
    11d8:	4a ef       	ldi	r20, 0xFA	; 250
    11da:	54 e4       	ldi	r21, 0x44	; 68
    11dc:	0e 94 1f 02 	call	0x43e	; 0x43e <__mulsf3>
    11e0:	dc 01       	movw	r26, r24
    11e2:	cb 01       	movw	r24, r22
    11e4:	8b a3       	std	Y+35, r24	; 0x23
    11e6:	9c a3       	std	Y+36, r25	; 0x24
    11e8:	ad a3       	std	Y+37, r26	; 0x25
    11ea:	be a3       	std	Y+38, r27	; 0x26
	if (__tmp < 1.0)
    11ec:	6b a1       	ldd	r22, Y+35	; 0x23
    11ee:	7c a1       	ldd	r23, Y+36	; 0x24
    11f0:	8d a1       	ldd	r24, Y+37	; 0x25
    11f2:	9e a1       	ldd	r25, Y+38	; 0x26
    11f4:	20 e0       	ldi	r18, 0x00	; 0
    11f6:	30 e0       	ldi	r19, 0x00	; 0
    11f8:	40 e8       	ldi	r20, 0x80	; 128
    11fa:	5f e3       	ldi	r21, 0x3F	; 63
    11fc:	0e 94 79 03 	call	0x6f2	; 0x6f2 <__ltsf2>
    1200:	88 23       	and	r24, r24
    1202:	2c f4       	brge	.+10     	; 0x120e <receive_print_options+0x8a>
		__ticks = 1;
    1204:	81 e0       	ldi	r24, 0x01	; 1
    1206:	90 e0       	ldi	r25, 0x00	; 0
    1208:	9a a3       	std	Y+34, r25	; 0x22
    120a:	89 a3       	std	Y+33, r24	; 0x21
    120c:	3f c0       	rjmp	.+126    	; 0x128c <receive_print_options+0x108>
	else if (__tmp > 65535)
    120e:	6b a1       	ldd	r22, Y+35	; 0x23
    1210:	7c a1       	ldd	r23, Y+36	; 0x24
    1212:	8d a1       	ldd	r24, Y+37	; 0x25
    1214:	9e a1       	ldd	r25, Y+38	; 0x26
    1216:	20 e0       	ldi	r18, 0x00	; 0
    1218:	3f ef       	ldi	r19, 0xFF	; 255
    121a:	4f e7       	ldi	r20, 0x7F	; 127
    121c:	57 e4       	ldi	r21, 0x47	; 71
    121e:	0e 94 19 03 	call	0x632	; 0x632 <__gtsf2>
    1222:	18 16       	cp	r1, r24
    1224:	4c f5       	brge	.+82     	; 0x1278 <receive_print_options+0xf4>
	{
		//	__ticks = requested delay in 1/10 ms
		__ticks = (uint16_t) (__ms * 10.0);
    1226:	6f a1       	ldd	r22, Y+39	; 0x27
    1228:	78 a5       	ldd	r23, Y+40	; 0x28
    122a:	89 a5       	ldd	r24, Y+41	; 0x29
    122c:	9a a5       	ldd	r25, Y+42	; 0x2a
    122e:	20 e0       	ldi	r18, 0x00	; 0
    1230:	30 e0       	ldi	r19, 0x00	; 0
    1232:	40 e2       	ldi	r20, 0x20	; 32
    1234:	51 e4       	ldi	r21, 0x41	; 65
    1236:	0e 94 1f 02 	call	0x43e	; 0x43e <__mulsf3>
    123a:	dc 01       	movw	r26, r24
    123c:	cb 01       	movw	r24, r22
    123e:	bc 01       	movw	r22, r24
    1240:	cd 01       	movw	r24, r26
    1242:	0e 94 49 00 	call	0x92	; 0x92 <__fixunssfsi>
    1246:	dc 01       	movw	r26, r24
    1248:	cb 01       	movw	r24, r22
    124a:	9a a3       	std	Y+34, r25	; 0x22
    124c:	89 a3       	std	Y+33, r24	; 0x21
    124e:	0f c0       	rjmp	.+30     	; 0x126e <receive_print_options+0xea>
    1250:	88 ec       	ldi	r24, 0xC8	; 200
    1252:	90 e0       	ldi	r25, 0x00	; 0
    1254:	98 a3       	std	Y+32, r25	; 0x20
    1256:	8f 8f       	std	Y+31, r24	; 0x1f
    1258:	8f 8d       	ldd	r24, Y+31	; 0x1f
    125a:	98 a1       	ldd	r25, Y+32	; 0x20
    125c:	01 97       	sbiw	r24, 0x01	; 1
    125e:	f1 f7       	brne	.-4      	; 0x125c <receive_print_options+0xd8>
    1260:	98 a3       	std	Y+32, r25	; 0x20
    1262:	8f 8f       	std	Y+31, r24	; 0x1f
		while(__ticks)
		{
			// wait 1/10 ms
			_delay_loop_2(((F_CPU) / 4e3) / 10);
			__ticks --;
    1264:	89 a1       	ldd	r24, Y+33	; 0x21
    1266:	9a a1       	ldd	r25, Y+34	; 0x22
    1268:	01 97       	sbiw	r24, 0x01	; 1
    126a:	9a a3       	std	Y+34, r25	; 0x22
    126c:	89 a3       	std	Y+33, r24	; 0x21
		__ticks = 1;
	else if (__tmp > 65535)
	{
		//	__ticks = requested delay in 1/10 ms
		__ticks = (uint16_t) (__ms * 10.0);
		while(__ticks)
    126e:	89 a1       	ldd	r24, Y+33	; 0x21
    1270:	9a a1       	ldd	r25, Y+34	; 0x22
    1272:	00 97       	sbiw	r24, 0x00	; 0
    1274:	69 f7       	brne	.-38     	; 0x1250 <receive_print_options+0xcc>
    1276:	14 c0       	rjmp	.+40     	; 0x12a0 <receive_print_options+0x11c>
			__ticks --;
		}
		return;
	}
	else
		__ticks = (uint16_t)__tmp;
    1278:	6b a1       	ldd	r22, Y+35	; 0x23
    127a:	7c a1       	ldd	r23, Y+36	; 0x24
    127c:	8d a1       	ldd	r24, Y+37	; 0x25
    127e:	9e a1       	ldd	r25, Y+38	; 0x26
    1280:	0e 94 49 00 	call	0x92	; 0x92 <__fixunssfsi>
    1284:	dc 01       	movw	r26, r24
    1286:	cb 01       	movw	r24, r22
    1288:	9a a3       	std	Y+34, r25	; 0x22
    128a:	89 a3       	std	Y+33, r24	; 0x21
    128c:	89 a1       	ldd	r24, Y+33	; 0x21
    128e:	9a a1       	ldd	r25, Y+34	; 0x22
    1290:	9e 8f       	std	Y+30, r25	; 0x1e
    1292:	8d 8f       	std	Y+29, r24	; 0x1d
    1294:	8d 8d       	ldd	r24, Y+29	; 0x1d
    1296:	9e 8d       	ldd	r25, Y+30	; 0x1e
    1298:	01 97       	sbiw	r24, 0x01	; 1
    129a:	f1 f7       	brne	.-4      	; 0x1298 <receive_print_options+0x114>
    129c:	9e 8f       	std	Y+30, r25	; 0x1e
    129e:	8d 8f       	std	Y+29, r24	; 0x1d

receive_print_operation receive_print_options(void)
{


	for(i=0;i<5;i++) /*get password2 from external memory*/
    12a0:	80 91 71 00 	lds	r24, 0x0071
    12a4:	8f 5f       	subi	r24, 0xFF	; 255
    12a6:	80 93 71 00 	sts	0x0071, r24
    12aa:	80 91 71 00 	lds	r24, 0x0071
    12ae:	85 30       	cpi	r24, 0x05	; 5
    12b0:	08 f4       	brcc	.+2      	; 0x12b4 <receive_print_options+0x130>
    12b2:	75 cf       	rjmp	.-278    	; 0x119e <receive_print_options+0x1a>
	{
		EEPROM_readByte(FIRST_ADDRESS+i, &password2[i]);
		_delay_ms(20);
	}

	UART_sendByte(CONTROL_ready);
    12b4:	82 e0       	ldi	r24, 0x02	; 2
    12b6:	0e 94 d4 11 	call	0x23a8	; 0x23a8 <UART_sendByte>
	while(UART_recieveByte() != (HMI_ready)){}
    12ba:	0e 94 eb 11 	call	0x23d6	; 0x23d6 <UART_recieveByte>
    12be:	81 30       	cpi	r24, 0x01	; 1
    12c0:	e1 f7       	brne	.-8      	; 0x12ba <receive_print_options+0x136>
	if(UART_recieveByte()==CHECK_PASSWORD_POSITIVE)
    12c2:	0e 94 eb 11 	call	0x23d6	; 0x23d6 <UART_recieveByte>
    12c6:	85 30       	cpi	r24, 0x05	; 5
    12c8:	09 f0       	breq	.+2      	; 0x12cc <receive_print_options+0x148>
    12ca:	db c0       	rjmp	.+438    	; 0x1482 <receive_print_options+0x2fe>

	{
		for(i=0;i<=3;i++)
    12cc:	10 92 71 00 	sts	0x0071, r1
    12d0:	d2 c0       	rjmp	.+420    	; 0x1476 <receive_print_options+0x2f2>
		{
			if(i==3) /*if pasword was wrong more than 3 times */
    12d2:	80 91 71 00 	lds	r24, 0x0071
    12d6:	83 30       	cpi	r24, 0x03	; 3
    12d8:	09 f0       	breq	.+2      	; 0x12dc <receive_print_options+0x158>
    12da:	79 c0       	rjmp	.+242    	; 0x13ce <receive_print_options+0x24a>
			{
				Buzzer_on();
    12dc:	0e 94 13 0b 	call	0x1626	; 0x1626 <Buzzer_on>
    12e0:	80 e0       	ldi	r24, 0x00	; 0
    12e2:	90 e0       	ldi	r25, 0x00	; 0
    12e4:	aa e7       	ldi	r26, 0x7A	; 122
    12e6:	b4 e4       	ldi	r27, 0x44	; 68
    12e8:	89 8f       	std	Y+25, r24	; 0x19
    12ea:	9a 8f       	std	Y+26, r25	; 0x1a
    12ec:	ab 8f       	std	Y+27, r26	; 0x1b
    12ee:	bc 8f       	std	Y+28, r27	; 0x1c
 */
void
_delay_ms(double __ms)
{
	uint16_t __ticks;
	double __tmp = ((F_CPU) / 4e3) * __ms;
    12f0:	69 8d       	ldd	r22, Y+25	; 0x19
    12f2:	7a 8d       	ldd	r23, Y+26	; 0x1a
    12f4:	8b 8d       	ldd	r24, Y+27	; 0x1b
    12f6:	9c 8d       	ldd	r25, Y+28	; 0x1c
    12f8:	20 e0       	ldi	r18, 0x00	; 0
    12fa:	30 e0       	ldi	r19, 0x00	; 0
    12fc:	4a ef       	ldi	r20, 0xFA	; 250
    12fe:	54 e4       	ldi	r21, 0x44	; 68
    1300:	0e 94 1f 02 	call	0x43e	; 0x43e <__mulsf3>
    1304:	dc 01       	movw	r26, r24
    1306:	cb 01       	movw	r24, r22
    1308:	8d 8b       	std	Y+21, r24	; 0x15
    130a:	9e 8b       	std	Y+22, r25	; 0x16
    130c:	af 8b       	std	Y+23, r26	; 0x17
    130e:	b8 8f       	std	Y+24, r27	; 0x18
	if (__tmp < 1.0)
    1310:	6d 89       	ldd	r22, Y+21	; 0x15
    1312:	7e 89       	ldd	r23, Y+22	; 0x16
    1314:	8f 89       	ldd	r24, Y+23	; 0x17
    1316:	98 8d       	ldd	r25, Y+24	; 0x18
    1318:	20 e0       	ldi	r18, 0x00	; 0
    131a:	30 e0       	ldi	r19, 0x00	; 0
    131c:	40 e8       	ldi	r20, 0x80	; 128
    131e:	5f e3       	ldi	r21, 0x3F	; 63
    1320:	0e 94 79 03 	call	0x6f2	; 0x6f2 <__ltsf2>
    1324:	88 23       	and	r24, r24
    1326:	2c f4       	brge	.+10     	; 0x1332 <receive_print_options+0x1ae>
		__ticks = 1;
    1328:	81 e0       	ldi	r24, 0x01	; 1
    132a:	90 e0       	ldi	r25, 0x00	; 0
    132c:	9c 8b       	std	Y+20, r25	; 0x14
    132e:	8b 8b       	std	Y+19, r24	; 0x13
    1330:	3f c0       	rjmp	.+126    	; 0x13b0 <receive_print_options+0x22c>
	else if (__tmp > 65535)
    1332:	6d 89       	ldd	r22, Y+21	; 0x15
    1334:	7e 89       	ldd	r23, Y+22	; 0x16
    1336:	8f 89       	ldd	r24, Y+23	; 0x17
    1338:	98 8d       	ldd	r25, Y+24	; 0x18
    133a:	20 e0       	ldi	r18, 0x00	; 0
    133c:	3f ef       	ldi	r19, 0xFF	; 255
    133e:	4f e7       	ldi	r20, 0x7F	; 127
    1340:	57 e4       	ldi	r21, 0x47	; 71
    1342:	0e 94 19 03 	call	0x632	; 0x632 <__gtsf2>
    1346:	18 16       	cp	r1, r24
    1348:	4c f5       	brge	.+82     	; 0x139c <receive_print_options+0x218>
	{
		//	__ticks = requested delay in 1/10 ms
		__ticks = (uint16_t) (__ms * 10.0);
    134a:	69 8d       	ldd	r22, Y+25	; 0x19
    134c:	7a 8d       	ldd	r23, Y+26	; 0x1a
    134e:	8b 8d       	ldd	r24, Y+27	; 0x1b
    1350:	9c 8d       	ldd	r25, Y+28	; 0x1c
    1352:	20 e0       	ldi	r18, 0x00	; 0
    1354:	30 e0       	ldi	r19, 0x00	; 0
    1356:	40 e2       	ldi	r20, 0x20	; 32
    1358:	51 e4       	ldi	r21, 0x41	; 65
    135a:	0e 94 1f 02 	call	0x43e	; 0x43e <__mulsf3>
    135e:	dc 01       	movw	r26, r24
    1360:	cb 01       	movw	r24, r22
    1362:	bc 01       	movw	r22, r24
    1364:	cd 01       	movw	r24, r26
    1366:	0e 94 49 00 	call	0x92	; 0x92 <__fixunssfsi>
    136a:	dc 01       	movw	r26, r24
    136c:	cb 01       	movw	r24, r22
    136e:	9c 8b       	std	Y+20, r25	; 0x14
    1370:	8b 8b       	std	Y+19, r24	; 0x13
    1372:	0f c0       	rjmp	.+30     	; 0x1392 <receive_print_options+0x20e>
    1374:	88 ec       	ldi	r24, 0xC8	; 200
    1376:	90 e0       	ldi	r25, 0x00	; 0
    1378:	9a 8b       	std	Y+18, r25	; 0x12
    137a:	89 8b       	std	Y+17, r24	; 0x11
    137c:	89 89       	ldd	r24, Y+17	; 0x11
    137e:	9a 89       	ldd	r25, Y+18	; 0x12
    1380:	01 97       	sbiw	r24, 0x01	; 1
    1382:	f1 f7       	brne	.-4      	; 0x1380 <receive_print_options+0x1fc>
    1384:	9a 8b       	std	Y+18, r25	; 0x12
    1386:	89 8b       	std	Y+17, r24	; 0x11
		while(__ticks)
		{
			// wait 1/10 ms
			_delay_loop_2(((F_CPU) / 4e3) / 10);
			__ticks --;
    1388:	8b 89       	ldd	r24, Y+19	; 0x13
    138a:	9c 89       	ldd	r25, Y+20	; 0x14
    138c:	01 97       	sbiw	r24, 0x01	; 1
    138e:	9c 8b       	std	Y+20, r25	; 0x14
    1390:	8b 8b       	std	Y+19, r24	; 0x13
		__ticks = 1;
	else if (__tmp > 65535)
	{
		//	__ticks = requested delay in 1/10 ms
		__ticks = (uint16_t) (__ms * 10.0);
		while(__ticks)
    1392:	8b 89       	ldd	r24, Y+19	; 0x13
    1394:	9c 89       	ldd	r25, Y+20	; 0x14
    1396:	00 97       	sbiw	r24, 0x00	; 0
    1398:	69 f7       	brne	.-38     	; 0x1374 <receive_print_options+0x1f0>
    139a:	14 c0       	rjmp	.+40     	; 0x13c4 <receive_print_options+0x240>
			__ticks --;
		}
		return;
	}
	else
		__ticks = (uint16_t)__tmp;
    139c:	6d 89       	ldd	r22, Y+21	; 0x15
    139e:	7e 89       	ldd	r23, Y+22	; 0x16
    13a0:	8f 89       	ldd	r24, Y+23	; 0x17
    13a2:	98 8d       	ldd	r25, Y+24	; 0x18
    13a4:	0e 94 49 00 	call	0x92	; 0x92 <__fixunssfsi>
    13a8:	dc 01       	movw	r26, r24
    13aa:	cb 01       	movw	r24, r22
    13ac:	9c 8b       	std	Y+20, r25	; 0x14
    13ae:	8b 8b       	std	Y+19, r24	; 0x13
    13b0:	8b 89       	ldd	r24, Y+19	; 0x13
    13b2:	9c 89       	ldd	r25, Y+20	; 0x14
    13b4:	98 8b       	std	Y+16, r25	; 0x10
    13b6:	8f 87       	std	Y+15, r24	; 0x0f
    13b8:	8f 85       	ldd	r24, Y+15	; 0x0f
    13ba:	98 89       	ldd	r25, Y+16	; 0x10
    13bc:	01 97       	sbiw	r24, 0x01	; 1
    13be:	f1 f7       	brne	.-4      	; 0x13bc <receive_print_options+0x238>
    13c0:	98 8b       	std	Y+16, r25	; 0x10
    13c2:	8f 87       	std	Y+15, r24	; 0x0f
				_delay_ms(1000);
				Buzzer_off();
    13c4:	0e 94 1f 0b 	call	0x163e	; 0x163e <Buzzer_off>
				return start_again;
    13c8:	81 e0       	ldi	r24, 0x01	; 1
    13ca:	8b a7       	std	Y+43, r24	; 0x2b
    13cc:	fd c0       	rjmp	.+506    	; 0x15c8 <receive_print_options+0x444>
			}
			recieving_first_pass();
    13ce:	0e 94 39 08 	call	0x1072	; 0x1072 <recieving_first_pass>

			if(compare(password1,password2)==TRUE)/*if input password is right*/
    13d2:	82 e7       	ldi	r24, 0x72	; 114
    13d4:	90 e0       	ldi	r25, 0x00	; 0
    13d6:	2b e6       	ldi	r18, 0x6B	; 107
    13d8:	30 e0       	ldi	r19, 0x00	; 0
    13da:	b9 01       	movw	r22, r18
    13dc:	0e 94 89 08 	call	0x1112	; 0x1112 <compare>
    13e0:	81 30       	cpi	r24, 0x01	; 1
    13e2:	d1 f5       	brne	.+116    	; 0x1458 <receive_print_options+0x2d4>
			{
				/*now we are sure that the input password is right*/
				UART_sendByte(CONTROL_ready);/*polling for sending to HMI to compare*/
    13e4:	82 e0       	ldi	r24, 0x02	; 2
    13e6:	0e 94 d4 11 	call	0x23a8	; 0x23a8 <UART_sendByte>
				while(UART_recieveByte() != (HMI_ready)){}
    13ea:	0e 94 eb 11 	call	0x23d6	; 0x23d6 <UART_recieveByte>
    13ee:	81 30       	cpi	r24, 0x01	; 1
    13f0:	e1 f7       	brne	.-8      	; 0x13ea <receive_print_options+0x266>
				UART_sendByte(COMPARE_TRUE);
    13f2:	89 e0       	ldi	r24, 0x09	; 9
    13f4:	0e 94 d4 11 	call	0x23a8	; 0x23a8 <UART_sendByte>

				UART_sendByte(CONTROL_ready);/*polling for sending to HMI to open the door */
    13f8:	82 e0       	ldi	r24, 0x02	; 2
    13fa:	0e 94 d4 11 	call	0x23a8	; 0x23a8 <UART_sendByte>
				while(UART_recieveByte() != (HMI_ready)){}
    13fe:	0e 94 eb 11 	call	0x23d6	; 0x23d6 <UART_recieveByte>
    1402:	81 30       	cpi	r24, 0x01	; 1
    1404:	e1 f7       	brne	.-8      	; 0x13fe <receive_print_options+0x27a>
				UART_sendByte(OPEN_DOOR);
    1406:	86 e0       	ldi	r24, 0x06	; 6
    1408:	0e 94 d4 11 	call	0x23a8	; 0x23a8 <UART_sendByte>
				Timer1_init(&init_3sec_timer1); /*start timer*/
    140c:	88 e7       	ldi	r24, 0x78	; 120
    140e:	90 e0       	ldi	r25, 0x00	; 0
    1410:	0e 94 22 10 	call	0x2044	; 0x2044 <Timer1_init>
    1414:	04 c0       	rjmp	.+8      	; 0x141e <receive_print_options+0x29a>
				while(g_control<5) /*till the timer counts 15sec */
				{
					DcMotor_Rotate(clockwise,100);
    1416:	81 e0       	ldi	r24, 0x01	; 1
    1418:	64 e6       	ldi	r22, 0x64	; 100
    141a:	0e 94 4b 0b 	call	0x1696	; 0x1696 <DcMotor_Rotate>

				UART_sendByte(CONTROL_ready);/*polling for sending to HMI to open the door */
				while(UART_recieveByte() != (HMI_ready)){}
				UART_sendByte(OPEN_DOOR);
				Timer1_init(&init_3sec_timer1); /*start timer*/
				while(g_control<5) /*till the timer counts 15sec */
    141e:	80 91 68 00 	lds	r24, 0x0068
    1422:	85 30       	cpi	r24, 0x05	; 5
    1424:	c0 f3       	brcs	.-16     	; 0x1416 <receive_print_options+0x292>
    1426:	04 c0       	rjmp	.+8      	; 0x1430 <receive_print_options+0x2ac>
				{
					DcMotor_Rotate(clockwise,100);
				}
				while(g_control<6) /*till the timer counts 18sec */
				{
					DcMotor_Rotate(no_rotate, 0);
    1428:	80 e0       	ldi	r24, 0x00	; 0
    142a:	60 e0       	ldi	r22, 0x00	; 0
    142c:	0e 94 4b 0b 	call	0x1696	; 0x1696 <DcMotor_Rotate>
				Timer1_init(&init_3sec_timer1); /*start timer*/
				while(g_control<5) /*till the timer counts 15sec */
				{
					DcMotor_Rotate(clockwise,100);
				}
				while(g_control<6) /*till the timer counts 18sec */
    1430:	80 91 68 00 	lds	r24, 0x0068
    1434:	86 30       	cpi	r24, 0x06	; 6
    1436:	c0 f3       	brcs	.-16     	; 0x1428 <receive_print_options+0x2a4>
    1438:	04 c0       	rjmp	.+8      	; 0x1442 <receive_print_options+0x2be>
				{
					DcMotor_Rotate(no_rotate, 0);
				}
				while(g_control<11) /*till the timer counts 33sec*/
				{
					DcMotor_Rotate(anti_clockwise, 100);
    143a:	82 e0       	ldi	r24, 0x02	; 2
    143c:	64 e6       	ldi	r22, 0x64	; 100
    143e:	0e 94 4b 0b 	call	0x1696	; 0x1696 <DcMotor_Rotate>
				}
				while(g_control<6) /*till the timer counts 18sec */
				{
					DcMotor_Rotate(no_rotate, 0);
				}
				while(g_control<11) /*till the timer counts 33sec*/
    1442:	80 91 68 00 	lds	r24, 0x0068
    1446:	8b 30       	cpi	r24, 0x0B	; 11
    1448:	c0 f3       	brcs	.-16     	; 0x143a <receive_print_options+0x2b6>
				{
					DcMotor_Rotate(anti_clockwise, 100);
				}

				DcMotor_Rotate(no_rotate, 0);
    144a:	80 e0       	ldi	r24, 0x00	; 0
    144c:	60 e0       	ldi	r22, 0x00	; 0
    144e:	0e 94 4b 0b 	call	0x1696	; 0x1696 <DcMotor_Rotate>
				return start_again;
    1452:	81 e0       	ldi	r24, 0x01	; 1
    1454:	8b a7       	std	Y+43, r24	; 0x2b
    1456:	b8 c0       	rjmp	.+368    	; 0x15c8 <receive_print_options+0x444>

			}
			else /*if the password is not right*/
			{

				UART_sendByte(CONTROL_ready);/*polling for sending to HMI to print options*/
    1458:	82 e0       	ldi	r24, 0x02	; 2
    145a:	0e 94 d4 11 	call	0x23a8	; 0x23a8 <UART_sendByte>
				while(UART_recieveByte() != (HMI_ready)){}
    145e:	0e 94 eb 11 	call	0x23d6	; 0x23d6 <UART_recieveByte>
    1462:	81 30       	cpi	r24, 0x01	; 1
    1464:	e1 f7       	brne	.-8      	; 0x145e <receive_print_options+0x2da>
				UART_sendByte(COMPARE_FALSE);
    1466:	83 e0       	ldi	r24, 0x03	; 3
    1468:	0e 94 d4 11 	call	0x23a8	; 0x23a8 <UART_sendByte>
	UART_sendByte(CONTROL_ready);
	while(UART_recieveByte() != (HMI_ready)){}
	if(UART_recieveByte()==CHECK_PASSWORD_POSITIVE)

	{
		for(i=0;i<=3;i++)
    146c:	80 91 71 00 	lds	r24, 0x0071
    1470:	8f 5f       	subi	r24, 0xFF	; 255
    1472:	80 93 71 00 	sts	0x0071, r24
    1476:	80 91 71 00 	lds	r24, 0x0071
    147a:	84 30       	cpi	r24, 0x04	; 4
    147c:	08 f4       	brcc	.+2      	; 0x1480 <receive_print_options+0x2fc>
    147e:	29 cf       	rjmp	.-430    	; 0x12d2 <receive_print_options+0x14e>
    1480:	a2 c0       	rjmp	.+324    	; 0x15c6 <receive_print_options+0x442>
	}

	else       /*receiving "-" bottom pressed by user from HMI */

	{
		for(i=0;i<=3;i++)
    1482:	10 92 71 00 	sts	0x0071, r1
    1486:	9a c0       	rjmp	.+308    	; 0x15bc <receive_print_options+0x438>
		{
			if(i==3) /*if pasword was wrong more than 3 times */
    1488:	80 91 71 00 	lds	r24, 0x0071
    148c:	83 30       	cpi	r24, 0x03	; 3
    148e:	09 f0       	breq	.+2      	; 0x1492 <receive_print_options+0x30e>
    1490:	79 c0       	rjmp	.+242    	; 0x1584 <receive_print_options+0x400>
			{
				Buzzer_on();
    1492:	0e 94 13 0b 	call	0x1626	; 0x1626 <Buzzer_on>
    1496:	80 e0       	ldi	r24, 0x00	; 0
    1498:	90 e0       	ldi	r25, 0x00	; 0
    149a:	aa e7       	ldi	r26, 0x7A	; 122
    149c:	b4 e4       	ldi	r27, 0x44	; 68
    149e:	8b 87       	std	Y+11, r24	; 0x0b
    14a0:	9c 87       	std	Y+12, r25	; 0x0c
    14a2:	ad 87       	std	Y+13, r26	; 0x0d
    14a4:	be 87       	std	Y+14, r27	; 0x0e
 */
void
_delay_ms(double __ms)
{
	uint16_t __ticks;
	double __tmp = ((F_CPU) / 4e3) * __ms;
    14a6:	6b 85       	ldd	r22, Y+11	; 0x0b
    14a8:	7c 85       	ldd	r23, Y+12	; 0x0c
    14aa:	8d 85       	ldd	r24, Y+13	; 0x0d
    14ac:	9e 85       	ldd	r25, Y+14	; 0x0e
    14ae:	20 e0       	ldi	r18, 0x00	; 0
    14b0:	30 e0       	ldi	r19, 0x00	; 0
    14b2:	4a ef       	ldi	r20, 0xFA	; 250
    14b4:	54 e4       	ldi	r21, 0x44	; 68
    14b6:	0e 94 1f 02 	call	0x43e	; 0x43e <__mulsf3>
    14ba:	dc 01       	movw	r26, r24
    14bc:	cb 01       	movw	r24, r22
    14be:	8f 83       	std	Y+7, r24	; 0x07
    14c0:	98 87       	std	Y+8, r25	; 0x08
    14c2:	a9 87       	std	Y+9, r26	; 0x09
    14c4:	ba 87       	std	Y+10, r27	; 0x0a
	if (__tmp < 1.0)
    14c6:	6f 81       	ldd	r22, Y+7	; 0x07
    14c8:	78 85       	ldd	r23, Y+8	; 0x08
    14ca:	89 85       	ldd	r24, Y+9	; 0x09
    14cc:	9a 85       	ldd	r25, Y+10	; 0x0a
    14ce:	20 e0       	ldi	r18, 0x00	; 0
    14d0:	30 e0       	ldi	r19, 0x00	; 0
    14d2:	40 e8       	ldi	r20, 0x80	; 128
    14d4:	5f e3       	ldi	r21, 0x3F	; 63
    14d6:	0e 94 79 03 	call	0x6f2	; 0x6f2 <__ltsf2>
    14da:	88 23       	and	r24, r24
    14dc:	2c f4       	brge	.+10     	; 0x14e8 <receive_print_options+0x364>
		__ticks = 1;
    14de:	81 e0       	ldi	r24, 0x01	; 1
    14e0:	90 e0       	ldi	r25, 0x00	; 0
    14e2:	9e 83       	std	Y+6, r25	; 0x06
    14e4:	8d 83       	std	Y+5, r24	; 0x05
    14e6:	3f c0       	rjmp	.+126    	; 0x1566 <receive_print_options+0x3e2>
	else if (__tmp > 65535)
    14e8:	6f 81       	ldd	r22, Y+7	; 0x07
    14ea:	78 85       	ldd	r23, Y+8	; 0x08
    14ec:	89 85       	ldd	r24, Y+9	; 0x09
    14ee:	9a 85       	ldd	r25, Y+10	; 0x0a
    14f0:	20 e0       	ldi	r18, 0x00	; 0
    14f2:	3f ef       	ldi	r19, 0xFF	; 255
    14f4:	4f e7       	ldi	r20, 0x7F	; 127
    14f6:	57 e4       	ldi	r21, 0x47	; 71
    14f8:	0e 94 19 03 	call	0x632	; 0x632 <__gtsf2>
    14fc:	18 16       	cp	r1, r24
    14fe:	4c f5       	brge	.+82     	; 0x1552 <receive_print_options+0x3ce>
	{
		//	__ticks = requested delay in 1/10 ms
		__ticks = (uint16_t) (__ms * 10.0);
    1500:	6b 85       	ldd	r22, Y+11	; 0x0b
    1502:	7c 85       	ldd	r23, Y+12	; 0x0c
    1504:	8d 85       	ldd	r24, Y+13	; 0x0d
    1506:	9e 85       	ldd	r25, Y+14	; 0x0e
    1508:	20 e0       	ldi	r18, 0x00	; 0
    150a:	30 e0       	ldi	r19, 0x00	; 0
    150c:	40 e2       	ldi	r20, 0x20	; 32
    150e:	51 e4       	ldi	r21, 0x41	; 65
    1510:	0e 94 1f 02 	call	0x43e	; 0x43e <__mulsf3>
    1514:	dc 01       	movw	r26, r24
    1516:	cb 01       	movw	r24, r22
    1518:	bc 01       	movw	r22, r24
    151a:	cd 01       	movw	r24, r26
    151c:	0e 94 49 00 	call	0x92	; 0x92 <__fixunssfsi>
    1520:	dc 01       	movw	r26, r24
    1522:	cb 01       	movw	r24, r22
    1524:	9e 83       	std	Y+6, r25	; 0x06
    1526:	8d 83       	std	Y+5, r24	; 0x05
    1528:	0f c0       	rjmp	.+30     	; 0x1548 <receive_print_options+0x3c4>
    152a:	88 ec       	ldi	r24, 0xC8	; 200
    152c:	90 e0       	ldi	r25, 0x00	; 0
    152e:	9c 83       	std	Y+4, r25	; 0x04
    1530:	8b 83       	std	Y+3, r24	; 0x03
    1532:	8b 81       	ldd	r24, Y+3	; 0x03
    1534:	9c 81       	ldd	r25, Y+4	; 0x04
    1536:	01 97       	sbiw	r24, 0x01	; 1
    1538:	f1 f7       	brne	.-4      	; 0x1536 <receive_print_options+0x3b2>
    153a:	9c 83       	std	Y+4, r25	; 0x04
    153c:	8b 83       	std	Y+3, r24	; 0x03
		while(__ticks)
		{
			// wait 1/10 ms
			_delay_loop_2(((F_CPU) / 4e3) / 10);
			__ticks --;
    153e:	8d 81       	ldd	r24, Y+5	; 0x05
    1540:	9e 81       	ldd	r25, Y+6	; 0x06
    1542:	01 97       	sbiw	r24, 0x01	; 1
    1544:	9e 83       	std	Y+6, r25	; 0x06
    1546:	8d 83       	std	Y+5, r24	; 0x05
		__ticks = 1;
	else if (__tmp > 65535)
	{
		//	__ticks = requested delay in 1/10 ms
		__ticks = (uint16_t) (__ms * 10.0);
		while(__ticks)
    1548:	8d 81       	ldd	r24, Y+5	; 0x05
    154a:	9e 81       	ldd	r25, Y+6	; 0x06
    154c:	00 97       	sbiw	r24, 0x00	; 0
    154e:	69 f7       	brne	.-38     	; 0x152a <receive_print_options+0x3a6>
    1550:	14 c0       	rjmp	.+40     	; 0x157a <receive_print_options+0x3f6>
			__ticks --;
		}
		return;
	}
	else
		__ticks = (uint16_t)__tmp;
    1552:	6f 81       	ldd	r22, Y+7	; 0x07
    1554:	78 85       	ldd	r23, Y+8	; 0x08
    1556:	89 85       	ldd	r24, Y+9	; 0x09
    1558:	9a 85       	ldd	r25, Y+10	; 0x0a
    155a:	0e 94 49 00 	call	0x92	; 0x92 <__fixunssfsi>
    155e:	dc 01       	movw	r26, r24
    1560:	cb 01       	movw	r24, r22
    1562:	9e 83       	std	Y+6, r25	; 0x06
    1564:	8d 83       	std	Y+5, r24	; 0x05
    1566:	8d 81       	ldd	r24, Y+5	; 0x05
    1568:	9e 81       	ldd	r25, Y+6	; 0x06
    156a:	9a 83       	std	Y+2, r25	; 0x02
    156c:	89 83       	std	Y+1, r24	; 0x01
    156e:	89 81       	ldd	r24, Y+1	; 0x01
    1570:	9a 81       	ldd	r25, Y+2	; 0x02
    1572:	01 97       	sbiw	r24, 0x01	; 1
    1574:	f1 f7       	brne	.-4      	; 0x1572 <receive_print_options+0x3ee>
    1576:	9a 83       	std	Y+2, r25	; 0x02
    1578:	89 83       	std	Y+1, r24	; 0x01
				_delay_ms(1000);
				Buzzer_off();
    157a:	0e 94 1f 0b 	call	0x163e	; 0x163e <Buzzer_off>
				return start_again;
    157e:	81 e0       	ldi	r24, 0x01	; 1
    1580:	8b a7       	std	Y+43, r24	; 0x2b
    1582:	22 c0       	rjmp	.+68     	; 0x15c8 <receive_print_options+0x444>
			}
			recieving_first_pass();
    1584:	0e 94 39 08 	call	0x1072	; 0x1072 <recieving_first_pass>

			if(compare(password1,password2)==TRUE)/*if input password is right*/
    1588:	82 e7       	ldi	r24, 0x72	; 114
    158a:	90 e0       	ldi	r25, 0x00	; 0
    158c:	2b e6       	ldi	r18, 0x6B	; 107
    158e:	30 e0       	ldi	r19, 0x00	; 0
    1590:	b9 01       	movw	r22, r18
    1592:	0e 94 89 08 	call	0x1112	; 0x1112 <compare>
    1596:	81 30       	cpi	r24, 0x01	; 1
    1598:	11 f4       	brne	.+4      	; 0x159e <receive_print_options+0x41a>
			{
				return change_pass;
    159a:	1b a6       	std	Y+43, r1	; 0x2b
    159c:	15 c0       	rjmp	.+42     	; 0x15c8 <receive_print_options+0x444>

			}
			else /*if the password is not right*/
			{

				UART_sendByte(CONTROL_ready);/*polling for sending to HMI to print options*/
    159e:	82 e0       	ldi	r24, 0x02	; 2
    15a0:	0e 94 d4 11 	call	0x23a8	; 0x23a8 <UART_sendByte>
				while(UART_recieveByte() != (HMI_ready)){}
    15a4:	0e 94 eb 11 	call	0x23d6	; 0x23d6 <UART_recieveByte>
    15a8:	81 30       	cpi	r24, 0x01	; 1
    15aa:	e1 f7       	brne	.-8      	; 0x15a4 <receive_print_options+0x420>
				UART_sendByte(COMPARE_FALSE);
    15ac:	83 e0       	ldi	r24, 0x03	; 3
    15ae:	0e 94 d4 11 	call	0x23a8	; 0x23a8 <UART_sendByte>
	}

	else       /*receiving "-" bottom pressed by user from HMI */

	{
		for(i=0;i<=3;i++)
    15b2:	80 91 71 00 	lds	r24, 0x0071
    15b6:	8f 5f       	subi	r24, 0xFF	; 255
    15b8:	80 93 71 00 	sts	0x0071, r24
    15bc:	80 91 71 00 	lds	r24, 0x0071
    15c0:	84 30       	cpi	r24, 0x04	; 4
    15c2:	08 f4       	brcc	.+2      	; 0x15c6 <receive_print_options+0x442>
    15c4:	61 cf       	rjmp	.-318    	; 0x1488 <receive_print_options+0x304>
    15c6:	02 c0       	rjmp	.+4      	; 0x15cc <receive_print_options+0x448>
				continue;

			}
		}
	}
}
    15c8:	8b a5       	ldd	r24, Y+43	; 0x2b
    15ca:	8c a7       	std	Y+44, r24	; 0x2c
    15cc:	8c a5       	ldd	r24, Y+44	; 0x2c
    15ce:	ac 96       	adiw	r28, 0x2c	; 44
    15d0:	0f b6       	in	r0, 0x3f	; 63
    15d2:	f8 94       	cli
    15d4:	de bf       	out	0x3e, r29	; 62
    15d6:	0f be       	out	0x3f, r0	; 63
    15d8:	cd bf       	out	0x3d, r28	; 61
    15da:	cf 91       	pop	r28
    15dc:	df 91       	pop	r29
    15de:	08 95       	ret

000015e0 <callback_set_time>:


void callback_set_time(void)
{
    15e0:	df 93       	push	r29
    15e2:	cf 93       	push	r28
    15e4:	cd b7       	in	r28, 0x3d	; 61
    15e6:	de b7       	in	r29, 0x3e	; 62
	g_control++;
    15e8:	80 91 68 00 	lds	r24, 0x0068
    15ec:	8f 5f       	subi	r24, 0xFF	; 255
    15ee:	80 93 68 00 	sts	0x0068, r24
	if(g_control>11)   /*each interrupt increase (g_control) by 1 that indicates 3 sec delayed
    15f2:	80 91 68 00 	lds	r24, 0x0068
    15f6:	8c 30       	cpi	r24, 0x0C	; 12
    15f8:	10 f0       	brcs	.+4      	; 0x15fe <callback_set_time+0x1e>
	 *we want (15+3+15) so we want max value of (g_control) =11 then initialize it again
	 *to zero
	 */
	{
		g_control=0;
    15fa:	10 92 68 00 	sts	0x0068, r1
	}
}
    15fe:	cf 91       	pop	r28
    1600:	df 91       	pop	r29
    1602:	08 95       	ret

00001604 <Buzzer_init>:
 */

#include"buzzer.h"
#include "gpio.h"
void Buzzer_init(void)
{
    1604:	df 93       	push	r29
    1606:	cf 93       	push	r28
    1608:	cd b7       	in	r28, 0x3d	; 61
    160a:	de b7       	in	r29, 0x3e	; 62
	GPIO_setupPinDirection(BUZZER_PORT, BUZZER_PIN, PIN_OUTPUT);
    160c:	83 e0       	ldi	r24, 0x03	; 3
    160e:	62 e0       	ldi	r22, 0x02	; 2
    1610:	41 e0       	ldi	r20, 0x01	; 1
    1612:	0e 94 64 0c 	call	0x18c8	; 0x18c8 <GPIO_setupPinDirection>
	GPIO_writePin(BUZZER_PORT, BUZZER_PIN, LOGIC_LOW);
    1616:	83 e0       	ldi	r24, 0x03	; 3
    1618:	62 e0       	ldi	r22, 0x02	; 2
    161a:	40 e0       	ldi	r20, 0x00	; 0
    161c:	0e 94 4f 0d 	call	0x1a9e	; 0x1a9e <GPIO_writePin>
}
    1620:	cf 91       	pop	r28
    1622:	df 91       	pop	r29
    1624:	08 95       	ret

00001626 <Buzzer_on>:
void Buzzer_on(void)
{
    1626:	df 93       	push	r29
    1628:	cf 93       	push	r28
    162a:	cd b7       	in	r28, 0x3d	; 61
    162c:	de b7       	in	r29, 0x3e	; 62
	GPIO_writePin(BUZZER_PORT, BUZZER_PIN, LOGIC_HIGH);
    162e:	83 e0       	ldi	r24, 0x03	; 3
    1630:	62 e0       	ldi	r22, 0x02	; 2
    1632:	41 e0       	ldi	r20, 0x01	; 1
    1634:	0e 94 4f 0d 	call	0x1a9e	; 0x1a9e <GPIO_writePin>
}
    1638:	cf 91       	pop	r28
    163a:	df 91       	pop	r29
    163c:	08 95       	ret

0000163e <Buzzer_off>:
void Buzzer_off(void)
{
    163e:	df 93       	push	r29
    1640:	cf 93       	push	r28
    1642:	cd b7       	in	r28, 0x3d	; 61
    1644:	de b7       	in	r29, 0x3e	; 62
	GPIO_writePin(BUZZER_PORT, BUZZER_PIN, LOGIC_LOW);
    1646:	83 e0       	ldi	r24, 0x03	; 3
    1648:	62 e0       	ldi	r22, 0x02	; 2
    164a:	40 e0       	ldi	r20, 0x00	; 0
    164c:	0e 94 4f 0d 	call	0x1a9e	; 0x1a9e <GPIO_writePin>
}
    1650:	cf 91       	pop	r28
    1652:	df 91       	pop	r29
    1654:	08 95       	ret

00001656 <DcMotor_Init>:
#define DC_MOTOR_C_
#include"dc_motor.h"
#include"pwm_timer0.h"

void DcMotor_Init(void)
{
    1656:	df 93       	push	r29
    1658:	cf 93       	push	r28
    165a:	cd b7       	in	r28, 0x3d	; 61
    165c:	de b7       	in	r29, 0x3e	; 62
	GPIO_setupPinDirection(PORT_MOTOR_ID, IN1_MOTOR_ID, PIN_OUTPUT);
    165e:	81 e0       	ldi	r24, 0x01	; 1
    1660:	64 e0       	ldi	r22, 0x04	; 4
    1662:	41 e0       	ldi	r20, 0x01	; 1
    1664:	0e 94 64 0c 	call	0x18c8	; 0x18c8 <GPIO_setupPinDirection>
	GPIO_setupPinDirection(PORT_MOTOR_ID, IN2_MOTOR_ID, PIN_OUTPUT);
    1668:	81 e0       	ldi	r24, 0x01	; 1
    166a:	65 e0       	ldi	r22, 0x05	; 5
    166c:	41 e0       	ldi	r20, 0x01	; 1
    166e:	0e 94 64 0c 	call	0x18c8	; 0x18c8 <GPIO_setupPinDirection>
	GPIO_setupPinDirection(PORT_MOTOR_ID, EN_MOTOR, PIN_OUTPUT);
    1672:	81 e0       	ldi	r24, 0x01	; 1
    1674:	63 e0       	ldi	r22, 0x03	; 3
    1676:	41 e0       	ldi	r20, 0x01	; 1
    1678:	0e 94 64 0c 	call	0x18c8	; 0x18c8 <GPIO_setupPinDirection>
	GPIO_writePin(PORT_MOTOR_ID, IN1_MOTOR_ID, LOGIC_LOW);
    167c:	81 e0       	ldi	r24, 0x01	; 1
    167e:	64 e0       	ldi	r22, 0x04	; 4
    1680:	40 e0       	ldi	r20, 0x00	; 0
    1682:	0e 94 4f 0d 	call	0x1a9e	; 0x1a9e <GPIO_writePin>
	GPIO_writePin(PORT_MOTOR_ID, IN2_MOTOR_ID, LOGIC_LOW);
    1686:	81 e0       	ldi	r24, 0x01	; 1
    1688:	65 e0       	ldi	r22, 0x05	; 5
    168a:	40 e0       	ldi	r20, 0x00	; 0
    168c:	0e 94 4f 0d 	call	0x1a9e	; 0x1a9e <GPIO_writePin>
}
    1690:	cf 91       	pop	r28
    1692:	df 91       	pop	r29
    1694:	08 95       	ret

00001696 <DcMotor_Rotate>:
void DcMotor_Rotate(DcMotor_State state,uint8 speed)
{
    1696:	df 93       	push	r29
    1698:	cf 93       	push	r28
    169a:	00 d0       	rcall	.+0      	; 0x169c <DcMotor_Rotate+0x6>
    169c:	00 d0       	rcall	.+0      	; 0x169e <DcMotor_Rotate+0x8>
    169e:	cd b7       	in	r28, 0x3d	; 61
    16a0:	de b7       	in	r29, 0x3e	; 62
    16a2:	89 83       	std	Y+1, r24	; 0x01
    16a4:	6a 83       	std	Y+2, r22	; 0x02
	switch (state)
    16a6:	89 81       	ldd	r24, Y+1	; 0x01
    16a8:	28 2f       	mov	r18, r24
    16aa:	30 e0       	ldi	r19, 0x00	; 0
    16ac:	3c 83       	std	Y+4, r19	; 0x04
    16ae:	2b 83       	std	Y+3, r18	; 0x03
    16b0:	8b 81       	ldd	r24, Y+3	; 0x03
    16b2:	9c 81       	ldd	r25, Y+4	; 0x04
    16b4:	81 30       	cpi	r24, 0x01	; 1
    16b6:	91 05       	cpc	r25, r1
    16b8:	c1 f0       	breq	.+48     	; 0x16ea <DcMotor_Rotate+0x54>
    16ba:	2b 81       	ldd	r18, Y+3	; 0x03
    16bc:	3c 81       	ldd	r19, Y+4	; 0x04
    16be:	22 30       	cpi	r18, 0x02	; 2
    16c0:	31 05       	cpc	r19, r1
    16c2:	b9 f1       	breq	.+110    	; 0x1732 <DcMotor_Rotate+0x9c>
    16c4:	8b 81       	ldd	r24, Y+3	; 0x03
    16c6:	9c 81       	ldd	r25, Y+4	; 0x04
    16c8:	00 97       	sbiw	r24, 0x00	; 0
    16ca:	09 f0       	breq	.+2      	; 0x16ce <DcMotor_Rotate+0x38>
    16cc:	55 c0       	rjmp	.+170    	; 0x1778 <DcMotor_Rotate+0xe2>
	{
	case no_rotate:
		GPIO_writePin(PORT_MOTOR_ID, IN1_MOTOR_ID, LOGIC_LOW);
    16ce:	81 e0       	ldi	r24, 0x01	; 1
    16d0:	64 e0       	ldi	r22, 0x04	; 4
    16d2:	40 e0       	ldi	r20, 0x00	; 0
    16d4:	0e 94 4f 0d 	call	0x1a9e	; 0x1a9e <GPIO_writePin>
			GPIO_writePin(PORT_MOTOR_ID, IN2_MOTOR_ID, LOGIC_LOW);
    16d8:	81 e0       	ldi	r24, 0x01	; 1
    16da:	65 e0       	ldi	r22, 0x05	; 5
    16dc:	40 e0       	ldi	r20, 0x00	; 0
    16de:	0e 94 4f 0d 	call	0x1a9e	; 0x1a9e <GPIO_writePin>
			PWM_Timer0_Start(0);
    16e2:	80 e0       	ldi	r24, 0x00	; 0
    16e4:	0e 94 a2 0f 	call	0x1f44	; 0x1f44 <PWM_Timer0_Start>
    16e8:	47 c0       	rjmp	.+142    	; 0x1778 <DcMotor_Rotate+0xe2>
			break;
	case clockwise:
		GPIO_writePin(PORT_MOTOR_ID, IN1_MOTOR_ID, LOGIC_HIGH);
    16ea:	81 e0       	ldi	r24, 0x01	; 1
    16ec:	64 e0       	ldi	r22, 0x04	; 4
    16ee:	41 e0       	ldi	r20, 0x01	; 1
    16f0:	0e 94 4f 0d 	call	0x1a9e	; 0x1a9e <GPIO_writePin>
			GPIO_writePin(PORT_MOTOR_ID, IN2_MOTOR_ID, LOGIC_LOW);
    16f4:	81 e0       	ldi	r24, 0x01	; 1
    16f6:	65 e0       	ldi	r22, 0x05	; 5
    16f8:	40 e0       	ldi	r20, 0x00	; 0
    16fa:	0e 94 4f 0d 	call	0x1a9e	; 0x1a9e <GPIO_writePin>
			PWM_Timer0_Start(((uint16)(speed*255))/100);
    16fe:	8a 81       	ldd	r24, Y+2	; 0x02
    1700:	48 2f       	mov	r20, r24
    1702:	50 e0       	ldi	r21, 0x00	; 0
    1704:	ca 01       	movw	r24, r20
    1706:	9c 01       	movw	r18, r24
    1708:	22 0f       	add	r18, r18
    170a:	33 1f       	adc	r19, r19
    170c:	c9 01       	movw	r24, r18
    170e:	96 95       	lsr	r25
    1710:	98 2f       	mov	r25, r24
    1712:	88 27       	eor	r24, r24
    1714:	97 95       	ror	r25
    1716:	87 95       	ror	r24
    1718:	82 1b       	sub	r24, r18
    171a:	93 0b       	sbc	r25, r19
    171c:	84 0f       	add	r24, r20
    171e:	95 1f       	adc	r25, r21
    1720:	24 e6       	ldi	r18, 0x64	; 100
    1722:	30 e0       	ldi	r19, 0x00	; 0
    1724:	b9 01       	movw	r22, r18
    1726:	0e 94 66 12 	call	0x24cc	; 0x24cc <__udivmodhi4>
    172a:	cb 01       	movw	r24, r22
    172c:	0e 94 a2 0f 	call	0x1f44	; 0x1f44 <PWM_Timer0_Start>
    1730:	23 c0       	rjmp	.+70     	; 0x1778 <DcMotor_Rotate+0xe2>
			break;
	case anti_clockwise:
		GPIO_writePin(PORT_MOTOR_ID, IN1_MOTOR_ID, LOGIC_LOW);
    1732:	81 e0       	ldi	r24, 0x01	; 1
    1734:	64 e0       	ldi	r22, 0x04	; 4
    1736:	40 e0       	ldi	r20, 0x00	; 0
    1738:	0e 94 4f 0d 	call	0x1a9e	; 0x1a9e <GPIO_writePin>
			GPIO_writePin(PORT_MOTOR_ID, IN2_MOTOR_ID, LOGIC_HIGH);
    173c:	81 e0       	ldi	r24, 0x01	; 1
    173e:	65 e0       	ldi	r22, 0x05	; 5
    1740:	41 e0       	ldi	r20, 0x01	; 1
    1742:	0e 94 4f 0d 	call	0x1a9e	; 0x1a9e <GPIO_writePin>
			PWM_Timer0_Start(((uint16)(speed*255))/100);
    1746:	8a 81       	ldd	r24, Y+2	; 0x02
    1748:	48 2f       	mov	r20, r24
    174a:	50 e0       	ldi	r21, 0x00	; 0
    174c:	ca 01       	movw	r24, r20
    174e:	9c 01       	movw	r18, r24
    1750:	22 0f       	add	r18, r18
    1752:	33 1f       	adc	r19, r19
    1754:	c9 01       	movw	r24, r18
    1756:	96 95       	lsr	r25
    1758:	98 2f       	mov	r25, r24
    175a:	88 27       	eor	r24, r24
    175c:	97 95       	ror	r25
    175e:	87 95       	ror	r24
    1760:	82 1b       	sub	r24, r18
    1762:	93 0b       	sbc	r25, r19
    1764:	84 0f       	add	r24, r20
    1766:	95 1f       	adc	r25, r21
    1768:	24 e6       	ldi	r18, 0x64	; 100
    176a:	30 e0       	ldi	r19, 0x00	; 0
    176c:	b9 01       	movw	r22, r18
    176e:	0e 94 66 12 	call	0x24cc	; 0x24cc <__udivmodhi4>
    1772:	cb 01       	movw	r24, r22
    1774:	0e 94 a2 0f 	call	0x1f44	; 0x1f44 <PWM_Timer0_Start>
			break;
	}


}
    1778:	0f 90       	pop	r0
    177a:	0f 90       	pop	r0
    177c:	0f 90       	pop	r0
    177e:	0f 90       	pop	r0
    1780:	cf 91       	pop	r28
    1782:	df 91       	pop	r29
    1784:	08 95       	ret

00001786 <EEPROM_writeByte>:
 *******************************************************************************/
#include "external_eeprom.h"
#include "twi.h"

uint8 EEPROM_writeByte(uint16 u16addr, uint8 u8data)
{
    1786:	df 93       	push	r29
    1788:	cf 93       	push	r28
    178a:	00 d0       	rcall	.+0      	; 0x178c <EEPROM_writeByte+0x6>
    178c:	00 d0       	rcall	.+0      	; 0x178e <EEPROM_writeByte+0x8>
    178e:	cd b7       	in	r28, 0x3d	; 61
    1790:	de b7       	in	r29, 0x3e	; 62
    1792:	9a 83       	std	Y+2, r25	; 0x02
    1794:	89 83       	std	Y+1, r24	; 0x01
    1796:	6b 83       	std	Y+3, r22	; 0x03
	/* Send the Start Bit */
    TWI_start();
    1798:	0e 94 b0 10 	call	0x2160	; 0x2160 <TWI_start>
    if (TWI_getStatus() != TWI_START)
    179c:	0e 94 08 11 	call	0x2210	; 0x2210 <TWI_getStatus>
    17a0:	88 30       	cpi	r24, 0x08	; 8
    17a2:	11 f0       	breq	.+4      	; 0x17a8 <EEPROM_writeByte+0x22>
        return ERROR;
    17a4:	1c 82       	std	Y+4, r1	; 0x04
    17a6:	28 c0       	rjmp	.+80     	; 0x17f8 <EEPROM_writeByte+0x72>
		
    /* Send the device address, we need to get A8 A9 A10 address bits from the
     * memory location address and R/W=0 (write) */
    TWI_writeByte((uint8)(0xA0 | ((u16addr & 0x0700)>>7)));
    17a8:	89 81       	ldd	r24, Y+1	; 0x01
    17aa:	9a 81       	ldd	r25, Y+2	; 0x02
    17ac:	80 70       	andi	r24, 0x00	; 0
    17ae:	97 70       	andi	r25, 0x07	; 7
    17b0:	88 0f       	add	r24, r24
    17b2:	89 2f       	mov	r24, r25
    17b4:	88 1f       	adc	r24, r24
    17b6:	99 0b       	sbc	r25, r25
    17b8:	91 95       	neg	r25
    17ba:	80 6a       	ori	r24, 0xA0	; 160
    17bc:	0e 94 cb 10 	call	0x2196	; 0x2196 <TWI_writeByte>
    if (TWI_getStatus() != TWI_MT_SLA_W_ACK)
    17c0:	0e 94 08 11 	call	0x2210	; 0x2210 <TWI_getStatus>
    17c4:	88 31       	cpi	r24, 0x18	; 24
    17c6:	11 f0       	breq	.+4      	; 0x17cc <EEPROM_writeByte+0x46>
        return ERROR; 
    17c8:	1c 82       	std	Y+4, r1	; 0x04
    17ca:	16 c0       	rjmp	.+44     	; 0x17f8 <EEPROM_writeByte+0x72>
		 
    /* Send the required memory location address */
    TWI_writeByte((uint8)(u16addr));
    17cc:	89 81       	ldd	r24, Y+1	; 0x01
    17ce:	0e 94 cb 10 	call	0x2196	; 0x2196 <TWI_writeByte>
    if (TWI_getStatus() != TWI_MT_DATA_ACK)
    17d2:	0e 94 08 11 	call	0x2210	; 0x2210 <TWI_getStatus>
    17d6:	88 32       	cpi	r24, 0x28	; 40
    17d8:	11 f0       	breq	.+4      	; 0x17de <EEPROM_writeByte+0x58>
        return ERROR;
    17da:	1c 82       	std	Y+4, r1	; 0x04
    17dc:	0d c0       	rjmp	.+26     	; 0x17f8 <EEPROM_writeByte+0x72>
		
    /* write byte to eeprom */
    TWI_writeByte(u8data);
    17de:	8b 81       	ldd	r24, Y+3	; 0x03
    17e0:	0e 94 cb 10 	call	0x2196	; 0x2196 <TWI_writeByte>
    if (TWI_getStatus() != TWI_MT_DATA_ACK)
    17e4:	0e 94 08 11 	call	0x2210	; 0x2210 <TWI_getStatus>
    17e8:	88 32       	cpi	r24, 0x28	; 40
    17ea:	11 f0       	breq	.+4      	; 0x17f0 <EEPROM_writeByte+0x6a>
        return ERROR;
    17ec:	1c 82       	std	Y+4, r1	; 0x04
    17ee:	04 c0       	rjmp	.+8      	; 0x17f8 <EEPROM_writeByte+0x72>

    /* Send the Stop Bit */
    TWI_stop();
    17f0:	0e 94 c0 10 	call	0x2180	; 0x2180 <TWI_stop>
	
    return SUCCESS;
    17f4:	81 e0       	ldi	r24, 0x01	; 1
    17f6:	8c 83       	std	Y+4, r24	; 0x04
    17f8:	8c 81       	ldd	r24, Y+4	; 0x04
}
    17fa:	0f 90       	pop	r0
    17fc:	0f 90       	pop	r0
    17fe:	0f 90       	pop	r0
    1800:	0f 90       	pop	r0
    1802:	cf 91       	pop	r28
    1804:	df 91       	pop	r29
    1806:	08 95       	ret

00001808 <EEPROM_readByte>:

uint8 EEPROM_readByte(uint16 u16addr, uint8 *u8data)
{
    1808:	df 93       	push	r29
    180a:	cf 93       	push	r28
    180c:	00 d0       	rcall	.+0      	; 0x180e <EEPROM_readByte+0x6>
    180e:	00 d0       	rcall	.+0      	; 0x1810 <EEPROM_readByte+0x8>
    1810:	0f 92       	push	r0
    1812:	cd b7       	in	r28, 0x3d	; 61
    1814:	de b7       	in	r29, 0x3e	; 62
    1816:	9a 83       	std	Y+2, r25	; 0x02
    1818:	89 83       	std	Y+1, r24	; 0x01
    181a:	7c 83       	std	Y+4, r23	; 0x04
    181c:	6b 83       	std	Y+3, r22	; 0x03
	/* Send the Start Bit */
    TWI_start();
    181e:	0e 94 b0 10 	call	0x2160	; 0x2160 <TWI_start>
    if (TWI_getStatus() != TWI_START)
    1822:	0e 94 08 11 	call	0x2210	; 0x2210 <TWI_getStatus>
    1826:	88 30       	cpi	r24, 0x08	; 8
    1828:	11 f0       	breq	.+4      	; 0x182e <EEPROM_readByte+0x26>
        return ERROR;
    182a:	1d 82       	std	Y+5, r1	; 0x05
    182c:	44 c0       	rjmp	.+136    	; 0x18b6 <EEPROM_readByte+0xae>
		
    /* Send the device address, we need to get A8 A9 A10 address bits from the
     * memory location address and R/W=0 (write) */
    TWI_writeByte((uint8)((0xA0) | ((u16addr & 0x0700)>>7)));
    182e:	89 81       	ldd	r24, Y+1	; 0x01
    1830:	9a 81       	ldd	r25, Y+2	; 0x02
    1832:	80 70       	andi	r24, 0x00	; 0
    1834:	97 70       	andi	r25, 0x07	; 7
    1836:	88 0f       	add	r24, r24
    1838:	89 2f       	mov	r24, r25
    183a:	88 1f       	adc	r24, r24
    183c:	99 0b       	sbc	r25, r25
    183e:	91 95       	neg	r25
    1840:	80 6a       	ori	r24, 0xA0	; 160
    1842:	0e 94 cb 10 	call	0x2196	; 0x2196 <TWI_writeByte>
    if (TWI_getStatus() != TWI_MT_SLA_W_ACK)
    1846:	0e 94 08 11 	call	0x2210	; 0x2210 <TWI_getStatus>
    184a:	88 31       	cpi	r24, 0x18	; 24
    184c:	11 f0       	breq	.+4      	; 0x1852 <EEPROM_readByte+0x4a>
        return ERROR;
    184e:	1d 82       	std	Y+5, r1	; 0x05
    1850:	32 c0       	rjmp	.+100    	; 0x18b6 <EEPROM_readByte+0xae>
		
    /* Send the required memory location address */
    TWI_writeByte((uint8)(u16addr));
    1852:	89 81       	ldd	r24, Y+1	; 0x01
    1854:	0e 94 cb 10 	call	0x2196	; 0x2196 <TWI_writeByte>
    if (TWI_getStatus() != TWI_MT_DATA_ACK)
    1858:	0e 94 08 11 	call	0x2210	; 0x2210 <TWI_getStatus>
    185c:	88 32       	cpi	r24, 0x28	; 40
    185e:	11 f0       	breq	.+4      	; 0x1864 <EEPROM_readByte+0x5c>
        return ERROR;
    1860:	1d 82       	std	Y+5, r1	; 0x05
    1862:	29 c0       	rjmp	.+82     	; 0x18b6 <EEPROM_readByte+0xae>
		
    /* Send the Repeated Start Bit */
    TWI_start();
    1864:	0e 94 b0 10 	call	0x2160	; 0x2160 <TWI_start>
    if (TWI_getStatus() != TWI_REP_START)
    1868:	0e 94 08 11 	call	0x2210	; 0x2210 <TWI_getStatus>
    186c:	80 31       	cpi	r24, 0x10	; 16
    186e:	11 f0       	breq	.+4      	; 0x1874 <EEPROM_readByte+0x6c>
        return ERROR;
    1870:	1d 82       	std	Y+5, r1	; 0x05
    1872:	21 c0       	rjmp	.+66     	; 0x18b6 <EEPROM_readByte+0xae>
		
    /* Send the device address, we need to get A8 A9 A10 address bits from the
     * memory location address and R/W=1 (Read) */
    TWI_writeByte((uint8)((0xA0) | ((u16addr & 0x0700)>>7) | 1));
    1874:	89 81       	ldd	r24, Y+1	; 0x01
    1876:	9a 81       	ldd	r25, Y+2	; 0x02
    1878:	80 70       	andi	r24, 0x00	; 0
    187a:	97 70       	andi	r25, 0x07	; 7
    187c:	88 0f       	add	r24, r24
    187e:	89 2f       	mov	r24, r25
    1880:	88 1f       	adc	r24, r24
    1882:	99 0b       	sbc	r25, r25
    1884:	91 95       	neg	r25
    1886:	81 6a       	ori	r24, 0xA1	; 161
    1888:	0e 94 cb 10 	call	0x2196	; 0x2196 <TWI_writeByte>
    if (TWI_getStatus() != TWI_MT_SLA_R_ACK)
    188c:	0e 94 08 11 	call	0x2210	; 0x2210 <TWI_getStatus>
    1890:	80 34       	cpi	r24, 0x40	; 64
    1892:	11 f0       	breq	.+4      	; 0x1898 <EEPROM_readByte+0x90>
        return ERROR;
    1894:	1d 82       	std	Y+5, r1	; 0x05
    1896:	0f c0       	rjmp	.+30     	; 0x18b6 <EEPROM_readByte+0xae>

    /* Read Byte from Memory without send ACK */
    *u8data = TWI_readByteWithNACK();
    1898:	0e 94 f5 10 	call	0x21ea	; 0x21ea <TWI_readByteWithNACK>
    189c:	eb 81       	ldd	r30, Y+3	; 0x03
    189e:	fc 81       	ldd	r31, Y+4	; 0x04
    18a0:	80 83       	st	Z, r24
    if (TWI_getStatus() != TWI_MR_DATA_NACK)
    18a2:	0e 94 08 11 	call	0x2210	; 0x2210 <TWI_getStatus>
    18a6:	88 35       	cpi	r24, 0x58	; 88
    18a8:	11 f0       	breq	.+4      	; 0x18ae <EEPROM_readByte+0xa6>
        return ERROR;
    18aa:	1d 82       	std	Y+5, r1	; 0x05
    18ac:	04 c0       	rjmp	.+8      	; 0x18b6 <EEPROM_readByte+0xae>

    /* Send the Stop Bit */
    TWI_stop();
    18ae:	0e 94 c0 10 	call	0x2180	; 0x2180 <TWI_stop>

    return SUCCESS;
    18b2:	81 e0       	ldi	r24, 0x01	; 1
    18b4:	8d 83       	std	Y+5, r24	; 0x05
    18b6:	8d 81       	ldd	r24, Y+5	; 0x05
}
    18b8:	0f 90       	pop	r0
    18ba:	0f 90       	pop	r0
    18bc:	0f 90       	pop	r0
    18be:	0f 90       	pop	r0
    18c0:	0f 90       	pop	r0
    18c2:	cf 91       	pop	r28
    18c4:	df 91       	pop	r29
    18c6:	08 95       	ret

000018c8 <GPIO_setupPinDirection>:
 * Description :
 * Setup the direction of the required pin input/output.
 * If the input port number or pin number are not correct, The function will not handle the request.
 */
void GPIO_setupPinDirection(uint8 port_num, uint8 pin_num, GPIO_PinDirectionType direction)
{
    18c8:	df 93       	push	r29
    18ca:	cf 93       	push	r28
    18cc:	00 d0       	rcall	.+0      	; 0x18ce <GPIO_setupPinDirection+0x6>
    18ce:	00 d0       	rcall	.+0      	; 0x18d0 <GPIO_setupPinDirection+0x8>
    18d0:	0f 92       	push	r0
    18d2:	cd b7       	in	r28, 0x3d	; 61
    18d4:	de b7       	in	r29, 0x3e	; 62
    18d6:	89 83       	std	Y+1, r24	; 0x01
    18d8:	6a 83       	std	Y+2, r22	; 0x02
    18da:	4b 83       	std	Y+3, r20	; 0x03
	/*
	 * Check if the input port number is greater than NUM_OF_PINS_PER_PORT value.
	 * Or if the input pin number is greater than NUM_OF_PINS_PER_PORT value.
	 * In this case the input is not valid port/pin number
	 */
	if((pin_num >= NUM_OF_PINS_PER_PORT) || (port_num >= NUM_OF_PORTS))
    18dc:	8a 81       	ldd	r24, Y+2	; 0x02
    18de:	88 30       	cpi	r24, 0x08	; 8
    18e0:	08 f0       	brcs	.+2      	; 0x18e4 <GPIO_setupPinDirection+0x1c>
    18e2:	d5 c0       	rjmp	.+426    	; 0x1a8e <GPIO_setupPinDirection+0x1c6>
    18e4:	89 81       	ldd	r24, Y+1	; 0x01
    18e6:	84 30       	cpi	r24, 0x04	; 4
    18e8:	08 f0       	brcs	.+2      	; 0x18ec <GPIO_setupPinDirection+0x24>
    18ea:	d1 c0       	rjmp	.+418    	; 0x1a8e <GPIO_setupPinDirection+0x1c6>
		/* Do Nothing */
	}
	else
	{
		/* Setup the pin direction as required */
		switch(port_num)
    18ec:	89 81       	ldd	r24, Y+1	; 0x01
    18ee:	28 2f       	mov	r18, r24
    18f0:	30 e0       	ldi	r19, 0x00	; 0
    18f2:	3d 83       	std	Y+5, r19	; 0x05
    18f4:	2c 83       	std	Y+4, r18	; 0x04
    18f6:	8c 81       	ldd	r24, Y+4	; 0x04
    18f8:	9d 81       	ldd	r25, Y+5	; 0x05
    18fa:	81 30       	cpi	r24, 0x01	; 1
    18fc:	91 05       	cpc	r25, r1
    18fe:	09 f4       	brne	.+2      	; 0x1902 <GPIO_setupPinDirection+0x3a>
    1900:	43 c0       	rjmp	.+134    	; 0x1988 <GPIO_setupPinDirection+0xc0>
    1902:	2c 81       	ldd	r18, Y+4	; 0x04
    1904:	3d 81       	ldd	r19, Y+5	; 0x05
    1906:	22 30       	cpi	r18, 0x02	; 2
    1908:	31 05       	cpc	r19, r1
    190a:	2c f4       	brge	.+10     	; 0x1916 <GPIO_setupPinDirection+0x4e>
    190c:	8c 81       	ldd	r24, Y+4	; 0x04
    190e:	9d 81       	ldd	r25, Y+5	; 0x05
    1910:	00 97       	sbiw	r24, 0x00	; 0
    1912:	71 f0       	breq	.+28     	; 0x1930 <GPIO_setupPinDirection+0x68>
    1914:	bc c0       	rjmp	.+376    	; 0x1a8e <GPIO_setupPinDirection+0x1c6>
    1916:	2c 81       	ldd	r18, Y+4	; 0x04
    1918:	3d 81       	ldd	r19, Y+5	; 0x05
    191a:	22 30       	cpi	r18, 0x02	; 2
    191c:	31 05       	cpc	r19, r1
    191e:	09 f4       	brne	.+2      	; 0x1922 <GPIO_setupPinDirection+0x5a>
    1920:	5f c0       	rjmp	.+190    	; 0x19e0 <GPIO_setupPinDirection+0x118>
    1922:	8c 81       	ldd	r24, Y+4	; 0x04
    1924:	9d 81       	ldd	r25, Y+5	; 0x05
    1926:	83 30       	cpi	r24, 0x03	; 3
    1928:	91 05       	cpc	r25, r1
    192a:	09 f4       	brne	.+2      	; 0x192e <GPIO_setupPinDirection+0x66>
    192c:	85 c0       	rjmp	.+266    	; 0x1a38 <GPIO_setupPinDirection+0x170>
    192e:	af c0       	rjmp	.+350    	; 0x1a8e <GPIO_setupPinDirection+0x1c6>
		{
		case PORTA_ID:
			if(direction == PIN_OUTPUT)
    1930:	8b 81       	ldd	r24, Y+3	; 0x03
    1932:	81 30       	cpi	r24, 0x01	; 1
    1934:	a1 f4       	brne	.+40     	; 0x195e <GPIO_setupPinDirection+0x96>
			{
				SET_BIT(DDRA,pin_num);
    1936:	aa e3       	ldi	r26, 0x3A	; 58
    1938:	b0 e0       	ldi	r27, 0x00	; 0
    193a:	ea e3       	ldi	r30, 0x3A	; 58
    193c:	f0 e0       	ldi	r31, 0x00	; 0
    193e:	80 81       	ld	r24, Z
    1940:	48 2f       	mov	r20, r24
    1942:	8a 81       	ldd	r24, Y+2	; 0x02
    1944:	28 2f       	mov	r18, r24
    1946:	30 e0       	ldi	r19, 0x00	; 0
    1948:	81 e0       	ldi	r24, 0x01	; 1
    194a:	90 e0       	ldi	r25, 0x00	; 0
    194c:	02 2e       	mov	r0, r18
    194e:	02 c0       	rjmp	.+4      	; 0x1954 <GPIO_setupPinDirection+0x8c>
    1950:	88 0f       	add	r24, r24
    1952:	99 1f       	adc	r25, r25
    1954:	0a 94       	dec	r0
    1956:	e2 f7       	brpl	.-8      	; 0x1950 <GPIO_setupPinDirection+0x88>
    1958:	84 2b       	or	r24, r20
    195a:	8c 93       	st	X, r24
    195c:	98 c0       	rjmp	.+304    	; 0x1a8e <GPIO_setupPinDirection+0x1c6>
			}
			else
			{
				CLEAR_BIT(DDRA,pin_num);
    195e:	aa e3       	ldi	r26, 0x3A	; 58
    1960:	b0 e0       	ldi	r27, 0x00	; 0
    1962:	ea e3       	ldi	r30, 0x3A	; 58
    1964:	f0 e0       	ldi	r31, 0x00	; 0
    1966:	80 81       	ld	r24, Z
    1968:	48 2f       	mov	r20, r24
    196a:	8a 81       	ldd	r24, Y+2	; 0x02
    196c:	28 2f       	mov	r18, r24
    196e:	30 e0       	ldi	r19, 0x00	; 0
    1970:	81 e0       	ldi	r24, 0x01	; 1
    1972:	90 e0       	ldi	r25, 0x00	; 0
    1974:	02 2e       	mov	r0, r18
    1976:	02 c0       	rjmp	.+4      	; 0x197c <GPIO_setupPinDirection+0xb4>
    1978:	88 0f       	add	r24, r24
    197a:	99 1f       	adc	r25, r25
    197c:	0a 94       	dec	r0
    197e:	e2 f7       	brpl	.-8      	; 0x1978 <GPIO_setupPinDirection+0xb0>
    1980:	80 95       	com	r24
    1982:	84 23       	and	r24, r20
    1984:	8c 93       	st	X, r24
    1986:	83 c0       	rjmp	.+262    	; 0x1a8e <GPIO_setupPinDirection+0x1c6>
			}
			break;
		case PORTB_ID:
			if(direction == PIN_OUTPUT)
    1988:	8b 81       	ldd	r24, Y+3	; 0x03
    198a:	81 30       	cpi	r24, 0x01	; 1
    198c:	a1 f4       	brne	.+40     	; 0x19b6 <GPIO_setupPinDirection+0xee>
			{
				SET_BIT(DDRB,pin_num);
    198e:	a7 e3       	ldi	r26, 0x37	; 55
    1990:	b0 e0       	ldi	r27, 0x00	; 0
    1992:	e7 e3       	ldi	r30, 0x37	; 55
    1994:	f0 e0       	ldi	r31, 0x00	; 0
    1996:	80 81       	ld	r24, Z
    1998:	48 2f       	mov	r20, r24
    199a:	8a 81       	ldd	r24, Y+2	; 0x02
    199c:	28 2f       	mov	r18, r24
    199e:	30 e0       	ldi	r19, 0x00	; 0
    19a0:	81 e0       	ldi	r24, 0x01	; 1
    19a2:	90 e0       	ldi	r25, 0x00	; 0
    19a4:	02 2e       	mov	r0, r18
    19a6:	02 c0       	rjmp	.+4      	; 0x19ac <GPIO_setupPinDirection+0xe4>
    19a8:	88 0f       	add	r24, r24
    19aa:	99 1f       	adc	r25, r25
    19ac:	0a 94       	dec	r0
    19ae:	e2 f7       	brpl	.-8      	; 0x19a8 <GPIO_setupPinDirection+0xe0>
    19b0:	84 2b       	or	r24, r20
    19b2:	8c 93       	st	X, r24
    19b4:	6c c0       	rjmp	.+216    	; 0x1a8e <GPIO_setupPinDirection+0x1c6>
			}
			else
			{
				CLEAR_BIT(DDRB,pin_num);
    19b6:	a7 e3       	ldi	r26, 0x37	; 55
    19b8:	b0 e0       	ldi	r27, 0x00	; 0
    19ba:	e7 e3       	ldi	r30, 0x37	; 55
    19bc:	f0 e0       	ldi	r31, 0x00	; 0
    19be:	80 81       	ld	r24, Z
    19c0:	48 2f       	mov	r20, r24
    19c2:	8a 81       	ldd	r24, Y+2	; 0x02
    19c4:	28 2f       	mov	r18, r24
    19c6:	30 e0       	ldi	r19, 0x00	; 0
    19c8:	81 e0       	ldi	r24, 0x01	; 1
    19ca:	90 e0       	ldi	r25, 0x00	; 0
    19cc:	02 2e       	mov	r0, r18
    19ce:	02 c0       	rjmp	.+4      	; 0x19d4 <GPIO_setupPinDirection+0x10c>
    19d0:	88 0f       	add	r24, r24
    19d2:	99 1f       	adc	r25, r25
    19d4:	0a 94       	dec	r0
    19d6:	e2 f7       	brpl	.-8      	; 0x19d0 <GPIO_setupPinDirection+0x108>
    19d8:	80 95       	com	r24
    19da:	84 23       	and	r24, r20
    19dc:	8c 93       	st	X, r24
    19de:	57 c0       	rjmp	.+174    	; 0x1a8e <GPIO_setupPinDirection+0x1c6>
			}
			break;
		case PORTC_ID:
			if(direction == PIN_OUTPUT)
    19e0:	8b 81       	ldd	r24, Y+3	; 0x03
    19e2:	81 30       	cpi	r24, 0x01	; 1
    19e4:	a1 f4       	brne	.+40     	; 0x1a0e <GPIO_setupPinDirection+0x146>
			{
				SET_BIT(DDRC,pin_num);
    19e6:	a4 e3       	ldi	r26, 0x34	; 52
    19e8:	b0 e0       	ldi	r27, 0x00	; 0
    19ea:	e4 e3       	ldi	r30, 0x34	; 52
    19ec:	f0 e0       	ldi	r31, 0x00	; 0
    19ee:	80 81       	ld	r24, Z
    19f0:	48 2f       	mov	r20, r24
    19f2:	8a 81       	ldd	r24, Y+2	; 0x02
    19f4:	28 2f       	mov	r18, r24
    19f6:	30 e0       	ldi	r19, 0x00	; 0
    19f8:	81 e0       	ldi	r24, 0x01	; 1
    19fa:	90 e0       	ldi	r25, 0x00	; 0
    19fc:	02 2e       	mov	r0, r18
    19fe:	02 c0       	rjmp	.+4      	; 0x1a04 <GPIO_setupPinDirection+0x13c>
    1a00:	88 0f       	add	r24, r24
    1a02:	99 1f       	adc	r25, r25
    1a04:	0a 94       	dec	r0
    1a06:	e2 f7       	brpl	.-8      	; 0x1a00 <GPIO_setupPinDirection+0x138>
    1a08:	84 2b       	or	r24, r20
    1a0a:	8c 93       	st	X, r24
    1a0c:	40 c0       	rjmp	.+128    	; 0x1a8e <GPIO_setupPinDirection+0x1c6>
			}
			else
			{
				CLEAR_BIT(DDRC,pin_num);
    1a0e:	a4 e3       	ldi	r26, 0x34	; 52
    1a10:	b0 e0       	ldi	r27, 0x00	; 0
    1a12:	e4 e3       	ldi	r30, 0x34	; 52
    1a14:	f0 e0       	ldi	r31, 0x00	; 0
    1a16:	80 81       	ld	r24, Z
    1a18:	48 2f       	mov	r20, r24
    1a1a:	8a 81       	ldd	r24, Y+2	; 0x02
    1a1c:	28 2f       	mov	r18, r24
    1a1e:	30 e0       	ldi	r19, 0x00	; 0
    1a20:	81 e0       	ldi	r24, 0x01	; 1
    1a22:	90 e0       	ldi	r25, 0x00	; 0
    1a24:	02 2e       	mov	r0, r18
    1a26:	02 c0       	rjmp	.+4      	; 0x1a2c <GPIO_setupPinDirection+0x164>
    1a28:	88 0f       	add	r24, r24
    1a2a:	99 1f       	adc	r25, r25
    1a2c:	0a 94       	dec	r0
    1a2e:	e2 f7       	brpl	.-8      	; 0x1a28 <GPIO_setupPinDirection+0x160>
    1a30:	80 95       	com	r24
    1a32:	84 23       	and	r24, r20
    1a34:	8c 93       	st	X, r24
    1a36:	2b c0       	rjmp	.+86     	; 0x1a8e <GPIO_setupPinDirection+0x1c6>
			}
			break;
		case PORTD_ID:
			if(direction == PIN_OUTPUT)
    1a38:	8b 81       	ldd	r24, Y+3	; 0x03
    1a3a:	81 30       	cpi	r24, 0x01	; 1
    1a3c:	a1 f4       	brne	.+40     	; 0x1a66 <GPIO_setupPinDirection+0x19e>
			{
				SET_BIT(DDRD,pin_num);
    1a3e:	a1 e3       	ldi	r26, 0x31	; 49
    1a40:	b0 e0       	ldi	r27, 0x00	; 0
    1a42:	e1 e3       	ldi	r30, 0x31	; 49
    1a44:	f0 e0       	ldi	r31, 0x00	; 0
    1a46:	80 81       	ld	r24, Z
    1a48:	48 2f       	mov	r20, r24
    1a4a:	8a 81       	ldd	r24, Y+2	; 0x02
    1a4c:	28 2f       	mov	r18, r24
    1a4e:	30 e0       	ldi	r19, 0x00	; 0
    1a50:	81 e0       	ldi	r24, 0x01	; 1
    1a52:	90 e0       	ldi	r25, 0x00	; 0
    1a54:	02 2e       	mov	r0, r18
    1a56:	02 c0       	rjmp	.+4      	; 0x1a5c <GPIO_setupPinDirection+0x194>
    1a58:	88 0f       	add	r24, r24
    1a5a:	99 1f       	adc	r25, r25
    1a5c:	0a 94       	dec	r0
    1a5e:	e2 f7       	brpl	.-8      	; 0x1a58 <GPIO_setupPinDirection+0x190>
    1a60:	84 2b       	or	r24, r20
    1a62:	8c 93       	st	X, r24
    1a64:	14 c0       	rjmp	.+40     	; 0x1a8e <GPIO_setupPinDirection+0x1c6>
			}
			else
			{
				CLEAR_BIT(DDRD,pin_num);
    1a66:	a1 e3       	ldi	r26, 0x31	; 49
    1a68:	b0 e0       	ldi	r27, 0x00	; 0
    1a6a:	e1 e3       	ldi	r30, 0x31	; 49
    1a6c:	f0 e0       	ldi	r31, 0x00	; 0
    1a6e:	80 81       	ld	r24, Z
    1a70:	48 2f       	mov	r20, r24
    1a72:	8a 81       	ldd	r24, Y+2	; 0x02
    1a74:	28 2f       	mov	r18, r24
    1a76:	30 e0       	ldi	r19, 0x00	; 0
    1a78:	81 e0       	ldi	r24, 0x01	; 1
    1a7a:	90 e0       	ldi	r25, 0x00	; 0
    1a7c:	02 2e       	mov	r0, r18
    1a7e:	02 c0       	rjmp	.+4      	; 0x1a84 <GPIO_setupPinDirection+0x1bc>
    1a80:	88 0f       	add	r24, r24
    1a82:	99 1f       	adc	r25, r25
    1a84:	0a 94       	dec	r0
    1a86:	e2 f7       	brpl	.-8      	; 0x1a80 <GPIO_setupPinDirection+0x1b8>
    1a88:	80 95       	com	r24
    1a8a:	84 23       	and	r24, r20
    1a8c:	8c 93       	st	X, r24
			}
			break;
		}
	}
}
    1a8e:	0f 90       	pop	r0
    1a90:	0f 90       	pop	r0
    1a92:	0f 90       	pop	r0
    1a94:	0f 90       	pop	r0
    1a96:	0f 90       	pop	r0
    1a98:	cf 91       	pop	r28
    1a9a:	df 91       	pop	r29
    1a9c:	08 95       	ret

00001a9e <GPIO_writePin>:
 * Write the value Logic High or Logic Low on the required pin.
 * If the input port number or pin number are not correct, The function will not handle the request.
 * If the pin is input, this function will enable/disable the internal pull-up resistor.
 */
void GPIO_writePin(uint8 port_num, uint8 pin_num, uint8 value)
{
    1a9e:	df 93       	push	r29
    1aa0:	cf 93       	push	r28
    1aa2:	00 d0       	rcall	.+0      	; 0x1aa4 <GPIO_writePin+0x6>
    1aa4:	00 d0       	rcall	.+0      	; 0x1aa6 <GPIO_writePin+0x8>
    1aa6:	0f 92       	push	r0
    1aa8:	cd b7       	in	r28, 0x3d	; 61
    1aaa:	de b7       	in	r29, 0x3e	; 62
    1aac:	89 83       	std	Y+1, r24	; 0x01
    1aae:	6a 83       	std	Y+2, r22	; 0x02
    1ab0:	4b 83       	std	Y+3, r20	; 0x03
	/*
	 * Check if the input port number is greater than NUM_OF_PINS_PER_PORT value.
	 * Or if the input pin number is greater than NUM_OF_PINS_PER_PORT value.
	 * In this case the input is not valid port/pin number
	 */
	if((pin_num >= NUM_OF_PINS_PER_PORT) || (port_num >= NUM_OF_PORTS))
    1ab2:	8a 81       	ldd	r24, Y+2	; 0x02
    1ab4:	88 30       	cpi	r24, 0x08	; 8
    1ab6:	08 f0       	brcs	.+2      	; 0x1aba <GPIO_writePin+0x1c>
    1ab8:	d5 c0       	rjmp	.+426    	; 0x1c64 <GPIO_writePin+0x1c6>
    1aba:	89 81       	ldd	r24, Y+1	; 0x01
    1abc:	84 30       	cpi	r24, 0x04	; 4
    1abe:	08 f0       	brcs	.+2      	; 0x1ac2 <GPIO_writePin+0x24>
    1ac0:	d1 c0       	rjmp	.+418    	; 0x1c64 <GPIO_writePin+0x1c6>
		/* Do Nothing */
	}
	else
	{
		/* Write the pin value as required */
		switch(port_num)
    1ac2:	89 81       	ldd	r24, Y+1	; 0x01
    1ac4:	28 2f       	mov	r18, r24
    1ac6:	30 e0       	ldi	r19, 0x00	; 0
    1ac8:	3d 83       	std	Y+5, r19	; 0x05
    1aca:	2c 83       	std	Y+4, r18	; 0x04
    1acc:	8c 81       	ldd	r24, Y+4	; 0x04
    1ace:	9d 81       	ldd	r25, Y+5	; 0x05
    1ad0:	81 30       	cpi	r24, 0x01	; 1
    1ad2:	91 05       	cpc	r25, r1
    1ad4:	09 f4       	brne	.+2      	; 0x1ad8 <GPIO_writePin+0x3a>
    1ad6:	43 c0       	rjmp	.+134    	; 0x1b5e <GPIO_writePin+0xc0>
    1ad8:	2c 81       	ldd	r18, Y+4	; 0x04
    1ada:	3d 81       	ldd	r19, Y+5	; 0x05
    1adc:	22 30       	cpi	r18, 0x02	; 2
    1ade:	31 05       	cpc	r19, r1
    1ae0:	2c f4       	brge	.+10     	; 0x1aec <GPIO_writePin+0x4e>
    1ae2:	8c 81       	ldd	r24, Y+4	; 0x04
    1ae4:	9d 81       	ldd	r25, Y+5	; 0x05
    1ae6:	00 97       	sbiw	r24, 0x00	; 0
    1ae8:	71 f0       	breq	.+28     	; 0x1b06 <GPIO_writePin+0x68>
    1aea:	bc c0       	rjmp	.+376    	; 0x1c64 <GPIO_writePin+0x1c6>
    1aec:	2c 81       	ldd	r18, Y+4	; 0x04
    1aee:	3d 81       	ldd	r19, Y+5	; 0x05
    1af0:	22 30       	cpi	r18, 0x02	; 2
    1af2:	31 05       	cpc	r19, r1
    1af4:	09 f4       	brne	.+2      	; 0x1af8 <GPIO_writePin+0x5a>
    1af6:	5f c0       	rjmp	.+190    	; 0x1bb6 <GPIO_writePin+0x118>
    1af8:	8c 81       	ldd	r24, Y+4	; 0x04
    1afa:	9d 81       	ldd	r25, Y+5	; 0x05
    1afc:	83 30       	cpi	r24, 0x03	; 3
    1afe:	91 05       	cpc	r25, r1
    1b00:	09 f4       	brne	.+2      	; 0x1b04 <GPIO_writePin+0x66>
    1b02:	85 c0       	rjmp	.+266    	; 0x1c0e <GPIO_writePin+0x170>
    1b04:	af c0       	rjmp	.+350    	; 0x1c64 <GPIO_writePin+0x1c6>
		{
		case PORTA_ID:
			if(value == LOGIC_HIGH)
    1b06:	8b 81       	ldd	r24, Y+3	; 0x03
    1b08:	81 30       	cpi	r24, 0x01	; 1
    1b0a:	a1 f4       	brne	.+40     	; 0x1b34 <GPIO_writePin+0x96>
			{
				SET_BIT(PORTA,pin_num);
    1b0c:	ab e3       	ldi	r26, 0x3B	; 59
    1b0e:	b0 e0       	ldi	r27, 0x00	; 0
    1b10:	eb e3       	ldi	r30, 0x3B	; 59
    1b12:	f0 e0       	ldi	r31, 0x00	; 0
    1b14:	80 81       	ld	r24, Z
    1b16:	48 2f       	mov	r20, r24
    1b18:	8a 81       	ldd	r24, Y+2	; 0x02
    1b1a:	28 2f       	mov	r18, r24
    1b1c:	30 e0       	ldi	r19, 0x00	; 0
    1b1e:	81 e0       	ldi	r24, 0x01	; 1
    1b20:	90 e0       	ldi	r25, 0x00	; 0
    1b22:	02 2e       	mov	r0, r18
    1b24:	02 c0       	rjmp	.+4      	; 0x1b2a <GPIO_writePin+0x8c>
    1b26:	88 0f       	add	r24, r24
    1b28:	99 1f       	adc	r25, r25
    1b2a:	0a 94       	dec	r0
    1b2c:	e2 f7       	brpl	.-8      	; 0x1b26 <GPIO_writePin+0x88>
    1b2e:	84 2b       	or	r24, r20
    1b30:	8c 93       	st	X, r24
    1b32:	98 c0       	rjmp	.+304    	; 0x1c64 <GPIO_writePin+0x1c6>
			}
			else
			{
				CLEAR_BIT(PORTA,pin_num);
    1b34:	ab e3       	ldi	r26, 0x3B	; 59
    1b36:	b0 e0       	ldi	r27, 0x00	; 0
    1b38:	eb e3       	ldi	r30, 0x3B	; 59
    1b3a:	f0 e0       	ldi	r31, 0x00	; 0
    1b3c:	80 81       	ld	r24, Z
    1b3e:	48 2f       	mov	r20, r24
    1b40:	8a 81       	ldd	r24, Y+2	; 0x02
    1b42:	28 2f       	mov	r18, r24
    1b44:	30 e0       	ldi	r19, 0x00	; 0
    1b46:	81 e0       	ldi	r24, 0x01	; 1
    1b48:	90 e0       	ldi	r25, 0x00	; 0
    1b4a:	02 2e       	mov	r0, r18
    1b4c:	02 c0       	rjmp	.+4      	; 0x1b52 <GPIO_writePin+0xb4>
    1b4e:	88 0f       	add	r24, r24
    1b50:	99 1f       	adc	r25, r25
    1b52:	0a 94       	dec	r0
    1b54:	e2 f7       	brpl	.-8      	; 0x1b4e <GPIO_writePin+0xb0>
    1b56:	80 95       	com	r24
    1b58:	84 23       	and	r24, r20
    1b5a:	8c 93       	st	X, r24
    1b5c:	83 c0       	rjmp	.+262    	; 0x1c64 <GPIO_writePin+0x1c6>
			}
			break;
		case PORTB_ID:
			if(value == LOGIC_HIGH)
    1b5e:	8b 81       	ldd	r24, Y+3	; 0x03
    1b60:	81 30       	cpi	r24, 0x01	; 1
    1b62:	a1 f4       	brne	.+40     	; 0x1b8c <GPIO_writePin+0xee>
			{
				SET_BIT(PORTB,pin_num);
    1b64:	a8 e3       	ldi	r26, 0x38	; 56
    1b66:	b0 e0       	ldi	r27, 0x00	; 0
    1b68:	e8 e3       	ldi	r30, 0x38	; 56
    1b6a:	f0 e0       	ldi	r31, 0x00	; 0
    1b6c:	80 81       	ld	r24, Z
    1b6e:	48 2f       	mov	r20, r24
    1b70:	8a 81       	ldd	r24, Y+2	; 0x02
    1b72:	28 2f       	mov	r18, r24
    1b74:	30 e0       	ldi	r19, 0x00	; 0
    1b76:	81 e0       	ldi	r24, 0x01	; 1
    1b78:	90 e0       	ldi	r25, 0x00	; 0
    1b7a:	02 2e       	mov	r0, r18
    1b7c:	02 c0       	rjmp	.+4      	; 0x1b82 <GPIO_writePin+0xe4>
    1b7e:	88 0f       	add	r24, r24
    1b80:	99 1f       	adc	r25, r25
    1b82:	0a 94       	dec	r0
    1b84:	e2 f7       	brpl	.-8      	; 0x1b7e <GPIO_writePin+0xe0>
    1b86:	84 2b       	or	r24, r20
    1b88:	8c 93       	st	X, r24
    1b8a:	6c c0       	rjmp	.+216    	; 0x1c64 <GPIO_writePin+0x1c6>
			}
			else
			{
				CLEAR_BIT(PORTB,pin_num);
    1b8c:	a8 e3       	ldi	r26, 0x38	; 56
    1b8e:	b0 e0       	ldi	r27, 0x00	; 0
    1b90:	e8 e3       	ldi	r30, 0x38	; 56
    1b92:	f0 e0       	ldi	r31, 0x00	; 0
    1b94:	80 81       	ld	r24, Z
    1b96:	48 2f       	mov	r20, r24
    1b98:	8a 81       	ldd	r24, Y+2	; 0x02
    1b9a:	28 2f       	mov	r18, r24
    1b9c:	30 e0       	ldi	r19, 0x00	; 0
    1b9e:	81 e0       	ldi	r24, 0x01	; 1
    1ba0:	90 e0       	ldi	r25, 0x00	; 0
    1ba2:	02 2e       	mov	r0, r18
    1ba4:	02 c0       	rjmp	.+4      	; 0x1baa <GPIO_writePin+0x10c>
    1ba6:	88 0f       	add	r24, r24
    1ba8:	99 1f       	adc	r25, r25
    1baa:	0a 94       	dec	r0
    1bac:	e2 f7       	brpl	.-8      	; 0x1ba6 <GPIO_writePin+0x108>
    1bae:	80 95       	com	r24
    1bb0:	84 23       	and	r24, r20
    1bb2:	8c 93       	st	X, r24
    1bb4:	57 c0       	rjmp	.+174    	; 0x1c64 <GPIO_writePin+0x1c6>
			}
			break;
		case PORTC_ID:
			if(value == LOGIC_HIGH)
    1bb6:	8b 81       	ldd	r24, Y+3	; 0x03
    1bb8:	81 30       	cpi	r24, 0x01	; 1
    1bba:	a1 f4       	brne	.+40     	; 0x1be4 <GPIO_writePin+0x146>
			{
				SET_BIT(PORTC,pin_num);
    1bbc:	a5 e3       	ldi	r26, 0x35	; 53
    1bbe:	b0 e0       	ldi	r27, 0x00	; 0
    1bc0:	e5 e3       	ldi	r30, 0x35	; 53
    1bc2:	f0 e0       	ldi	r31, 0x00	; 0
    1bc4:	80 81       	ld	r24, Z
    1bc6:	48 2f       	mov	r20, r24
    1bc8:	8a 81       	ldd	r24, Y+2	; 0x02
    1bca:	28 2f       	mov	r18, r24
    1bcc:	30 e0       	ldi	r19, 0x00	; 0
    1bce:	81 e0       	ldi	r24, 0x01	; 1
    1bd0:	90 e0       	ldi	r25, 0x00	; 0
    1bd2:	02 2e       	mov	r0, r18
    1bd4:	02 c0       	rjmp	.+4      	; 0x1bda <GPIO_writePin+0x13c>
    1bd6:	88 0f       	add	r24, r24
    1bd8:	99 1f       	adc	r25, r25
    1bda:	0a 94       	dec	r0
    1bdc:	e2 f7       	brpl	.-8      	; 0x1bd6 <GPIO_writePin+0x138>
    1bde:	84 2b       	or	r24, r20
    1be0:	8c 93       	st	X, r24
    1be2:	40 c0       	rjmp	.+128    	; 0x1c64 <GPIO_writePin+0x1c6>
			}
			else
			{
				CLEAR_BIT(PORTC,pin_num);
    1be4:	a5 e3       	ldi	r26, 0x35	; 53
    1be6:	b0 e0       	ldi	r27, 0x00	; 0
    1be8:	e5 e3       	ldi	r30, 0x35	; 53
    1bea:	f0 e0       	ldi	r31, 0x00	; 0
    1bec:	80 81       	ld	r24, Z
    1bee:	48 2f       	mov	r20, r24
    1bf0:	8a 81       	ldd	r24, Y+2	; 0x02
    1bf2:	28 2f       	mov	r18, r24
    1bf4:	30 e0       	ldi	r19, 0x00	; 0
    1bf6:	81 e0       	ldi	r24, 0x01	; 1
    1bf8:	90 e0       	ldi	r25, 0x00	; 0
    1bfa:	02 2e       	mov	r0, r18
    1bfc:	02 c0       	rjmp	.+4      	; 0x1c02 <GPIO_writePin+0x164>
    1bfe:	88 0f       	add	r24, r24
    1c00:	99 1f       	adc	r25, r25
    1c02:	0a 94       	dec	r0
    1c04:	e2 f7       	brpl	.-8      	; 0x1bfe <GPIO_writePin+0x160>
    1c06:	80 95       	com	r24
    1c08:	84 23       	and	r24, r20
    1c0a:	8c 93       	st	X, r24
    1c0c:	2b c0       	rjmp	.+86     	; 0x1c64 <GPIO_writePin+0x1c6>
			}
			break;
		case PORTD_ID:
			if(value == LOGIC_HIGH)
    1c0e:	8b 81       	ldd	r24, Y+3	; 0x03
    1c10:	81 30       	cpi	r24, 0x01	; 1
    1c12:	a1 f4       	brne	.+40     	; 0x1c3c <GPIO_writePin+0x19e>
			{
				SET_BIT(PORTD,pin_num);
    1c14:	a2 e3       	ldi	r26, 0x32	; 50
    1c16:	b0 e0       	ldi	r27, 0x00	; 0
    1c18:	e2 e3       	ldi	r30, 0x32	; 50
    1c1a:	f0 e0       	ldi	r31, 0x00	; 0
    1c1c:	80 81       	ld	r24, Z
    1c1e:	48 2f       	mov	r20, r24
    1c20:	8a 81       	ldd	r24, Y+2	; 0x02
    1c22:	28 2f       	mov	r18, r24
    1c24:	30 e0       	ldi	r19, 0x00	; 0
    1c26:	81 e0       	ldi	r24, 0x01	; 1
    1c28:	90 e0       	ldi	r25, 0x00	; 0
    1c2a:	02 2e       	mov	r0, r18
    1c2c:	02 c0       	rjmp	.+4      	; 0x1c32 <GPIO_writePin+0x194>
    1c2e:	88 0f       	add	r24, r24
    1c30:	99 1f       	adc	r25, r25
    1c32:	0a 94       	dec	r0
    1c34:	e2 f7       	brpl	.-8      	; 0x1c2e <GPIO_writePin+0x190>
    1c36:	84 2b       	or	r24, r20
    1c38:	8c 93       	st	X, r24
    1c3a:	14 c0       	rjmp	.+40     	; 0x1c64 <GPIO_writePin+0x1c6>
			}
			else
			{
				CLEAR_BIT(PORTD,pin_num);
    1c3c:	a2 e3       	ldi	r26, 0x32	; 50
    1c3e:	b0 e0       	ldi	r27, 0x00	; 0
    1c40:	e2 e3       	ldi	r30, 0x32	; 50
    1c42:	f0 e0       	ldi	r31, 0x00	; 0
    1c44:	80 81       	ld	r24, Z
    1c46:	48 2f       	mov	r20, r24
    1c48:	8a 81       	ldd	r24, Y+2	; 0x02
    1c4a:	28 2f       	mov	r18, r24
    1c4c:	30 e0       	ldi	r19, 0x00	; 0
    1c4e:	81 e0       	ldi	r24, 0x01	; 1
    1c50:	90 e0       	ldi	r25, 0x00	; 0
    1c52:	02 2e       	mov	r0, r18
    1c54:	02 c0       	rjmp	.+4      	; 0x1c5a <GPIO_writePin+0x1bc>
    1c56:	88 0f       	add	r24, r24
    1c58:	99 1f       	adc	r25, r25
    1c5a:	0a 94       	dec	r0
    1c5c:	e2 f7       	brpl	.-8      	; 0x1c56 <GPIO_writePin+0x1b8>
    1c5e:	80 95       	com	r24
    1c60:	84 23       	and	r24, r20
    1c62:	8c 93       	st	X, r24
			}
			break;
		}
	}
}
    1c64:	0f 90       	pop	r0
    1c66:	0f 90       	pop	r0
    1c68:	0f 90       	pop	r0
    1c6a:	0f 90       	pop	r0
    1c6c:	0f 90       	pop	r0
    1c6e:	cf 91       	pop	r28
    1c70:	df 91       	pop	r29
    1c72:	08 95       	ret

00001c74 <GPIO_readPin>:
 * Description :
 * Read and return the value for the required pin, it should be Logic High or Logic Low.
 * If the input port number or pin number are not correct, The function will return Logic Low.
 */
uint8 GPIO_readPin(uint8 port_num, uint8 pin_num)
{
    1c74:	df 93       	push	r29
    1c76:	cf 93       	push	r28
    1c78:	00 d0       	rcall	.+0      	; 0x1c7a <GPIO_readPin+0x6>
    1c7a:	00 d0       	rcall	.+0      	; 0x1c7c <GPIO_readPin+0x8>
    1c7c:	0f 92       	push	r0
    1c7e:	cd b7       	in	r28, 0x3d	; 61
    1c80:	de b7       	in	r29, 0x3e	; 62
    1c82:	8a 83       	std	Y+2, r24	; 0x02
    1c84:	6b 83       	std	Y+3, r22	; 0x03
	uint8 pin_value = LOGIC_LOW;
    1c86:	19 82       	std	Y+1, r1	; 0x01
	/*
	 * Check if the input port number is greater than NUM_OF_PINS_PER_PORT value.
	 * Or if the input pin number is greater than NUM_OF_PINS_PER_PORT value.
	 * In this case the input is not valid port/pin number
	 */
	if((pin_num >= NUM_OF_PINS_PER_PORT) || (port_num >= NUM_OF_PORTS))
    1c88:	8b 81       	ldd	r24, Y+3	; 0x03
    1c8a:	88 30       	cpi	r24, 0x08	; 8
    1c8c:	08 f0       	brcs	.+2      	; 0x1c90 <GPIO_readPin+0x1c>
    1c8e:	84 c0       	rjmp	.+264    	; 0x1d98 <GPIO_readPin+0x124>
    1c90:	8a 81       	ldd	r24, Y+2	; 0x02
    1c92:	84 30       	cpi	r24, 0x04	; 4
    1c94:	08 f0       	brcs	.+2      	; 0x1c98 <GPIO_readPin+0x24>
    1c96:	80 c0       	rjmp	.+256    	; 0x1d98 <GPIO_readPin+0x124>
		/* Do Nothing */
	}
	else
	{
		/* Read the pin value as required */
		switch(port_num)
    1c98:	8a 81       	ldd	r24, Y+2	; 0x02
    1c9a:	28 2f       	mov	r18, r24
    1c9c:	30 e0       	ldi	r19, 0x00	; 0
    1c9e:	3d 83       	std	Y+5, r19	; 0x05
    1ca0:	2c 83       	std	Y+4, r18	; 0x04
    1ca2:	4c 81       	ldd	r20, Y+4	; 0x04
    1ca4:	5d 81       	ldd	r21, Y+5	; 0x05
    1ca6:	41 30       	cpi	r20, 0x01	; 1
    1ca8:	51 05       	cpc	r21, r1
    1caa:	79 f1       	breq	.+94     	; 0x1d0a <GPIO_readPin+0x96>
    1cac:	8c 81       	ldd	r24, Y+4	; 0x04
    1cae:	9d 81       	ldd	r25, Y+5	; 0x05
    1cb0:	82 30       	cpi	r24, 0x02	; 2
    1cb2:	91 05       	cpc	r25, r1
    1cb4:	34 f4       	brge	.+12     	; 0x1cc2 <GPIO_readPin+0x4e>
    1cb6:	2c 81       	ldd	r18, Y+4	; 0x04
    1cb8:	3d 81       	ldd	r19, Y+5	; 0x05
    1cba:	21 15       	cp	r18, r1
    1cbc:	31 05       	cpc	r19, r1
    1cbe:	69 f0       	breq	.+26     	; 0x1cda <GPIO_readPin+0x66>
    1cc0:	6b c0       	rjmp	.+214    	; 0x1d98 <GPIO_readPin+0x124>
    1cc2:	4c 81       	ldd	r20, Y+4	; 0x04
    1cc4:	5d 81       	ldd	r21, Y+5	; 0x05
    1cc6:	42 30       	cpi	r20, 0x02	; 2
    1cc8:	51 05       	cpc	r21, r1
    1cca:	b9 f1       	breq	.+110    	; 0x1d3a <GPIO_readPin+0xc6>
    1ccc:	8c 81       	ldd	r24, Y+4	; 0x04
    1cce:	9d 81       	ldd	r25, Y+5	; 0x05
    1cd0:	83 30       	cpi	r24, 0x03	; 3
    1cd2:	91 05       	cpc	r25, r1
    1cd4:	09 f4       	brne	.+2      	; 0x1cd8 <GPIO_readPin+0x64>
    1cd6:	49 c0       	rjmp	.+146    	; 0x1d6a <GPIO_readPin+0xf6>
    1cd8:	5f c0       	rjmp	.+190    	; 0x1d98 <GPIO_readPin+0x124>
		{
		case PORTA_ID:
			if(BIT_IS_SET(PINA,pin_num))
    1cda:	e9 e3       	ldi	r30, 0x39	; 57
    1cdc:	f0 e0       	ldi	r31, 0x00	; 0
    1cde:	80 81       	ld	r24, Z
    1ce0:	28 2f       	mov	r18, r24
    1ce2:	30 e0       	ldi	r19, 0x00	; 0
    1ce4:	8b 81       	ldd	r24, Y+3	; 0x03
    1ce6:	88 2f       	mov	r24, r24
    1ce8:	90 e0       	ldi	r25, 0x00	; 0
    1cea:	a9 01       	movw	r20, r18
    1cec:	02 c0       	rjmp	.+4      	; 0x1cf2 <GPIO_readPin+0x7e>
    1cee:	55 95       	asr	r21
    1cf0:	47 95       	ror	r20
    1cf2:	8a 95       	dec	r24
    1cf4:	e2 f7       	brpl	.-8      	; 0x1cee <GPIO_readPin+0x7a>
    1cf6:	ca 01       	movw	r24, r20
    1cf8:	81 70       	andi	r24, 0x01	; 1
    1cfa:	90 70       	andi	r25, 0x00	; 0
    1cfc:	88 23       	and	r24, r24
    1cfe:	19 f0       	breq	.+6      	; 0x1d06 <GPIO_readPin+0x92>
			{
				pin_value = LOGIC_HIGH;
    1d00:	81 e0       	ldi	r24, 0x01	; 1
    1d02:	89 83       	std	Y+1, r24	; 0x01
    1d04:	49 c0       	rjmp	.+146    	; 0x1d98 <GPIO_readPin+0x124>
			}
			else
			{
				pin_value = LOGIC_LOW;
    1d06:	19 82       	std	Y+1, r1	; 0x01
    1d08:	47 c0       	rjmp	.+142    	; 0x1d98 <GPIO_readPin+0x124>
			}
			break;
		case PORTB_ID:
			if(BIT_IS_SET(PINB,pin_num))
    1d0a:	e6 e3       	ldi	r30, 0x36	; 54
    1d0c:	f0 e0       	ldi	r31, 0x00	; 0
    1d0e:	80 81       	ld	r24, Z
    1d10:	28 2f       	mov	r18, r24
    1d12:	30 e0       	ldi	r19, 0x00	; 0
    1d14:	8b 81       	ldd	r24, Y+3	; 0x03
    1d16:	88 2f       	mov	r24, r24
    1d18:	90 e0       	ldi	r25, 0x00	; 0
    1d1a:	a9 01       	movw	r20, r18
    1d1c:	02 c0       	rjmp	.+4      	; 0x1d22 <GPIO_readPin+0xae>
    1d1e:	55 95       	asr	r21
    1d20:	47 95       	ror	r20
    1d22:	8a 95       	dec	r24
    1d24:	e2 f7       	brpl	.-8      	; 0x1d1e <GPIO_readPin+0xaa>
    1d26:	ca 01       	movw	r24, r20
    1d28:	81 70       	andi	r24, 0x01	; 1
    1d2a:	90 70       	andi	r25, 0x00	; 0
    1d2c:	88 23       	and	r24, r24
    1d2e:	19 f0       	breq	.+6      	; 0x1d36 <GPIO_readPin+0xc2>
			{
				pin_value = LOGIC_HIGH;
    1d30:	81 e0       	ldi	r24, 0x01	; 1
    1d32:	89 83       	std	Y+1, r24	; 0x01
    1d34:	31 c0       	rjmp	.+98     	; 0x1d98 <GPIO_readPin+0x124>
			}
			else
			{
				pin_value = LOGIC_LOW;
    1d36:	19 82       	std	Y+1, r1	; 0x01
    1d38:	2f c0       	rjmp	.+94     	; 0x1d98 <GPIO_readPin+0x124>
			}
			break;
		case PORTC_ID:
			if(BIT_IS_SET(PINC,pin_num))
    1d3a:	e3 e3       	ldi	r30, 0x33	; 51
    1d3c:	f0 e0       	ldi	r31, 0x00	; 0
    1d3e:	80 81       	ld	r24, Z
    1d40:	28 2f       	mov	r18, r24
    1d42:	30 e0       	ldi	r19, 0x00	; 0
    1d44:	8b 81       	ldd	r24, Y+3	; 0x03
    1d46:	88 2f       	mov	r24, r24
    1d48:	90 e0       	ldi	r25, 0x00	; 0
    1d4a:	a9 01       	movw	r20, r18
    1d4c:	02 c0       	rjmp	.+4      	; 0x1d52 <GPIO_readPin+0xde>
    1d4e:	55 95       	asr	r21
    1d50:	47 95       	ror	r20
    1d52:	8a 95       	dec	r24
    1d54:	e2 f7       	brpl	.-8      	; 0x1d4e <GPIO_readPin+0xda>
    1d56:	ca 01       	movw	r24, r20
    1d58:	81 70       	andi	r24, 0x01	; 1
    1d5a:	90 70       	andi	r25, 0x00	; 0
    1d5c:	88 23       	and	r24, r24
    1d5e:	19 f0       	breq	.+6      	; 0x1d66 <GPIO_readPin+0xf2>
			{
				pin_value = LOGIC_HIGH;
    1d60:	81 e0       	ldi	r24, 0x01	; 1
    1d62:	89 83       	std	Y+1, r24	; 0x01
    1d64:	19 c0       	rjmp	.+50     	; 0x1d98 <GPIO_readPin+0x124>
			}
			else
			{
				pin_value = LOGIC_LOW;
    1d66:	19 82       	std	Y+1, r1	; 0x01
    1d68:	17 c0       	rjmp	.+46     	; 0x1d98 <GPIO_readPin+0x124>
			}
			break;
		case PORTD_ID:
			if(BIT_IS_SET(PIND,pin_num))
    1d6a:	e0 e3       	ldi	r30, 0x30	; 48
    1d6c:	f0 e0       	ldi	r31, 0x00	; 0
    1d6e:	80 81       	ld	r24, Z
    1d70:	28 2f       	mov	r18, r24
    1d72:	30 e0       	ldi	r19, 0x00	; 0
    1d74:	8b 81       	ldd	r24, Y+3	; 0x03
    1d76:	88 2f       	mov	r24, r24
    1d78:	90 e0       	ldi	r25, 0x00	; 0
    1d7a:	a9 01       	movw	r20, r18
    1d7c:	02 c0       	rjmp	.+4      	; 0x1d82 <GPIO_readPin+0x10e>
    1d7e:	55 95       	asr	r21
    1d80:	47 95       	ror	r20
    1d82:	8a 95       	dec	r24
    1d84:	e2 f7       	brpl	.-8      	; 0x1d7e <GPIO_readPin+0x10a>
    1d86:	ca 01       	movw	r24, r20
    1d88:	81 70       	andi	r24, 0x01	; 1
    1d8a:	90 70       	andi	r25, 0x00	; 0
    1d8c:	88 23       	and	r24, r24
    1d8e:	19 f0       	breq	.+6      	; 0x1d96 <GPIO_readPin+0x122>
			{
				pin_value = LOGIC_HIGH;
    1d90:	81 e0       	ldi	r24, 0x01	; 1
    1d92:	89 83       	std	Y+1, r24	; 0x01
    1d94:	01 c0       	rjmp	.+2      	; 0x1d98 <GPIO_readPin+0x124>
			}
			else
			{
				pin_value = LOGIC_LOW;
    1d96:	19 82       	std	Y+1, r1	; 0x01
			}
			break;
		}
	}

	return pin_value;
    1d98:	89 81       	ldd	r24, Y+1	; 0x01
}
    1d9a:	0f 90       	pop	r0
    1d9c:	0f 90       	pop	r0
    1d9e:	0f 90       	pop	r0
    1da0:	0f 90       	pop	r0
    1da2:	0f 90       	pop	r0
    1da4:	cf 91       	pop	r28
    1da6:	df 91       	pop	r29
    1da8:	08 95       	ret

00001daa <GPIO_setupPortDirection>:
 * If the direction value is PORT_INPUT all pins in this port should be input pins.
 * If the direction value is PORT_OUTPUT all pins in this port should be output pins.
 * If the input port number is not correct, The function will not handle the request.
 */
void GPIO_setupPortDirection(uint8 port_num, GPIO_PortDirectionType direction)
{
    1daa:	df 93       	push	r29
    1dac:	cf 93       	push	r28
    1dae:	00 d0       	rcall	.+0      	; 0x1db0 <GPIO_setupPortDirection+0x6>
    1db0:	00 d0       	rcall	.+0      	; 0x1db2 <GPIO_setupPortDirection+0x8>
    1db2:	cd b7       	in	r28, 0x3d	; 61
    1db4:	de b7       	in	r29, 0x3e	; 62
    1db6:	89 83       	std	Y+1, r24	; 0x01
    1db8:	6a 83       	std	Y+2, r22	; 0x02
	/*
	 * Check if the input number is greater than NUM_OF_PORTS value.
	 * In this case the input is not valid port number
	 */
	if(port_num >= NUM_OF_PORTS)
    1dba:	89 81       	ldd	r24, Y+1	; 0x01
    1dbc:	84 30       	cpi	r24, 0x04	; 4
    1dbe:	90 f5       	brcc	.+100    	; 0x1e24 <GPIO_setupPortDirection+0x7a>
		/* Do Nothing */
	}
	else
	{
		/* Setup the port direction as required */
		switch(port_num)
    1dc0:	89 81       	ldd	r24, Y+1	; 0x01
    1dc2:	28 2f       	mov	r18, r24
    1dc4:	30 e0       	ldi	r19, 0x00	; 0
    1dc6:	3c 83       	std	Y+4, r19	; 0x04
    1dc8:	2b 83       	std	Y+3, r18	; 0x03
    1dca:	8b 81       	ldd	r24, Y+3	; 0x03
    1dcc:	9c 81       	ldd	r25, Y+4	; 0x04
    1dce:	81 30       	cpi	r24, 0x01	; 1
    1dd0:	91 05       	cpc	r25, r1
    1dd2:	d1 f0       	breq	.+52     	; 0x1e08 <GPIO_setupPortDirection+0x5e>
    1dd4:	2b 81       	ldd	r18, Y+3	; 0x03
    1dd6:	3c 81       	ldd	r19, Y+4	; 0x04
    1dd8:	22 30       	cpi	r18, 0x02	; 2
    1dda:	31 05       	cpc	r19, r1
    1ddc:	2c f4       	brge	.+10     	; 0x1de8 <GPIO_setupPortDirection+0x3e>
    1dde:	8b 81       	ldd	r24, Y+3	; 0x03
    1de0:	9c 81       	ldd	r25, Y+4	; 0x04
    1de2:	00 97       	sbiw	r24, 0x00	; 0
    1de4:	61 f0       	breq	.+24     	; 0x1dfe <GPIO_setupPortDirection+0x54>
    1de6:	1e c0       	rjmp	.+60     	; 0x1e24 <GPIO_setupPortDirection+0x7a>
    1de8:	2b 81       	ldd	r18, Y+3	; 0x03
    1dea:	3c 81       	ldd	r19, Y+4	; 0x04
    1dec:	22 30       	cpi	r18, 0x02	; 2
    1dee:	31 05       	cpc	r19, r1
    1df0:	81 f0       	breq	.+32     	; 0x1e12 <GPIO_setupPortDirection+0x68>
    1df2:	8b 81       	ldd	r24, Y+3	; 0x03
    1df4:	9c 81       	ldd	r25, Y+4	; 0x04
    1df6:	83 30       	cpi	r24, 0x03	; 3
    1df8:	91 05       	cpc	r25, r1
    1dfa:	81 f0       	breq	.+32     	; 0x1e1c <GPIO_setupPortDirection+0x72>
    1dfc:	13 c0       	rjmp	.+38     	; 0x1e24 <GPIO_setupPortDirection+0x7a>
		{
		case PORTA_ID:
			DDRA = direction;
    1dfe:	ea e3       	ldi	r30, 0x3A	; 58
    1e00:	f0 e0       	ldi	r31, 0x00	; 0
    1e02:	8a 81       	ldd	r24, Y+2	; 0x02
    1e04:	80 83       	st	Z, r24
    1e06:	0e c0       	rjmp	.+28     	; 0x1e24 <GPIO_setupPortDirection+0x7a>
			break;
		case PORTB_ID:
			DDRB = direction;
    1e08:	e7 e3       	ldi	r30, 0x37	; 55
    1e0a:	f0 e0       	ldi	r31, 0x00	; 0
    1e0c:	8a 81       	ldd	r24, Y+2	; 0x02
    1e0e:	80 83       	st	Z, r24
    1e10:	09 c0       	rjmp	.+18     	; 0x1e24 <GPIO_setupPortDirection+0x7a>
			break;
		case PORTC_ID:
			DDRC = direction;
    1e12:	e4 e3       	ldi	r30, 0x34	; 52
    1e14:	f0 e0       	ldi	r31, 0x00	; 0
    1e16:	8a 81       	ldd	r24, Y+2	; 0x02
    1e18:	80 83       	st	Z, r24
    1e1a:	04 c0       	rjmp	.+8      	; 0x1e24 <GPIO_setupPortDirection+0x7a>
			break;
		case PORTD_ID:
			DDRD = direction;
    1e1c:	e1 e3       	ldi	r30, 0x31	; 49
    1e1e:	f0 e0       	ldi	r31, 0x00	; 0
    1e20:	8a 81       	ldd	r24, Y+2	; 0x02
    1e22:	80 83       	st	Z, r24
			break;
		}
	}
}
    1e24:	0f 90       	pop	r0
    1e26:	0f 90       	pop	r0
    1e28:	0f 90       	pop	r0
    1e2a:	0f 90       	pop	r0
    1e2c:	cf 91       	pop	r28
    1e2e:	df 91       	pop	r29
    1e30:	08 95       	ret

00001e32 <GPIO_writePort>:
 * If any pin in the port is output pin the value will be written.
 * If any pin in the port is input pin this will activate/deactivate the internal pull-up resistor.
 * If the input port number is not correct, The function will not handle the request.
 */
void GPIO_writePort(uint8 port_num, uint8 value)
{
    1e32:	df 93       	push	r29
    1e34:	cf 93       	push	r28
    1e36:	00 d0       	rcall	.+0      	; 0x1e38 <GPIO_writePort+0x6>
    1e38:	00 d0       	rcall	.+0      	; 0x1e3a <GPIO_writePort+0x8>
    1e3a:	cd b7       	in	r28, 0x3d	; 61
    1e3c:	de b7       	in	r29, 0x3e	; 62
    1e3e:	89 83       	std	Y+1, r24	; 0x01
    1e40:	6a 83       	std	Y+2, r22	; 0x02
	/*
	 * Check if the input number is greater than NUM_OF_PORTS value.
	 * In this case the input is not valid port number
	 */
	if(port_num >= NUM_OF_PORTS)
    1e42:	89 81       	ldd	r24, Y+1	; 0x01
    1e44:	84 30       	cpi	r24, 0x04	; 4
    1e46:	90 f5       	brcc	.+100    	; 0x1eac <GPIO_writePort+0x7a>
		/* Do Nothing */
	}
	else
	{
		/* Write the port value as required */
		switch(port_num)
    1e48:	89 81       	ldd	r24, Y+1	; 0x01
    1e4a:	28 2f       	mov	r18, r24
    1e4c:	30 e0       	ldi	r19, 0x00	; 0
    1e4e:	3c 83       	std	Y+4, r19	; 0x04
    1e50:	2b 83       	std	Y+3, r18	; 0x03
    1e52:	8b 81       	ldd	r24, Y+3	; 0x03
    1e54:	9c 81       	ldd	r25, Y+4	; 0x04
    1e56:	81 30       	cpi	r24, 0x01	; 1
    1e58:	91 05       	cpc	r25, r1
    1e5a:	d1 f0       	breq	.+52     	; 0x1e90 <GPIO_writePort+0x5e>
    1e5c:	2b 81       	ldd	r18, Y+3	; 0x03
    1e5e:	3c 81       	ldd	r19, Y+4	; 0x04
    1e60:	22 30       	cpi	r18, 0x02	; 2
    1e62:	31 05       	cpc	r19, r1
    1e64:	2c f4       	brge	.+10     	; 0x1e70 <GPIO_writePort+0x3e>
    1e66:	8b 81       	ldd	r24, Y+3	; 0x03
    1e68:	9c 81       	ldd	r25, Y+4	; 0x04
    1e6a:	00 97       	sbiw	r24, 0x00	; 0
    1e6c:	61 f0       	breq	.+24     	; 0x1e86 <GPIO_writePort+0x54>
    1e6e:	1e c0       	rjmp	.+60     	; 0x1eac <GPIO_writePort+0x7a>
    1e70:	2b 81       	ldd	r18, Y+3	; 0x03
    1e72:	3c 81       	ldd	r19, Y+4	; 0x04
    1e74:	22 30       	cpi	r18, 0x02	; 2
    1e76:	31 05       	cpc	r19, r1
    1e78:	81 f0       	breq	.+32     	; 0x1e9a <GPIO_writePort+0x68>
    1e7a:	8b 81       	ldd	r24, Y+3	; 0x03
    1e7c:	9c 81       	ldd	r25, Y+4	; 0x04
    1e7e:	83 30       	cpi	r24, 0x03	; 3
    1e80:	91 05       	cpc	r25, r1
    1e82:	81 f0       	breq	.+32     	; 0x1ea4 <GPIO_writePort+0x72>
    1e84:	13 c0       	rjmp	.+38     	; 0x1eac <GPIO_writePort+0x7a>
		{
		case PORTA_ID:
			PORTA = value;
    1e86:	eb e3       	ldi	r30, 0x3B	; 59
    1e88:	f0 e0       	ldi	r31, 0x00	; 0
    1e8a:	8a 81       	ldd	r24, Y+2	; 0x02
    1e8c:	80 83       	st	Z, r24
    1e8e:	0e c0       	rjmp	.+28     	; 0x1eac <GPIO_writePort+0x7a>
			break;
		case PORTB_ID:
			PORTB = value;
    1e90:	e8 e3       	ldi	r30, 0x38	; 56
    1e92:	f0 e0       	ldi	r31, 0x00	; 0
    1e94:	8a 81       	ldd	r24, Y+2	; 0x02
    1e96:	80 83       	st	Z, r24
    1e98:	09 c0       	rjmp	.+18     	; 0x1eac <GPIO_writePort+0x7a>
			break;
		case PORTC_ID:
			PORTC = value;
    1e9a:	e5 e3       	ldi	r30, 0x35	; 53
    1e9c:	f0 e0       	ldi	r31, 0x00	; 0
    1e9e:	8a 81       	ldd	r24, Y+2	; 0x02
    1ea0:	80 83       	st	Z, r24
    1ea2:	04 c0       	rjmp	.+8      	; 0x1eac <GPIO_writePort+0x7a>
			break;
		case PORTD_ID:
			PORTD = value;
    1ea4:	e2 e3       	ldi	r30, 0x32	; 50
    1ea6:	f0 e0       	ldi	r31, 0x00	; 0
    1ea8:	8a 81       	ldd	r24, Y+2	; 0x02
    1eaa:	80 83       	st	Z, r24
			break;
		}
	}
}
    1eac:	0f 90       	pop	r0
    1eae:	0f 90       	pop	r0
    1eb0:	0f 90       	pop	r0
    1eb2:	0f 90       	pop	r0
    1eb4:	cf 91       	pop	r28
    1eb6:	df 91       	pop	r29
    1eb8:	08 95       	ret

00001eba <GPIO_readPort>:
 * Description :
 * Read and return the value of the required port.
 * If the input port number is not correct, The function will return ZERO value.
 */
uint8 GPIO_readPort(uint8 port_num)
{
    1eba:	df 93       	push	r29
    1ebc:	cf 93       	push	r28
    1ebe:	00 d0       	rcall	.+0      	; 0x1ec0 <GPIO_readPort+0x6>
    1ec0:	00 d0       	rcall	.+0      	; 0x1ec2 <GPIO_readPort+0x8>
    1ec2:	cd b7       	in	r28, 0x3d	; 61
    1ec4:	de b7       	in	r29, 0x3e	; 62
    1ec6:	8a 83       	std	Y+2, r24	; 0x02
	uint8 value = LOGIC_LOW;
    1ec8:	19 82       	std	Y+1, r1	; 0x01

	/*
	 * Check if the input number is greater than NUM_OF_PORTS value.
	 * In this case the input is not valid port number
	 */
	if(port_num >= NUM_OF_PORTS)
    1eca:	8a 81       	ldd	r24, Y+2	; 0x02
    1ecc:	84 30       	cpi	r24, 0x04	; 4
    1ece:	90 f5       	brcc	.+100    	; 0x1f34 <GPIO_readPort+0x7a>
		/* Do Nothing */
	}
	else
	{
		/* Read the port value as required */
		switch(port_num)
    1ed0:	8a 81       	ldd	r24, Y+2	; 0x02
    1ed2:	28 2f       	mov	r18, r24
    1ed4:	30 e0       	ldi	r19, 0x00	; 0
    1ed6:	3c 83       	std	Y+4, r19	; 0x04
    1ed8:	2b 83       	std	Y+3, r18	; 0x03
    1eda:	8b 81       	ldd	r24, Y+3	; 0x03
    1edc:	9c 81       	ldd	r25, Y+4	; 0x04
    1ede:	81 30       	cpi	r24, 0x01	; 1
    1ee0:	91 05       	cpc	r25, r1
    1ee2:	d1 f0       	breq	.+52     	; 0x1f18 <GPIO_readPort+0x5e>
    1ee4:	2b 81       	ldd	r18, Y+3	; 0x03
    1ee6:	3c 81       	ldd	r19, Y+4	; 0x04
    1ee8:	22 30       	cpi	r18, 0x02	; 2
    1eea:	31 05       	cpc	r19, r1
    1eec:	2c f4       	brge	.+10     	; 0x1ef8 <GPIO_readPort+0x3e>
    1eee:	8b 81       	ldd	r24, Y+3	; 0x03
    1ef0:	9c 81       	ldd	r25, Y+4	; 0x04
    1ef2:	00 97       	sbiw	r24, 0x00	; 0
    1ef4:	61 f0       	breq	.+24     	; 0x1f0e <GPIO_readPort+0x54>
    1ef6:	1e c0       	rjmp	.+60     	; 0x1f34 <GPIO_readPort+0x7a>
    1ef8:	2b 81       	ldd	r18, Y+3	; 0x03
    1efa:	3c 81       	ldd	r19, Y+4	; 0x04
    1efc:	22 30       	cpi	r18, 0x02	; 2
    1efe:	31 05       	cpc	r19, r1
    1f00:	81 f0       	breq	.+32     	; 0x1f22 <GPIO_readPort+0x68>
    1f02:	8b 81       	ldd	r24, Y+3	; 0x03
    1f04:	9c 81       	ldd	r25, Y+4	; 0x04
    1f06:	83 30       	cpi	r24, 0x03	; 3
    1f08:	91 05       	cpc	r25, r1
    1f0a:	81 f0       	breq	.+32     	; 0x1f2c <GPIO_readPort+0x72>
    1f0c:	13 c0       	rjmp	.+38     	; 0x1f34 <GPIO_readPort+0x7a>
		{
		case PORTA_ID:
			value = PINA;
    1f0e:	e9 e3       	ldi	r30, 0x39	; 57
    1f10:	f0 e0       	ldi	r31, 0x00	; 0
    1f12:	80 81       	ld	r24, Z
    1f14:	89 83       	std	Y+1, r24	; 0x01
    1f16:	0e c0       	rjmp	.+28     	; 0x1f34 <GPIO_readPort+0x7a>
			break;
		case PORTB_ID:
			value = PINB;
    1f18:	e6 e3       	ldi	r30, 0x36	; 54
    1f1a:	f0 e0       	ldi	r31, 0x00	; 0
    1f1c:	80 81       	ld	r24, Z
    1f1e:	89 83       	std	Y+1, r24	; 0x01
    1f20:	09 c0       	rjmp	.+18     	; 0x1f34 <GPIO_readPort+0x7a>
			break;
		case PORTC_ID:
			value = PINC;
    1f22:	e3 e3       	ldi	r30, 0x33	; 51
    1f24:	f0 e0       	ldi	r31, 0x00	; 0
    1f26:	80 81       	ld	r24, Z
    1f28:	89 83       	std	Y+1, r24	; 0x01
    1f2a:	04 c0       	rjmp	.+8      	; 0x1f34 <GPIO_readPort+0x7a>
			break;
		case PORTD_ID:
			value = PIND;
    1f2c:	e0 e3       	ldi	r30, 0x30	; 48
    1f2e:	f0 e0       	ldi	r31, 0x00	; 0
    1f30:	80 81       	ld	r24, Z
    1f32:	89 83       	std	Y+1, r24	; 0x01
			break;
		}
	}

	return value;
    1f34:	89 81       	ldd	r24, Y+1	; 0x01
}
    1f36:	0f 90       	pop	r0
    1f38:	0f 90       	pop	r0
    1f3a:	0f 90       	pop	r0
    1f3c:	0f 90       	pop	r0
    1f3e:	cf 91       	pop	r28
    1f40:	df 91       	pop	r29
    1f42:	08 95       	ret

00001f44 <PWM_Timer0_Start>:
 * F_PWM=(F_CPU)/(256*N) = (8*10^6)/(256*8) = 4kHz
 * Duty Cycle can be changed by updating the value
 * in The Compare Register
 */
void PWM_Timer0_Start(unsigned char set_duty_cycle)
{
    1f44:	df 93       	push	r29
    1f46:	cf 93       	push	r28
    1f48:	0f 92       	push	r0
    1f4a:	cd b7       	in	r28, 0x3d	; 61
    1f4c:	de b7       	in	r29, 0x3e	; 62
    1f4e:	89 83       	std	Y+1, r24	; 0x01
	TCNT0 = 0; // Set Timer Initial Value to 0
    1f50:	e2 e5       	ldi	r30, 0x52	; 82
    1f52:	f0 e0       	ldi	r31, 0x00	; 0
    1f54:	10 82       	st	Z, r1
	 * 1. Fast PWM mode FOC0=0
	 * 2. Fast PWM Mode WGM01=1 & WGM00=1
	 * 3. Clear OC0 when match occurs (non inverted mode) COM00=0 & COM01=1
	 * 4. clock = F_CPU/8 CS00=0 CS01=1 CS02=0
	 */ 
	TCCR0 = (1<<WGM00) | (1<<WGM01) | (1<<COM01) | (1<<CS01);
    1f56:	e3 e5       	ldi	r30, 0x53	; 83
    1f58:	f0 e0       	ldi	r31, 0x00	; 0
    1f5a:	8a e6       	ldi	r24, 0x6A	; 106
    1f5c:	80 83       	st	Z, r24
	
	OCR0  = set_duty_cycle; 
    1f5e:	ec e5       	ldi	r30, 0x5C	; 92
    1f60:	f0 e0       	ldi	r31, 0x00	; 0
    1f62:	89 81       	ldd	r24, Y+1	; 0x01
    1f64:	80 83       	st	Z, r24
	
	GPIO_setupPinDirection(PORTB_ID, PIN3_ID, PIN_OUTPUT); //set PB3/OC0 as output pin --> pin where the PWM signal is generated from MC.
    1f66:	81 e0       	ldi	r24, 0x01	; 1
    1f68:	63 e0       	ldi	r22, 0x03	; 3
    1f6a:	41 e0       	ldi	r20, 0x01	; 1
    1f6c:	0e 94 64 0c 	call	0x18c8	; 0x18c8 <GPIO_setupPinDirection>
}
    1f70:	0f 90       	pop	r0
    1f72:	cf 91       	pop	r28
    1f74:	df 91       	pop	r29
    1f76:	08 95       	ret

00001f78 <__vector_7>:
#include"timer1.h"
#include"avr/io.h"
#include <avr/interrupt.h>
static volatile void (*g_callBackPtr)(void) = NULL_PTR;
ISR(TIMER1_COMPA_vect)
{
    1f78:	1f 92       	push	r1
    1f7a:	0f 92       	push	r0
    1f7c:	0f b6       	in	r0, 0x3f	; 63
    1f7e:	0f 92       	push	r0
    1f80:	11 24       	eor	r1, r1
    1f82:	2f 93       	push	r18
    1f84:	3f 93       	push	r19
    1f86:	4f 93       	push	r20
    1f88:	5f 93       	push	r21
    1f8a:	6f 93       	push	r22
    1f8c:	7f 93       	push	r23
    1f8e:	8f 93       	push	r24
    1f90:	9f 93       	push	r25
    1f92:	af 93       	push	r26
    1f94:	bf 93       	push	r27
    1f96:	ef 93       	push	r30
    1f98:	ff 93       	push	r31
    1f9a:	df 93       	push	r29
    1f9c:	cf 93       	push	r28
    1f9e:	cd b7       	in	r28, 0x3d	; 61
    1fa0:	de b7       	in	r29, 0x3e	; 62
	if(g_callBackPtr != NULL_PTR)
    1fa2:	80 91 69 00 	lds	r24, 0x0069
    1fa6:	90 91 6a 00 	lds	r25, 0x006A
    1faa:	00 97       	sbiw	r24, 0x00	; 0
    1fac:	29 f0       	breq	.+10     	; 0x1fb8 <__vector_7+0x40>
	{
		(*g_callBackPtr)();
    1fae:	e0 91 69 00 	lds	r30, 0x0069
    1fb2:	f0 91 6a 00 	lds	r31, 0x006A
    1fb6:	09 95       	icall
	}
}
    1fb8:	cf 91       	pop	r28
    1fba:	df 91       	pop	r29
    1fbc:	ff 91       	pop	r31
    1fbe:	ef 91       	pop	r30
    1fc0:	bf 91       	pop	r27
    1fc2:	af 91       	pop	r26
    1fc4:	9f 91       	pop	r25
    1fc6:	8f 91       	pop	r24
    1fc8:	7f 91       	pop	r23
    1fca:	6f 91       	pop	r22
    1fcc:	5f 91       	pop	r21
    1fce:	4f 91       	pop	r20
    1fd0:	3f 91       	pop	r19
    1fd2:	2f 91       	pop	r18
    1fd4:	0f 90       	pop	r0
    1fd6:	0f be       	out	0x3f, r0	; 63
    1fd8:	0f 90       	pop	r0
    1fda:	1f 90       	pop	r1
    1fdc:	18 95       	reti

00001fde <__vector_9>:
ISR(TIMER1_OVF_vect)
{
    1fde:	1f 92       	push	r1
    1fe0:	0f 92       	push	r0
    1fe2:	0f b6       	in	r0, 0x3f	; 63
    1fe4:	0f 92       	push	r0
    1fe6:	11 24       	eor	r1, r1
    1fe8:	2f 93       	push	r18
    1fea:	3f 93       	push	r19
    1fec:	4f 93       	push	r20
    1fee:	5f 93       	push	r21
    1ff0:	6f 93       	push	r22
    1ff2:	7f 93       	push	r23
    1ff4:	8f 93       	push	r24
    1ff6:	9f 93       	push	r25
    1ff8:	af 93       	push	r26
    1ffa:	bf 93       	push	r27
    1ffc:	ef 93       	push	r30
    1ffe:	ff 93       	push	r31
    2000:	df 93       	push	r29
    2002:	cf 93       	push	r28
    2004:	cd b7       	in	r28, 0x3d	; 61
    2006:	de b7       	in	r29, 0x3e	; 62
	if(g_callBackPtr != NULL_PTR)
    2008:	80 91 69 00 	lds	r24, 0x0069
    200c:	90 91 6a 00 	lds	r25, 0x006A
    2010:	00 97       	sbiw	r24, 0x00	; 0
    2012:	29 f0       	breq	.+10     	; 0x201e <__vector_9+0x40>
	{
		(*g_callBackPtr)();
    2014:	e0 91 69 00 	lds	r30, 0x0069
    2018:	f0 91 6a 00 	lds	r31, 0x006A
    201c:	09 95       	icall
	}
}
    201e:	cf 91       	pop	r28
    2020:	df 91       	pop	r29
    2022:	ff 91       	pop	r31
    2024:	ef 91       	pop	r30
    2026:	bf 91       	pop	r27
    2028:	af 91       	pop	r26
    202a:	9f 91       	pop	r25
    202c:	8f 91       	pop	r24
    202e:	7f 91       	pop	r23
    2030:	6f 91       	pop	r22
    2032:	5f 91       	pop	r21
    2034:	4f 91       	pop	r20
    2036:	3f 91       	pop	r19
    2038:	2f 91       	pop	r18
    203a:	0f 90       	pop	r0
    203c:	0f be       	out	0x3f, r0	; 63
    203e:	0f 90       	pop	r0
    2040:	1f 90       	pop	r1
    2042:	18 95       	reti

00002044 <Timer1_init>:

void Timer1_init(const Timer1_ConfigType * Config_Ptr)
{
    2044:	df 93       	push	r29
    2046:	cf 93       	push	r28
    2048:	00 d0       	rcall	.+0      	; 0x204a <Timer1_init+0x6>
    204a:	cd b7       	in	r28, 0x3d	; 61
    204c:	de b7       	in	r29, 0x3e	; 62
    204e:	9a 83       	std	Y+2, r25	; 0x02
    2050:	89 83       	std	Y+1, r24	; 0x01
	TCNT1=Config_Ptr->initial_value;    /*initialize timer */
    2052:	ac e4       	ldi	r26, 0x4C	; 76
    2054:	b0 e0       	ldi	r27, 0x00	; 0
    2056:	e9 81       	ldd	r30, Y+1	; 0x01
    2058:	fa 81       	ldd	r31, Y+2	; 0x02
    205a:	80 81       	ld	r24, Z
    205c:	91 81       	ldd	r25, Z+1	; 0x01
    205e:	11 96       	adiw	r26, 0x01	; 1
    2060:	9c 93       	st	X, r25
    2062:	8e 93       	st	-X, r24
	/*FOC1A:B=11 for non PWM mode
	 * WGM10:1 =00 for normal mode or ctc mode
	 * */
	TCCR1A=(1<<FOC1A)|(1<<FOC1B);
    2064:	ef e4       	ldi	r30, 0x4F	; 79
    2066:	f0 e0       	ldi	r31, 0x00	; 0
    2068:	8c e0       	ldi	r24, 0x0C	; 12
    206a:	80 83       	st	Z, r24
	TCCR1B=(((Config_Ptr->prescaler)&0X07)|((Config_Ptr->mode>>2)<< WGM12));
    206c:	ae e4       	ldi	r26, 0x4E	; 78
    206e:	b0 e0       	ldi	r27, 0x00	; 0
    2070:	e9 81       	ldd	r30, Y+1	; 0x01
    2072:	fa 81       	ldd	r31, Y+2	; 0x02
    2074:	84 81       	ldd	r24, Z+4	; 0x04
    2076:	28 2f       	mov	r18, r24
    2078:	27 70       	andi	r18, 0x07	; 7
    207a:	e9 81       	ldd	r30, Y+1	; 0x01
    207c:	fa 81       	ldd	r31, Y+2	; 0x02
    207e:	85 81       	ldd	r24, Z+5	; 0x05
    2080:	86 95       	lsr	r24
    2082:	86 95       	lsr	r24
    2084:	88 2f       	mov	r24, r24
    2086:	90 e0       	ldi	r25, 0x00	; 0
    2088:	88 0f       	add	r24, r24
    208a:	99 1f       	adc	r25, r25
    208c:	88 0f       	add	r24, r24
    208e:	99 1f       	adc	r25, r25
    2090:	88 0f       	add	r24, r24
    2092:	99 1f       	adc	r25, r25
    2094:	82 2b       	or	r24, r18
    2096:	8c 93       	st	X, r24
	if(Config_Ptr->mode==CTC)
    2098:	e9 81       	ldd	r30, Y+1	; 0x01
    209a:	fa 81       	ldd	r31, Y+2	; 0x02
    209c:	85 81       	ldd	r24, Z+5	; 0x05
    209e:	84 30       	cpi	r24, 0x04	; 4
    20a0:	51 f4       	brne	.+20     	; 0x20b6 <Timer1_init+0x72>
	{
		OCR1A=Config_Ptr->compare_value;
    20a2:	ea e4       	ldi	r30, 0x4A	; 74
    20a4:	f0 e0       	ldi	r31, 0x00	; 0
    20a6:	a9 81       	ldd	r26, Y+1	; 0x01
    20a8:	ba 81       	ldd	r27, Y+2	; 0x02
    20aa:	12 96       	adiw	r26, 0x02	; 2
    20ac:	8d 91       	ld	r24, X+
    20ae:	9c 91       	ld	r25, X
    20b0:	13 97       	sbiw	r26, 0x03	; 3
    20b2:	91 83       	std	Z+1, r25	; 0x01
    20b4:	80 83       	st	Z, r24
	}
	TIMSK|=(1<<OCIE1A); // enable MIE
    20b6:	a9 e5       	ldi	r26, 0x59	; 89
    20b8:	b0 e0       	ldi	r27, 0x00	; 0
    20ba:	e9 e5       	ldi	r30, 0x59	; 89
    20bc:	f0 e0       	ldi	r31, 0x00	; 0
    20be:	80 81       	ld	r24, Z
    20c0:	80 61       	ori	r24, 0x10	; 16
    20c2:	8c 93       	st	X, r24
}
    20c4:	0f 90       	pop	r0
    20c6:	0f 90       	pop	r0
    20c8:	cf 91       	pop	r28
    20ca:	df 91       	pop	r29
    20cc:	08 95       	ret

000020ce <Timer1_deInit>:

void Timer1_deInit(void)
{
    20ce:	df 93       	push	r29
    20d0:	cf 93       	push	r28
    20d2:	cd b7       	in	r28, 0x3d	; 61
    20d4:	de b7       	in	r29, 0x3e	; 62
	TCCR1A=0;
    20d6:	ef e4       	ldi	r30, 0x4F	; 79
    20d8:	f0 e0       	ldi	r31, 0x00	; 0
    20da:	10 82       	st	Z, r1
	TCCR1B=0; /*no clk*/
    20dc:	ee e4       	ldi	r30, 0x4E	; 78
    20de:	f0 e0       	ldi	r31, 0x00	; 0
    20e0:	10 82       	st	Z, r1
	TCNT1=0; /*clear initial value*/
    20e2:	ec e4       	ldi	r30, 0x4C	; 76
    20e4:	f0 e0       	ldi	r31, 0x00	; 0
    20e6:	11 82       	std	Z+1, r1	; 0x01
    20e8:	10 82       	st	Z, r1
	OCR1A=0;  /*clear compare value*/
    20ea:	ea e4       	ldi	r30, 0x4A	; 74
    20ec:	f0 e0       	ldi	r31, 0x00	; 0
    20ee:	11 82       	std	Z+1, r1	; 0x01
    20f0:	10 82       	st	Z, r1

}
    20f2:	cf 91       	pop	r28
    20f4:	df 91       	pop	r29
    20f6:	08 95       	ret

000020f8 <Timer1_setCallBack>:
void Timer1_setCallBack(void(*a_ptr)(void))
{
    20f8:	df 93       	push	r29
    20fa:	cf 93       	push	r28
    20fc:	00 d0       	rcall	.+0      	; 0x20fe <Timer1_setCallBack+0x6>
    20fe:	cd b7       	in	r28, 0x3d	; 61
    2100:	de b7       	in	r29, 0x3e	; 62
    2102:	9a 83       	std	Y+2, r25	; 0x02
    2104:	89 83       	std	Y+1, r24	; 0x01
	g_callBackPtr=a_ptr;
    2106:	89 81       	ldd	r24, Y+1	; 0x01
    2108:	9a 81       	ldd	r25, Y+2	; 0x02
    210a:	90 93 6a 00 	sts	0x006A, r25
    210e:	80 93 69 00 	sts	0x0069, r24
}
    2112:	0f 90       	pop	r0
    2114:	0f 90       	pop	r0
    2116:	cf 91       	pop	r28
    2118:	df 91       	pop	r29
    211a:	08 95       	ret

0000211c <TWI_init>:
#include "common_macros.h"
#include <avr/io.h>

void TWI_init(const TWI_ConfigType * Config_Ptr)

{
    211c:	df 93       	push	r29
    211e:	cf 93       	push	r28
    2120:	00 d0       	rcall	.+0      	; 0x2122 <TWI_init+0x6>
    2122:	cd b7       	in	r28, 0x3d	; 61
    2124:	de b7       	in	r29, 0x3e	; 62
    2126:	9a 83       	std	Y+2, r25	; 0x02
    2128:	89 83       	std	Y+1, r24	; 0x01

    TWBR = Config_Ptr->bit_rate.value_of_rate;
    212a:	a0 e2       	ldi	r26, 0x20	; 32
    212c:	b0 e0       	ldi	r27, 0x00	; 0
    212e:	e9 81       	ldd	r30, Y+1	; 0x01
    2130:	fa 81       	ldd	r31, Y+2	; 0x02
    2132:	82 81       	ldd	r24, Z+2	; 0x02
    2134:	8c 93       	st	X, r24
	TWSR = Config_Ptr->bit_rate.prescalar;
    2136:	a1 e2       	ldi	r26, 0x21	; 33
    2138:	b0 e0       	ldi	r27, 0x00	; 0
    213a:	e9 81       	ldd	r30, Y+1	; 0x01
    213c:	fa 81       	ldd	r31, Y+2	; 0x02
    213e:	81 81       	ldd	r24, Z+1	; 0x01
    2140:	8c 93       	st	X, r24

	
    /* Two Wire Bus address my address if any master device want to call me: address (used in case this MC is a slave device)
       General Call Recognition: Off */
    TWAR = Config_Ptr->address;
    2142:	a2 e2       	ldi	r26, 0x22	; 34
    2144:	b0 e0       	ldi	r27, 0x00	; 0
    2146:	e9 81       	ldd	r30, Y+1	; 0x01
    2148:	fa 81       	ldd	r31, Y+2	; 0x02
    214a:	80 81       	ld	r24, Z
    214c:	8c 93       	st	X, r24
	
    TWCR = (1<<TWEN); /* enable TWI */
    214e:	e6 e5       	ldi	r30, 0x56	; 86
    2150:	f0 e0       	ldi	r31, 0x00	; 0
    2152:	84 e0       	ldi	r24, 0x04	; 4
    2154:	80 83       	st	Z, r24
}
    2156:	0f 90       	pop	r0
    2158:	0f 90       	pop	r0
    215a:	cf 91       	pop	r28
    215c:	df 91       	pop	r29
    215e:	08 95       	ret

00002160 <TWI_start>:

void TWI_start(void)
{
    2160:	df 93       	push	r29
    2162:	cf 93       	push	r28
    2164:	cd b7       	in	r28, 0x3d	; 61
    2166:	de b7       	in	r29, 0x3e	; 62
    /* 
	 * Clear the TWINT flag before sending the start bit TWINT=1
	 * send the start bit by TWSTA=1
	 * Enable TWI Module TWEN=1 
	 */
    TWCR = (1 << TWINT) | (1 << TWSTA) | (1 << TWEN);
    2168:	e6 e5       	ldi	r30, 0x56	; 86
    216a:	f0 e0       	ldi	r31, 0x00	; 0
    216c:	84 ea       	ldi	r24, 0xA4	; 164
    216e:	80 83       	st	Z, r24
    
    /* Wait for TWINT flag set in TWCR Register (start bit is send successfully) */
    while(BIT_IS_CLEAR(TWCR,TWINT));
    2170:	e6 e5       	ldi	r30, 0x56	; 86
    2172:	f0 e0       	ldi	r31, 0x00	; 0
    2174:	80 81       	ld	r24, Z
    2176:	88 23       	and	r24, r24
    2178:	dc f7       	brge	.-10     	; 0x2170 <TWI_start+0x10>
}
    217a:	cf 91       	pop	r28
    217c:	df 91       	pop	r29
    217e:	08 95       	ret

00002180 <TWI_stop>:

void TWI_stop(void)
{
    2180:	df 93       	push	r29
    2182:	cf 93       	push	r28
    2184:	cd b7       	in	r28, 0x3d	; 61
    2186:	de b7       	in	r29, 0x3e	; 62
    /* 
	 * Clear the TWINT flag before sending the stop bit TWINT=1
	 * send the stop bit by TWSTO=1
	 * Enable TWI Module TWEN=1 
	 */
    TWCR = (1 << TWINT) | (1 << TWSTO) | (1 << TWEN);
    2188:	e6 e5       	ldi	r30, 0x56	; 86
    218a:	f0 e0       	ldi	r31, 0x00	; 0
    218c:	84 e9       	ldi	r24, 0x94	; 148
    218e:	80 83       	st	Z, r24
}
    2190:	cf 91       	pop	r28
    2192:	df 91       	pop	r29
    2194:	08 95       	ret

00002196 <TWI_writeByte>:

void TWI_writeByte(uint8 data)
{
    2196:	df 93       	push	r29
    2198:	cf 93       	push	r28
    219a:	0f 92       	push	r0
    219c:	cd b7       	in	r28, 0x3d	; 61
    219e:	de b7       	in	r29, 0x3e	; 62
    21a0:	89 83       	std	Y+1, r24	; 0x01
    /* Put data On TWI data Register */
    TWDR = data;
    21a2:	e3 e2       	ldi	r30, 0x23	; 35
    21a4:	f0 e0       	ldi	r31, 0x00	; 0
    21a6:	89 81       	ldd	r24, Y+1	; 0x01
    21a8:	80 83       	st	Z, r24
    /* 
	 * Clear the TWINT flag before sending the data TWINT=1
	 * Enable TWI Module TWEN=1 
	 */ 
    TWCR = (1 << TWINT) | (1 << TWEN);
    21aa:	e6 e5       	ldi	r30, 0x56	; 86
    21ac:	f0 e0       	ldi	r31, 0x00	; 0
    21ae:	84 e8       	ldi	r24, 0x84	; 132
    21b0:	80 83       	st	Z, r24
    /* Wait for TWINT flag set in TWCR Register(data is send successfully) */
    while(BIT_IS_CLEAR(TWCR,TWINT));
    21b2:	e6 e5       	ldi	r30, 0x56	; 86
    21b4:	f0 e0       	ldi	r31, 0x00	; 0
    21b6:	80 81       	ld	r24, Z
    21b8:	88 23       	and	r24, r24
    21ba:	dc f7       	brge	.-10     	; 0x21b2 <TWI_writeByte+0x1c>
}
    21bc:	0f 90       	pop	r0
    21be:	cf 91       	pop	r28
    21c0:	df 91       	pop	r29
    21c2:	08 95       	ret

000021c4 <TWI_readByteWithACK>:

uint8 TWI_readByteWithACK(void)
{
    21c4:	df 93       	push	r29
    21c6:	cf 93       	push	r28
    21c8:	cd b7       	in	r28, 0x3d	; 61
    21ca:	de b7       	in	r29, 0x3e	; 62
	/* 
	 * Clear the TWINT flag before reading the data TWINT=1
	 * Enable sending ACK after reading or receiving data TWEA=1
	 * Enable TWI Module TWEN=1 
	 */ 
    TWCR = (1 << TWINT) | (1 << TWEN) | (1 << TWEA);
    21cc:	e6 e5       	ldi	r30, 0x56	; 86
    21ce:	f0 e0       	ldi	r31, 0x00	; 0
    21d0:	84 ec       	ldi	r24, 0xC4	; 196
    21d2:	80 83       	st	Z, r24
    /* Wait for TWINT flag set in TWCR Register (data received successfully) */
    while(BIT_IS_CLEAR(TWCR,TWINT));
    21d4:	e6 e5       	ldi	r30, 0x56	; 86
    21d6:	f0 e0       	ldi	r31, 0x00	; 0
    21d8:	80 81       	ld	r24, Z
    21da:	88 23       	and	r24, r24
    21dc:	dc f7       	brge	.-10     	; 0x21d4 <TWI_readByteWithACK+0x10>
    /* Read Data */
    return TWDR;
    21de:	e3 e2       	ldi	r30, 0x23	; 35
    21e0:	f0 e0       	ldi	r31, 0x00	; 0
    21e2:	80 81       	ld	r24, Z
}
    21e4:	cf 91       	pop	r28
    21e6:	df 91       	pop	r29
    21e8:	08 95       	ret

000021ea <TWI_readByteWithNACK>:

uint8 TWI_readByteWithNACK(void)
{
    21ea:	df 93       	push	r29
    21ec:	cf 93       	push	r28
    21ee:	cd b7       	in	r28, 0x3d	; 61
    21f0:	de b7       	in	r29, 0x3e	; 62
	/* 
	 * Clear the TWINT flag before reading the data TWINT=1
	 * Enable TWI Module TWEN=1 
	 */
    TWCR = (1 << TWINT) | (1 << TWEN);
    21f2:	e6 e5       	ldi	r30, 0x56	; 86
    21f4:	f0 e0       	ldi	r31, 0x00	; 0
    21f6:	84 e8       	ldi	r24, 0x84	; 132
    21f8:	80 83       	st	Z, r24
    /* Wait for TWINT flag set in TWCR Register (data received successfully) */
    while(BIT_IS_CLEAR(TWCR,TWINT));
    21fa:	e6 e5       	ldi	r30, 0x56	; 86
    21fc:	f0 e0       	ldi	r31, 0x00	; 0
    21fe:	80 81       	ld	r24, Z
    2200:	88 23       	and	r24, r24
    2202:	dc f7       	brge	.-10     	; 0x21fa <TWI_readByteWithNACK+0x10>
    /* Read Data */
    return TWDR;
    2204:	e3 e2       	ldi	r30, 0x23	; 35
    2206:	f0 e0       	ldi	r31, 0x00	; 0
    2208:	80 81       	ld	r24, Z
}
    220a:	cf 91       	pop	r28
    220c:	df 91       	pop	r29
    220e:	08 95       	ret

00002210 <TWI_getStatus>:

uint8 TWI_getStatus(void)
{
    2210:	df 93       	push	r29
    2212:	cf 93       	push	r28
    2214:	0f 92       	push	r0
    2216:	cd b7       	in	r28, 0x3d	; 61
    2218:	de b7       	in	r29, 0x3e	; 62
    uint8 status;
    /* masking to eliminate first 3 bits and get the last 5 bits (status bits) */
    status = TWSR & 0xF8;
    221a:	e1 e2       	ldi	r30, 0x21	; 33
    221c:	f0 e0       	ldi	r31, 0x00	; 0
    221e:	80 81       	ld	r24, Z
    2220:	88 7f       	andi	r24, 0xF8	; 248
    2222:	89 83       	std	Y+1, r24	; 0x01
    return status;
    2224:	89 81       	ldd	r24, Y+1	; 0x01
}
    2226:	0f 90       	pop	r0
    2228:	cf 91       	pop	r28
    222a:	df 91       	pop	r29
    222c:	08 95       	ret

0000222e <UART_init>:
 * 1. Setup the Frame format like number of data bits, parity bit type and number of stop bits.
 * 2. Enable the UART.
 * 3. Setup the UART baud rate.
 */
void UART_init(const UART_ConfigType * Config_Ptr)
{
    222e:	df 93       	push	r29
    2230:	cf 93       	push	r28
    2232:	00 d0       	rcall	.+0      	; 0x2234 <UART_init+0x6>
    2234:	00 d0       	rcall	.+0      	; 0x2236 <UART_init+0x8>
    2236:	cd b7       	in	r28, 0x3d	; 61
    2238:	de b7       	in	r29, 0x3e	; 62
    223a:	9c 83       	std	Y+4, r25	; 0x04
    223c:	8b 83       	std	Y+3, r24	; 0x03
	uint16 ubrr_value = 0;
    223e:	1a 82       	std	Y+2, r1	; 0x02
    2240:	19 82       	std	Y+1, r1	; 0x01

	UCSRA = (1<<(Config_Ptr->baud_rate.mode));
    2242:	ab e2       	ldi	r26, 0x2B	; 43
    2244:	b0 e0       	ldi	r27, 0x00	; 0
    2246:	eb 81       	ldd	r30, Y+3	; 0x03
    2248:	fc 81       	ldd	r31, Y+4	; 0x04
    224a:	82 81       	ldd	r24, Z+2	; 0x02
    224c:	28 2f       	mov	r18, r24
    224e:	30 e0       	ldi	r19, 0x00	; 0
    2250:	81 e0       	ldi	r24, 0x01	; 1
    2252:	90 e0       	ldi	r25, 0x00	; 0
    2254:	02 c0       	rjmp	.+4      	; 0x225a <UART_init+0x2c>
    2256:	88 0f       	add	r24, r24
    2258:	99 1f       	adc	r25, r25
    225a:	2a 95       	dec	r18
    225c:	e2 f7       	brpl	.-8      	; 0x2256 <UART_init+0x28>
    225e:	8c 93       	st	X, r24
	 * TXCIE = 0 Disable USART Tx Complete Interrupt Enable
	 * UDRIE = 0 Disable USART Data Register Empty Interrupt Enable
	 * RXEN  = 1 Receiver Enable
	 * RXEN  = 1 Transmitter Enable
	 ***********************************************************************/ 
	UCSRB = (1<<RXEN) | (1<<TXEN)|(((Config_Ptr->bit_data&0b100)>>2)<<UCSZ2); /*in case of 9-bit mode*/
    2260:	aa e2       	ldi	r26, 0x2A	; 42
    2262:	b0 e0       	ldi	r27, 0x00	; 0
    2264:	eb 81       	ldd	r30, Y+3	; 0x03
    2266:	fc 81       	ldd	r31, Y+4	; 0x04
    2268:	80 81       	ld	r24, Z
    226a:	84 70       	andi	r24, 0x04	; 4
    226c:	88 61       	ori	r24, 0x18	; 24
    226e:	8c 93       	st	X, r24
	/************************** UCSRC Description **************************
	 * URSEL   = 1 The URSEL must be one when writing the UCSRC
	 * UMSEL   = 0 Asynchronous Operation
	 * UCPOL   = 0 Used with the Synchronous operation only
	 ***********************************************************************/ 	
	UCSRC = (1<<URSEL) ;
    2270:	e0 e4       	ldi	r30, 0x40	; 64
    2272:	f0 e0       	ldi	r31, 0x00	; 0
    2274:	80 e8       	ldi	r24, 0x80	; 128
    2276:	80 83       	st	Z, r24
	UCSRC=((UCSRC & 0XF9)|((Config_Ptr->bit_data&0B011)<<UCSZ0)); /*(bit_data&0B011) to remove MSB in case of*/
    2278:	a0 e4       	ldi	r26, 0x40	; 64
    227a:	b0 e0       	ldi	r27, 0x00	; 0
    227c:	e0 e4       	ldi	r30, 0x40	; 64
    227e:	f0 e0       	ldi	r31, 0x00	; 0
    2280:	80 81       	ld	r24, Z
    2282:	28 2f       	mov	r18, r24
    2284:	29 7f       	andi	r18, 0xF9	; 249
    2286:	eb 81       	ldd	r30, Y+3	; 0x03
    2288:	fc 81       	ldd	r31, Y+4	; 0x04
    228a:	80 81       	ld	r24, Z
    228c:	88 2f       	mov	r24, r24
    228e:	90 e0       	ldi	r25, 0x00	; 0
    2290:	83 70       	andi	r24, 0x03	; 3
    2292:	90 70       	andi	r25, 0x00	; 0
    2294:	88 0f       	add	r24, r24
    2296:	99 1f       	adc	r25, r25
    2298:	82 2b       	or	r24, r18
    229a:	8c 93       	st	X, r24
	UCSRC = ((UCSRC & 0XCF)|(Config_Ptr->parity<<UPM0)) ;         /*9-bit mode*/
    229c:	a0 e4       	ldi	r26, 0x40	; 64
    229e:	b0 e0       	ldi	r27, 0x00	; 0
    22a0:	e0 e4       	ldi	r30, 0x40	; 64
    22a2:	f0 e0       	ldi	r31, 0x00	; 0
    22a4:	80 81       	ld	r24, Z
    22a6:	28 2f       	mov	r18, r24
    22a8:	2f 7c       	andi	r18, 0xCF	; 207
    22aa:	eb 81       	ldd	r30, Y+3	; 0x03
    22ac:	fc 81       	ldd	r31, Y+4	; 0x04
    22ae:	81 81       	ldd	r24, Z+1	; 0x01
    22b0:	88 2f       	mov	r24, r24
    22b2:	90 e0       	ldi	r25, 0x00	; 0
    22b4:	82 95       	swap	r24
    22b6:	92 95       	swap	r25
    22b8:	90 7f       	andi	r25, 0xF0	; 240
    22ba:	98 27       	eor	r25, r24
    22bc:	80 7f       	andi	r24, 0xF0	; 240
    22be:	98 27       	eor	r25, r24
    22c0:	82 2b       	or	r24, r18
    22c2:	8c 93       	st	X, r24
	UCSRC =((UCSRC & 0XF7)|(Config_Ptr->stop_bit<<USBS));
    22c4:	a0 e4       	ldi	r26, 0x40	; 64
    22c6:	b0 e0       	ldi	r27, 0x00	; 0
    22c8:	e0 e4       	ldi	r30, 0x40	; 64
    22ca:	f0 e0       	ldi	r31, 0x00	; 0
    22cc:	80 81       	ld	r24, Z
    22ce:	28 2f       	mov	r18, r24
    22d0:	27 7f       	andi	r18, 0xF7	; 247
    22d2:	eb 81       	ldd	r30, Y+3	; 0x03
    22d4:	fc 81       	ldd	r31, Y+4	; 0x04
    22d6:	87 81       	ldd	r24, Z+7	; 0x07
    22d8:	88 2f       	mov	r24, r24
    22da:	90 e0       	ldi	r25, 0x00	; 0
    22dc:	88 0f       	add	r24, r24
    22de:	99 1f       	adc	r25, r25
    22e0:	88 0f       	add	r24, r24
    22e2:	99 1f       	adc	r25, r25
    22e4:	88 0f       	add	r24, r24
    22e6:	99 1f       	adc	r25, r25
    22e8:	82 2b       	or	r24, r18
    22ea:	8c 93       	st	X, r24
	/* Calculate the UBRR register value in different cases of modes */
	if(Config_Ptr->baud_rate.mode==NORMAL_MODE)
    22ec:	eb 81       	ldd	r30, Y+3	; 0x03
    22ee:	fc 81       	ldd	r31, Y+4	; 0x04
    22f0:	82 81       	ldd	r24, Z+2	; 0x02
    22f2:	88 23       	and	r24, r24
    22f4:	31 f5       	brne	.+76     	; 0x2342 <UART_init+0x114>
	{
		ubrr_value = (uint16)(((F_CPU / (Config_Ptr->baud_rate.speed * 16UL))) - 1);
    22f6:	eb 81       	ldd	r30, Y+3	; 0x03
    22f8:	fc 81       	ldd	r31, Y+4	; 0x04
    22fa:	83 81       	ldd	r24, Z+3	; 0x03
    22fc:	94 81       	ldd	r25, Z+4	; 0x04
    22fe:	a5 81       	ldd	r26, Z+5	; 0x05
    2300:	b6 81       	ldd	r27, Z+6	; 0x06
    2302:	88 0f       	add	r24, r24
    2304:	99 1f       	adc	r25, r25
    2306:	aa 1f       	adc	r26, r26
    2308:	bb 1f       	adc	r27, r27
    230a:	88 0f       	add	r24, r24
    230c:	99 1f       	adc	r25, r25
    230e:	aa 1f       	adc	r26, r26
    2310:	bb 1f       	adc	r27, r27
    2312:	88 0f       	add	r24, r24
    2314:	99 1f       	adc	r25, r25
    2316:	aa 1f       	adc	r26, r26
    2318:	bb 1f       	adc	r27, r27
    231a:	88 0f       	add	r24, r24
    231c:	99 1f       	adc	r25, r25
    231e:	aa 1f       	adc	r26, r26
    2320:	bb 1f       	adc	r27, r27
    2322:	9c 01       	movw	r18, r24
    2324:	ad 01       	movw	r20, r26
    2326:	80 e0       	ldi	r24, 0x00	; 0
    2328:	92 e1       	ldi	r25, 0x12	; 18
    232a:	aa e7       	ldi	r26, 0x7A	; 122
    232c:	b0 e0       	ldi	r27, 0x00	; 0
    232e:	bc 01       	movw	r22, r24
    2330:	cd 01       	movw	r24, r26
    2332:	0e 94 7a 12 	call	0x24f4	; 0x24f4 <__udivmodsi4>
    2336:	da 01       	movw	r26, r20
    2338:	c9 01       	movw	r24, r18
    233a:	01 97       	sbiw	r24, 0x01	; 1
    233c:	9a 83       	std	Y+2, r25	; 0x02
    233e:	89 83       	std	Y+1, r24	; 0x01
    2340:	21 c0       	rjmp	.+66     	; 0x2384 <UART_init+0x156>
	}
	else
	{
		ubrr_value = (uint16)(((F_CPU / (Config_Ptr->baud_rate.speed * 8UL))) - 1);
    2342:	eb 81       	ldd	r30, Y+3	; 0x03
    2344:	fc 81       	ldd	r31, Y+4	; 0x04
    2346:	83 81       	ldd	r24, Z+3	; 0x03
    2348:	94 81       	ldd	r25, Z+4	; 0x04
    234a:	a5 81       	ldd	r26, Z+5	; 0x05
    234c:	b6 81       	ldd	r27, Z+6	; 0x06
    234e:	88 0f       	add	r24, r24
    2350:	99 1f       	adc	r25, r25
    2352:	aa 1f       	adc	r26, r26
    2354:	bb 1f       	adc	r27, r27
    2356:	88 0f       	add	r24, r24
    2358:	99 1f       	adc	r25, r25
    235a:	aa 1f       	adc	r26, r26
    235c:	bb 1f       	adc	r27, r27
    235e:	88 0f       	add	r24, r24
    2360:	99 1f       	adc	r25, r25
    2362:	aa 1f       	adc	r26, r26
    2364:	bb 1f       	adc	r27, r27
    2366:	9c 01       	movw	r18, r24
    2368:	ad 01       	movw	r20, r26
    236a:	80 e0       	ldi	r24, 0x00	; 0
    236c:	92 e1       	ldi	r25, 0x12	; 18
    236e:	aa e7       	ldi	r26, 0x7A	; 122
    2370:	b0 e0       	ldi	r27, 0x00	; 0
    2372:	bc 01       	movw	r22, r24
    2374:	cd 01       	movw	r24, r26
    2376:	0e 94 7a 12 	call	0x24f4	; 0x24f4 <__udivmodsi4>
    237a:	da 01       	movw	r26, r20
    237c:	c9 01       	movw	r24, r18
    237e:	01 97       	sbiw	r24, 0x01	; 1
    2380:	9a 83       	std	Y+2, r25	; 0x02
    2382:	89 83       	std	Y+1, r24	; 0x01
	}


	/* First 8 bits from the BAUD_PRESCALE inside UBRRL and last 4 bits in UBRRH*/
	UBRRH = ubrr_value>>8;
    2384:	e0 e4       	ldi	r30, 0x40	; 64
    2386:	f0 e0       	ldi	r31, 0x00	; 0
    2388:	89 81       	ldd	r24, Y+1	; 0x01
    238a:	9a 81       	ldd	r25, Y+2	; 0x02
    238c:	89 2f       	mov	r24, r25
    238e:	99 27       	eor	r25, r25
    2390:	80 83       	st	Z, r24
	UBRRL = ubrr_value;
    2392:	e9 e2       	ldi	r30, 0x29	; 41
    2394:	f0 e0       	ldi	r31, 0x00	; 0
    2396:	89 81       	ldd	r24, Y+1	; 0x01
    2398:	80 83       	st	Z, r24
}
    239a:	0f 90       	pop	r0
    239c:	0f 90       	pop	r0
    239e:	0f 90       	pop	r0
    23a0:	0f 90       	pop	r0
    23a2:	cf 91       	pop	r28
    23a4:	df 91       	pop	r29
    23a6:	08 95       	ret

000023a8 <UART_sendByte>:
/*
 * Description :
 * Functional responsible for send byte to another UART device.
 */
void UART_sendByte(const uint8 data)
{
    23a8:	df 93       	push	r29
    23aa:	cf 93       	push	r28
    23ac:	0f 92       	push	r0
    23ae:	cd b7       	in	r28, 0x3d	; 61
    23b0:	de b7       	in	r29, 0x3e	; 62
    23b2:	89 83       	std	Y+1, r24	; 0x01
	/*
	 * UDRE flag is set when the Tx buffer (UDR) is empty and ready for
	 * transmitting a new byte so wait until this flag is set to one
	 */
	while(BIT_IS_CLEAR(UCSRA,UDRE)){}
    23b4:	eb e2       	ldi	r30, 0x2B	; 43
    23b6:	f0 e0       	ldi	r31, 0x00	; 0
    23b8:	80 81       	ld	r24, Z
    23ba:	88 2f       	mov	r24, r24
    23bc:	90 e0       	ldi	r25, 0x00	; 0
    23be:	80 72       	andi	r24, 0x20	; 32
    23c0:	90 70       	andi	r25, 0x00	; 0
    23c2:	00 97       	sbiw	r24, 0x00	; 0
    23c4:	b9 f3       	breq	.-18     	; 0x23b4 <UART_sendByte+0xc>

	/*
	 * Put the required data in the UDR register and it also clear the UDRE flag as
	 * the UDR register is not empty now
	 */
	UDR = data;
    23c6:	ec e2       	ldi	r30, 0x2C	; 44
    23c8:	f0 e0       	ldi	r31, 0x00	; 0
    23ca:	89 81       	ldd	r24, Y+1	; 0x01
    23cc:	80 83       	st	Z, r24
	/************************* Another Method *************************
	UDR = data;
	while(BIT_IS_CLEAR(UCSRA,TXC)){} // Wait until the transmission is complete TXC = 1
	SET_BIT(UCSRA,TXC); // Clear the TXC flag
	*******************************************************************/
}
    23ce:	0f 90       	pop	r0
    23d0:	cf 91       	pop	r28
    23d2:	df 91       	pop	r29
    23d4:	08 95       	ret

000023d6 <UART_recieveByte>:
/*
 * Description :
 * Functional responsible for receive byte from another UART device.
 */
uint8 UART_recieveByte(void)
{
    23d6:	df 93       	push	r29
    23d8:	cf 93       	push	r28
    23da:	cd b7       	in	r28, 0x3d	; 61
    23dc:	de b7       	in	r29, 0x3e	; 62
	/* RXC flag is set when the UART receive data so wait until this flag is set to one */
	while(BIT_IS_CLEAR(UCSRA,RXC)){}
    23de:	eb e2       	ldi	r30, 0x2B	; 43
    23e0:	f0 e0       	ldi	r31, 0x00	; 0
    23e2:	80 81       	ld	r24, Z
    23e4:	88 23       	and	r24, r24
    23e6:	dc f7       	brge	.-10     	; 0x23de <UART_recieveByte+0x8>

	/*
	 * Read the received data from the Rx buffer (UDR)
	 * The RXC flag will be cleared after read the data
	 */
    return UDR;		
    23e8:	ec e2       	ldi	r30, 0x2C	; 44
    23ea:	f0 e0       	ldi	r31, 0x00	; 0
    23ec:	80 81       	ld	r24, Z
}
    23ee:	cf 91       	pop	r28
    23f0:	df 91       	pop	r29
    23f2:	08 95       	ret

000023f4 <UART_sendString>:
/*
 * Description :
 * Send the required string through UART to the other UART device.
 */
void UART_sendString(const uint8 *Str)
{
    23f4:	df 93       	push	r29
    23f6:	cf 93       	push	r28
    23f8:	00 d0       	rcall	.+0      	; 0x23fa <UART_sendString+0x6>
    23fa:	0f 92       	push	r0
    23fc:	cd b7       	in	r28, 0x3d	; 61
    23fe:	de b7       	in	r29, 0x3e	; 62
    2400:	9b 83       	std	Y+3, r25	; 0x03
    2402:	8a 83       	std	Y+2, r24	; 0x02
	uint8 i = 0;
    2404:	19 82       	std	Y+1, r1	; 0x01
    2406:	0e c0       	rjmp	.+28     	; 0x2424 <UART_sendString+0x30>

	/* Send the whole string */
	while(Str[i] != '\0')
	{
		UART_sendByte(Str[i]);
    2408:	89 81       	ldd	r24, Y+1	; 0x01
    240a:	28 2f       	mov	r18, r24
    240c:	30 e0       	ldi	r19, 0x00	; 0
    240e:	8a 81       	ldd	r24, Y+2	; 0x02
    2410:	9b 81       	ldd	r25, Y+3	; 0x03
    2412:	fc 01       	movw	r30, r24
    2414:	e2 0f       	add	r30, r18
    2416:	f3 1f       	adc	r31, r19
    2418:	80 81       	ld	r24, Z
    241a:	0e 94 d4 11 	call	0x23a8	; 0x23a8 <UART_sendByte>
		i++;
    241e:	89 81       	ldd	r24, Y+1	; 0x01
    2420:	8f 5f       	subi	r24, 0xFF	; 255
    2422:	89 83       	std	Y+1, r24	; 0x01
void UART_sendString(const uint8 *Str)
{
	uint8 i = 0;

	/* Send the whole string */
	while(Str[i] != '\0')
    2424:	89 81       	ldd	r24, Y+1	; 0x01
    2426:	28 2f       	mov	r18, r24
    2428:	30 e0       	ldi	r19, 0x00	; 0
    242a:	8a 81       	ldd	r24, Y+2	; 0x02
    242c:	9b 81       	ldd	r25, Y+3	; 0x03
    242e:	fc 01       	movw	r30, r24
    2430:	e2 0f       	add	r30, r18
    2432:	f3 1f       	adc	r31, r19
    2434:	80 81       	ld	r24, Z
    2436:	88 23       	and	r24, r24
    2438:	39 f7       	brne	.-50     	; 0x2408 <UART_sendString+0x14>
	{
		UART_sendByte(*Str);
		Str++;
	}		
	*******************************************************************/
}
    243a:	0f 90       	pop	r0
    243c:	0f 90       	pop	r0
    243e:	0f 90       	pop	r0
    2440:	cf 91       	pop	r28
    2442:	df 91       	pop	r29
    2444:	08 95       	ret

00002446 <UART_receiveString>:
/*
 * Description :
 * Receive the required string until the '#' symbol through UART from the other UART device.
 */
void UART_receiveString(uint8 *Str)
{
    2446:	0f 93       	push	r16
    2448:	1f 93       	push	r17
    244a:	df 93       	push	r29
    244c:	cf 93       	push	r28
    244e:	00 d0       	rcall	.+0      	; 0x2450 <UART_receiveString+0xa>
    2450:	0f 92       	push	r0
    2452:	cd b7       	in	r28, 0x3d	; 61
    2454:	de b7       	in	r29, 0x3e	; 62
    2456:	9b 83       	std	Y+3, r25	; 0x03
    2458:	8a 83       	std	Y+2, r24	; 0x02
	uint8 i = 0;
    245a:	19 82       	std	Y+1, r1	; 0x01

	/* Receive the first byte */
	Str[i] = UART_recieveByte();
    245c:	89 81       	ldd	r24, Y+1	; 0x01
    245e:	28 2f       	mov	r18, r24
    2460:	30 e0       	ldi	r19, 0x00	; 0
    2462:	8a 81       	ldd	r24, Y+2	; 0x02
    2464:	9b 81       	ldd	r25, Y+3	; 0x03
    2466:	8c 01       	movw	r16, r24
    2468:	02 0f       	add	r16, r18
    246a:	13 1f       	adc	r17, r19
    246c:	0e 94 eb 11 	call	0x23d6	; 0x23d6 <UART_recieveByte>
    2470:	f8 01       	movw	r30, r16
    2472:	80 83       	st	Z, r24
    2474:	0f c0       	rjmp	.+30     	; 0x2494 <UART_receiveString+0x4e>

	/* Receive the whole string until the '#' */
	while(Str[i] != '#')
	{
		i++;
    2476:	89 81       	ldd	r24, Y+1	; 0x01
    2478:	8f 5f       	subi	r24, 0xFF	; 255
    247a:	89 83       	std	Y+1, r24	; 0x01
		Str[i] = UART_recieveByte();
    247c:	89 81       	ldd	r24, Y+1	; 0x01
    247e:	28 2f       	mov	r18, r24
    2480:	30 e0       	ldi	r19, 0x00	; 0
    2482:	8a 81       	ldd	r24, Y+2	; 0x02
    2484:	9b 81       	ldd	r25, Y+3	; 0x03
    2486:	8c 01       	movw	r16, r24
    2488:	02 0f       	add	r16, r18
    248a:	13 1f       	adc	r17, r19
    248c:	0e 94 eb 11 	call	0x23d6	; 0x23d6 <UART_recieveByte>
    2490:	f8 01       	movw	r30, r16
    2492:	80 83       	st	Z, r24

	/* Receive the first byte */
	Str[i] = UART_recieveByte();

	/* Receive the whole string until the '#' */
	while(Str[i] != '#')
    2494:	89 81       	ldd	r24, Y+1	; 0x01
    2496:	28 2f       	mov	r18, r24
    2498:	30 e0       	ldi	r19, 0x00	; 0
    249a:	8a 81       	ldd	r24, Y+2	; 0x02
    249c:	9b 81       	ldd	r25, Y+3	; 0x03
    249e:	fc 01       	movw	r30, r24
    24a0:	e2 0f       	add	r30, r18
    24a2:	f3 1f       	adc	r31, r19
    24a4:	80 81       	ld	r24, Z
    24a6:	83 32       	cpi	r24, 0x23	; 35
    24a8:	31 f7       	brne	.-52     	; 0x2476 <UART_receiveString+0x30>
		i++;
		Str[i] = UART_recieveByte();
	}

	/* After receiving the whole string plus the '#', replace the '#' with '\0' */
	Str[i] = '\0';
    24aa:	89 81       	ldd	r24, Y+1	; 0x01
    24ac:	28 2f       	mov	r18, r24
    24ae:	30 e0       	ldi	r19, 0x00	; 0
    24b0:	8a 81       	ldd	r24, Y+2	; 0x02
    24b2:	9b 81       	ldd	r25, Y+3	; 0x03
    24b4:	fc 01       	movw	r30, r24
    24b6:	e2 0f       	add	r30, r18
    24b8:	f3 1f       	adc	r31, r19
    24ba:	10 82       	st	Z, r1
}
    24bc:	0f 90       	pop	r0
    24be:	0f 90       	pop	r0
    24c0:	0f 90       	pop	r0
    24c2:	cf 91       	pop	r28
    24c4:	df 91       	pop	r29
    24c6:	1f 91       	pop	r17
    24c8:	0f 91       	pop	r16
    24ca:	08 95       	ret

000024cc <__udivmodhi4>:
    24cc:	aa 1b       	sub	r26, r26
    24ce:	bb 1b       	sub	r27, r27
    24d0:	51 e1       	ldi	r21, 0x11	; 17
    24d2:	07 c0       	rjmp	.+14     	; 0x24e2 <__udivmodhi4_ep>

000024d4 <__udivmodhi4_loop>:
    24d4:	aa 1f       	adc	r26, r26
    24d6:	bb 1f       	adc	r27, r27
    24d8:	a6 17       	cp	r26, r22
    24da:	b7 07       	cpc	r27, r23
    24dc:	10 f0       	brcs	.+4      	; 0x24e2 <__udivmodhi4_ep>
    24de:	a6 1b       	sub	r26, r22
    24e0:	b7 0b       	sbc	r27, r23

000024e2 <__udivmodhi4_ep>:
    24e2:	88 1f       	adc	r24, r24
    24e4:	99 1f       	adc	r25, r25
    24e6:	5a 95       	dec	r21
    24e8:	a9 f7       	brne	.-22     	; 0x24d4 <__udivmodhi4_loop>
    24ea:	80 95       	com	r24
    24ec:	90 95       	com	r25
    24ee:	bc 01       	movw	r22, r24
    24f0:	cd 01       	movw	r24, r26
    24f2:	08 95       	ret

000024f4 <__udivmodsi4>:
    24f4:	a1 e2       	ldi	r26, 0x21	; 33
    24f6:	1a 2e       	mov	r1, r26
    24f8:	aa 1b       	sub	r26, r26
    24fa:	bb 1b       	sub	r27, r27
    24fc:	fd 01       	movw	r30, r26
    24fe:	0d c0       	rjmp	.+26     	; 0x251a <__udivmodsi4_ep>

00002500 <__udivmodsi4_loop>:
    2500:	aa 1f       	adc	r26, r26
    2502:	bb 1f       	adc	r27, r27
    2504:	ee 1f       	adc	r30, r30
    2506:	ff 1f       	adc	r31, r31
    2508:	a2 17       	cp	r26, r18
    250a:	b3 07       	cpc	r27, r19
    250c:	e4 07       	cpc	r30, r20
    250e:	f5 07       	cpc	r31, r21
    2510:	20 f0       	brcs	.+8      	; 0x251a <__udivmodsi4_ep>
    2512:	a2 1b       	sub	r26, r18
    2514:	b3 0b       	sbc	r27, r19
    2516:	e4 0b       	sbc	r30, r20
    2518:	f5 0b       	sbc	r31, r21

0000251a <__udivmodsi4_ep>:
    251a:	66 1f       	adc	r22, r22
    251c:	77 1f       	adc	r23, r23
    251e:	88 1f       	adc	r24, r24
    2520:	99 1f       	adc	r25, r25
    2522:	1a 94       	dec	r1
    2524:	69 f7       	brne	.-38     	; 0x2500 <__udivmodsi4_loop>
    2526:	60 95       	com	r22
    2528:	70 95       	com	r23
    252a:	80 95       	com	r24
    252c:	90 95       	com	r25
    252e:	9b 01       	movw	r18, r22
    2530:	ac 01       	movw	r20, r24
    2532:	bd 01       	movw	r22, r26
    2534:	cf 01       	movw	r24, r30
    2536:	08 95       	ret

00002538 <__prologue_saves__>:
    2538:	2f 92       	push	r2
    253a:	3f 92       	push	r3
    253c:	4f 92       	push	r4
    253e:	5f 92       	push	r5
    2540:	6f 92       	push	r6
    2542:	7f 92       	push	r7
    2544:	8f 92       	push	r8
    2546:	9f 92       	push	r9
    2548:	af 92       	push	r10
    254a:	bf 92       	push	r11
    254c:	cf 92       	push	r12
    254e:	df 92       	push	r13
    2550:	ef 92       	push	r14
    2552:	ff 92       	push	r15
    2554:	0f 93       	push	r16
    2556:	1f 93       	push	r17
    2558:	cf 93       	push	r28
    255a:	df 93       	push	r29
    255c:	cd b7       	in	r28, 0x3d	; 61
    255e:	de b7       	in	r29, 0x3e	; 62
    2560:	ca 1b       	sub	r28, r26
    2562:	db 0b       	sbc	r29, r27
    2564:	0f b6       	in	r0, 0x3f	; 63
    2566:	f8 94       	cli
    2568:	de bf       	out	0x3e, r29	; 62
    256a:	0f be       	out	0x3f, r0	; 63
    256c:	cd bf       	out	0x3d, r28	; 61
    256e:	09 94       	ijmp

00002570 <__epilogue_restores__>:
    2570:	2a 88       	ldd	r2, Y+18	; 0x12
    2572:	39 88       	ldd	r3, Y+17	; 0x11
    2574:	48 88       	ldd	r4, Y+16	; 0x10
    2576:	5f 84       	ldd	r5, Y+15	; 0x0f
    2578:	6e 84       	ldd	r6, Y+14	; 0x0e
    257a:	7d 84       	ldd	r7, Y+13	; 0x0d
    257c:	8c 84       	ldd	r8, Y+12	; 0x0c
    257e:	9b 84       	ldd	r9, Y+11	; 0x0b
    2580:	aa 84       	ldd	r10, Y+10	; 0x0a
    2582:	b9 84       	ldd	r11, Y+9	; 0x09
    2584:	c8 84       	ldd	r12, Y+8	; 0x08
    2586:	df 80       	ldd	r13, Y+7	; 0x07
    2588:	ee 80       	ldd	r14, Y+6	; 0x06
    258a:	fd 80       	ldd	r15, Y+5	; 0x05
    258c:	0c 81       	ldd	r16, Y+4	; 0x04
    258e:	1b 81       	ldd	r17, Y+3	; 0x03
    2590:	aa 81       	ldd	r26, Y+2	; 0x02
    2592:	b9 81       	ldd	r27, Y+1	; 0x01
    2594:	ce 0f       	add	r28, r30
    2596:	d1 1d       	adc	r29, r1
    2598:	0f b6       	in	r0, 0x3f	; 63
    259a:	f8 94       	cli
    259c:	de bf       	out	0x3e, r29	; 62
    259e:	0f be       	out	0x3f, r0	; 63
    25a0:	cd bf       	out	0x3d, r28	; 61
    25a2:	ed 01       	movw	r28, r26
    25a4:	08 95       	ret

000025a6 <_exit>:
    25a6:	f8 94       	cli

000025a8 <__stop_program>:
    25a8:	ff cf       	rjmp	.-2      	; 0x25a8 <__stop_program>
