
HMI_ECU.elf:     file format elf32-avr

Sections:
Idx Name          Size      VMA       LMA       File off  Algn
  0 .text         00002c36  00000000  00000000  00000094  2**1
                  CONTENTS, ALLOC, LOAD, READONLY, CODE
  1 .data         00000088  00800060  00002c36  00002cca  2**0
                  CONTENTS, ALLOC, LOAD, DATA
  2 .bss          00000016  008000e8  008000e8  00002d52  2**0
                  ALLOC
  3 .stab         000029dc  00000000  00000000  00002d54  2**2
                  CONTENTS, READONLY, DEBUGGING
  4 .stabstr      0000123d  00000000  00000000  00005730  2**0
                  CONTENTS, READONLY, DEBUGGING
  5 .debug_aranges 00000140  00000000  00000000  0000696d  2**0
                  CONTENTS, READONLY, DEBUGGING
  6 .debug_pubnames 00000170  00000000  00000000  00006aad  2**0
                  CONTENTS, READONLY, DEBUGGING
  7 .debug_info   00001c49  00000000  00000000  00006c1d  2**0
                  CONTENTS, READONLY, DEBUGGING
  8 .debug_abbrev 00000eeb  00000000  00000000  00008866  2**0
                  CONTENTS, READONLY, DEBUGGING
  9 .debug_line   00000dad  00000000  00000000  00009751  2**0
                  CONTENTS, READONLY, DEBUGGING
 10 .debug_frame  00000160  00000000  00000000  0000a500  2**2
                  CONTENTS, READONLY, DEBUGGING
 11 .debug_str    0000028d  00000000  00000000  0000a660  2**0
                  CONTENTS, READONLY, DEBUGGING
 12 .debug_loc    000007ce  00000000  00000000  0000a8ed  2**0
                  CONTENTS, READONLY, DEBUGGING
 13 .debug_ranges 00000050  00000000  00000000  0000b0bb  2**0
                  CONTENTS, READONLY, DEBUGGING

Disassembly of section .text:

00000000 <__vectors>:
       0:	0c 94 2a 00 	jmp	0x54	; 0x54 <__ctors_end>
       4:	0c 94 47 00 	jmp	0x8e	; 0x8e <__bad_interrupt>
       8:	0c 94 47 00 	jmp	0x8e	; 0x8e <__bad_interrupt>
       c:	0c 94 47 00 	jmp	0x8e	; 0x8e <__bad_interrupt>
      10:	0c 94 47 00 	jmp	0x8e	; 0x8e <__bad_interrupt>
      14:	0c 94 47 00 	jmp	0x8e	; 0x8e <__bad_interrupt>
      18:	0c 94 47 00 	jmp	0x8e	; 0x8e <__bad_interrupt>
      1c:	0c 94 5a 13 	jmp	0x26b4	; 0x26b4 <__vector_7>
      20:	0c 94 47 00 	jmp	0x8e	; 0x8e <__bad_interrupt>
      24:	0c 94 8d 13 	jmp	0x271a	; 0x271a <__vector_9>
      28:	0c 94 47 00 	jmp	0x8e	; 0x8e <__bad_interrupt>
      2c:	0c 94 47 00 	jmp	0x8e	; 0x8e <__bad_interrupt>
      30:	0c 94 47 00 	jmp	0x8e	; 0x8e <__bad_interrupt>
      34:	0c 94 47 00 	jmp	0x8e	; 0x8e <__bad_interrupt>
      38:	0c 94 47 00 	jmp	0x8e	; 0x8e <__bad_interrupt>
      3c:	0c 94 47 00 	jmp	0x8e	; 0x8e <__bad_interrupt>
      40:	0c 94 47 00 	jmp	0x8e	; 0x8e <__bad_interrupt>
      44:	0c 94 47 00 	jmp	0x8e	; 0x8e <__bad_interrupt>
      48:	0c 94 47 00 	jmp	0x8e	; 0x8e <__bad_interrupt>
      4c:	0c 94 47 00 	jmp	0x8e	; 0x8e <__bad_interrupt>
      50:	0c 94 47 00 	jmp	0x8e	; 0x8e <__bad_interrupt>

00000054 <__ctors_end>:
      54:	11 24       	eor	r1, r1
      56:	1f be       	out	0x3f, r1	; 63
      58:	cf e5       	ldi	r28, 0x5F	; 95
      5a:	d8 e0       	ldi	r29, 0x08	; 8
      5c:	de bf       	out	0x3e, r29	; 62
      5e:	cd bf       	out	0x3d, r28	; 61

00000060 <__do_copy_data>:
      60:	10 e0       	ldi	r17, 0x00	; 0
      62:	a0 e6       	ldi	r26, 0x60	; 96
      64:	b0 e0       	ldi	r27, 0x00	; 0
      66:	e6 e3       	ldi	r30, 0x36	; 54
      68:	fc e2       	ldi	r31, 0x2C	; 44
      6a:	02 c0       	rjmp	.+4      	; 0x70 <.do_copy_data_start>

0000006c <.do_copy_data_loop>:
      6c:	05 90       	lpm	r0, Z+
      6e:	0d 92       	st	X+, r0

00000070 <.do_copy_data_start>:
      70:	a8 3e       	cpi	r26, 0xE8	; 232
      72:	b1 07       	cpc	r27, r17
      74:	d9 f7       	brne	.-10     	; 0x6c <.do_copy_data_loop>

00000076 <__do_clear_bss>:
      76:	10 e0       	ldi	r17, 0x00	; 0
      78:	a8 ee       	ldi	r26, 0xE8	; 232
      7a:	b0 e0       	ldi	r27, 0x00	; 0
      7c:	01 c0       	rjmp	.+2      	; 0x80 <.do_clear_bss_start>

0000007e <.do_clear_bss_loop>:
      7e:	1d 92       	st	X+, r1

00000080 <.do_clear_bss_start>:
      80:	ae 3f       	cpi	r26, 0xFE	; 254
      82:	b1 07       	cpc	r27, r17
      84:	e1 f7       	brne	.-8      	; 0x7e <.do_clear_bss_loop>
      86:	0e 94 a3 05 	call	0xb46	; 0xb46 <main>
      8a:	0c 94 19 16 	jmp	0x2c32	; 0x2c32 <_exit>

0000008e <__bad_interrupt>:
      8e:	0c 94 00 00 	jmp	0	; 0x0 <__vectors>

00000092 <__fixunssfsi>:
      92:	ef 92       	push	r14
      94:	ff 92       	push	r15
      96:	0f 93       	push	r16
      98:	1f 93       	push	r17
      9a:	7b 01       	movw	r14, r22
      9c:	8c 01       	movw	r16, r24
      9e:	20 e0       	ldi	r18, 0x00	; 0
      a0:	30 e0       	ldi	r19, 0x00	; 0
      a2:	40 e0       	ldi	r20, 0x00	; 0
      a4:	5f e4       	ldi	r21, 0x4F	; 79
      a6:	0e 94 49 03 	call	0x692	; 0x692 <__gesf2>
      aa:	88 23       	and	r24, r24
      ac:	8c f0       	brlt	.+34     	; 0xd0 <__fixunssfsi+0x3e>
      ae:	c8 01       	movw	r24, r16
      b0:	b7 01       	movw	r22, r14
      b2:	20 e0       	ldi	r18, 0x00	; 0
      b4:	30 e0       	ldi	r19, 0x00	; 0
      b6:	40 e0       	ldi	r20, 0x00	; 0
      b8:	5f e4       	ldi	r21, 0x4F	; 79
      ba:	0e 94 c1 01 	call	0x382	; 0x382 <__subsf3>
      be:	0e 94 a9 03 	call	0x752	; 0x752 <__fixsfsi>
      c2:	9b 01       	movw	r18, r22
      c4:	ac 01       	movw	r20, r24
      c6:	20 50       	subi	r18, 0x00	; 0
      c8:	30 40       	sbci	r19, 0x00	; 0
      ca:	40 40       	sbci	r20, 0x00	; 0
      cc:	50 48       	sbci	r21, 0x80	; 128
      ce:	06 c0       	rjmp	.+12     	; 0xdc <__fixunssfsi+0x4a>
      d0:	c8 01       	movw	r24, r16
      d2:	b7 01       	movw	r22, r14
      d4:	0e 94 a9 03 	call	0x752	; 0x752 <__fixsfsi>
      d8:	9b 01       	movw	r18, r22
      da:	ac 01       	movw	r20, r24
      dc:	b9 01       	movw	r22, r18
      de:	ca 01       	movw	r24, r20
      e0:	1f 91       	pop	r17
      e2:	0f 91       	pop	r16
      e4:	ff 90       	pop	r15
      e6:	ef 90       	pop	r14
      e8:	08 95       	ret

000000ea <_fpadd_parts>:
      ea:	a0 e0       	ldi	r26, 0x00	; 0
      ec:	b0 e0       	ldi	r27, 0x00	; 0
      ee:	eb e7       	ldi	r30, 0x7B	; 123
      f0:	f0 e0       	ldi	r31, 0x00	; 0
      f2:	0c 94 9d 15 	jmp	0x2b3a	; 0x2b3a <__prologue_saves__>
      f6:	dc 01       	movw	r26, r24
      f8:	2b 01       	movw	r4, r22
      fa:	fa 01       	movw	r30, r20
      fc:	9c 91       	ld	r25, X
      fe:	92 30       	cpi	r25, 0x02	; 2
     100:	08 f4       	brcc	.+2      	; 0x104 <_fpadd_parts+0x1a>
     102:	39 c1       	rjmp	.+626    	; 0x376 <_fpadd_parts+0x28c>
     104:	eb 01       	movw	r28, r22
     106:	88 81       	ld	r24, Y
     108:	82 30       	cpi	r24, 0x02	; 2
     10a:	08 f4       	brcc	.+2      	; 0x10e <_fpadd_parts+0x24>
     10c:	33 c1       	rjmp	.+614    	; 0x374 <_fpadd_parts+0x28a>
     10e:	94 30       	cpi	r25, 0x04	; 4
     110:	69 f4       	brne	.+26     	; 0x12c <_fpadd_parts+0x42>
     112:	84 30       	cpi	r24, 0x04	; 4
     114:	09 f0       	breq	.+2      	; 0x118 <_fpadd_parts+0x2e>
     116:	2f c1       	rjmp	.+606    	; 0x376 <_fpadd_parts+0x28c>
     118:	11 96       	adiw	r26, 0x01	; 1
     11a:	9c 91       	ld	r25, X
     11c:	11 97       	sbiw	r26, 0x01	; 1
     11e:	89 81       	ldd	r24, Y+1	; 0x01
     120:	98 17       	cp	r25, r24
     122:	09 f4       	brne	.+2      	; 0x126 <_fpadd_parts+0x3c>
     124:	28 c1       	rjmp	.+592    	; 0x376 <_fpadd_parts+0x28c>
     126:	a0 ee       	ldi	r26, 0xE0	; 224
     128:	b0 e0       	ldi	r27, 0x00	; 0
     12a:	25 c1       	rjmp	.+586    	; 0x376 <_fpadd_parts+0x28c>
     12c:	84 30       	cpi	r24, 0x04	; 4
     12e:	09 f4       	brne	.+2      	; 0x132 <_fpadd_parts+0x48>
     130:	21 c1       	rjmp	.+578    	; 0x374 <_fpadd_parts+0x28a>
     132:	82 30       	cpi	r24, 0x02	; 2
     134:	a9 f4       	brne	.+42     	; 0x160 <_fpadd_parts+0x76>
     136:	92 30       	cpi	r25, 0x02	; 2
     138:	09 f0       	breq	.+2      	; 0x13c <_fpadd_parts+0x52>
     13a:	1d c1       	rjmp	.+570    	; 0x376 <_fpadd_parts+0x28c>
     13c:	9a 01       	movw	r18, r20
     13e:	ad 01       	movw	r20, r26
     140:	88 e0       	ldi	r24, 0x08	; 8
     142:	ea 01       	movw	r28, r20
     144:	09 90       	ld	r0, Y+
     146:	ae 01       	movw	r20, r28
     148:	e9 01       	movw	r28, r18
     14a:	09 92       	st	Y+, r0
     14c:	9e 01       	movw	r18, r28
     14e:	81 50       	subi	r24, 0x01	; 1
     150:	c1 f7       	brne	.-16     	; 0x142 <_fpadd_parts+0x58>
     152:	e2 01       	movw	r28, r4
     154:	89 81       	ldd	r24, Y+1	; 0x01
     156:	11 96       	adiw	r26, 0x01	; 1
     158:	9c 91       	ld	r25, X
     15a:	89 23       	and	r24, r25
     15c:	81 83       	std	Z+1, r24	; 0x01
     15e:	08 c1       	rjmp	.+528    	; 0x370 <_fpadd_parts+0x286>
     160:	92 30       	cpi	r25, 0x02	; 2
     162:	09 f4       	brne	.+2      	; 0x166 <_fpadd_parts+0x7c>
     164:	07 c1       	rjmp	.+526    	; 0x374 <_fpadd_parts+0x28a>
     166:	12 96       	adiw	r26, 0x02	; 2
     168:	2d 90       	ld	r2, X+
     16a:	3c 90       	ld	r3, X
     16c:	13 97       	sbiw	r26, 0x03	; 3
     16e:	eb 01       	movw	r28, r22
     170:	8a 81       	ldd	r24, Y+2	; 0x02
     172:	9b 81       	ldd	r25, Y+3	; 0x03
     174:	14 96       	adiw	r26, 0x04	; 4
     176:	ad 90       	ld	r10, X+
     178:	bd 90       	ld	r11, X+
     17a:	cd 90       	ld	r12, X+
     17c:	dc 90       	ld	r13, X
     17e:	17 97       	sbiw	r26, 0x07	; 7
     180:	ec 80       	ldd	r14, Y+4	; 0x04
     182:	fd 80       	ldd	r15, Y+5	; 0x05
     184:	0e 81       	ldd	r16, Y+6	; 0x06
     186:	1f 81       	ldd	r17, Y+7	; 0x07
     188:	91 01       	movw	r18, r2
     18a:	28 1b       	sub	r18, r24
     18c:	39 0b       	sbc	r19, r25
     18e:	b9 01       	movw	r22, r18
     190:	37 ff       	sbrs	r19, 7
     192:	04 c0       	rjmp	.+8      	; 0x19c <_fpadd_parts+0xb2>
     194:	66 27       	eor	r22, r22
     196:	77 27       	eor	r23, r23
     198:	62 1b       	sub	r22, r18
     19a:	73 0b       	sbc	r23, r19
     19c:	60 32       	cpi	r22, 0x20	; 32
     19e:	71 05       	cpc	r23, r1
     1a0:	0c f0       	brlt	.+2      	; 0x1a4 <_fpadd_parts+0xba>
     1a2:	61 c0       	rjmp	.+194    	; 0x266 <_fpadd_parts+0x17c>
     1a4:	12 16       	cp	r1, r18
     1a6:	13 06       	cpc	r1, r19
     1a8:	6c f5       	brge	.+90     	; 0x204 <_fpadd_parts+0x11a>
     1aa:	37 01       	movw	r6, r14
     1ac:	48 01       	movw	r8, r16
     1ae:	06 2e       	mov	r0, r22
     1b0:	04 c0       	rjmp	.+8      	; 0x1ba <_fpadd_parts+0xd0>
     1b2:	96 94       	lsr	r9
     1b4:	87 94       	ror	r8
     1b6:	77 94       	ror	r7
     1b8:	67 94       	ror	r6
     1ba:	0a 94       	dec	r0
     1bc:	d2 f7       	brpl	.-12     	; 0x1b2 <_fpadd_parts+0xc8>
     1be:	21 e0       	ldi	r18, 0x01	; 1
     1c0:	30 e0       	ldi	r19, 0x00	; 0
     1c2:	40 e0       	ldi	r20, 0x00	; 0
     1c4:	50 e0       	ldi	r21, 0x00	; 0
     1c6:	04 c0       	rjmp	.+8      	; 0x1d0 <_fpadd_parts+0xe6>
     1c8:	22 0f       	add	r18, r18
     1ca:	33 1f       	adc	r19, r19
     1cc:	44 1f       	adc	r20, r20
     1ce:	55 1f       	adc	r21, r21
     1d0:	6a 95       	dec	r22
     1d2:	d2 f7       	brpl	.-12     	; 0x1c8 <_fpadd_parts+0xde>
     1d4:	21 50       	subi	r18, 0x01	; 1
     1d6:	30 40       	sbci	r19, 0x00	; 0
     1d8:	40 40       	sbci	r20, 0x00	; 0
     1da:	50 40       	sbci	r21, 0x00	; 0
     1dc:	2e 21       	and	r18, r14
     1de:	3f 21       	and	r19, r15
     1e0:	40 23       	and	r20, r16
     1e2:	51 23       	and	r21, r17
     1e4:	21 15       	cp	r18, r1
     1e6:	31 05       	cpc	r19, r1
     1e8:	41 05       	cpc	r20, r1
     1ea:	51 05       	cpc	r21, r1
     1ec:	21 f0       	breq	.+8      	; 0x1f6 <_fpadd_parts+0x10c>
     1ee:	21 e0       	ldi	r18, 0x01	; 1
     1f0:	30 e0       	ldi	r19, 0x00	; 0
     1f2:	40 e0       	ldi	r20, 0x00	; 0
     1f4:	50 e0       	ldi	r21, 0x00	; 0
     1f6:	79 01       	movw	r14, r18
     1f8:	8a 01       	movw	r16, r20
     1fa:	e6 28       	or	r14, r6
     1fc:	f7 28       	or	r15, r7
     1fe:	08 29       	or	r16, r8
     200:	19 29       	or	r17, r9
     202:	3c c0       	rjmp	.+120    	; 0x27c <_fpadd_parts+0x192>
     204:	23 2b       	or	r18, r19
     206:	d1 f1       	breq	.+116    	; 0x27c <_fpadd_parts+0x192>
     208:	26 0e       	add	r2, r22
     20a:	37 1e       	adc	r3, r23
     20c:	35 01       	movw	r6, r10
     20e:	46 01       	movw	r8, r12
     210:	06 2e       	mov	r0, r22
     212:	04 c0       	rjmp	.+8      	; 0x21c <_fpadd_parts+0x132>
     214:	96 94       	lsr	r9
     216:	87 94       	ror	r8
     218:	77 94       	ror	r7
     21a:	67 94       	ror	r6
     21c:	0a 94       	dec	r0
     21e:	d2 f7       	brpl	.-12     	; 0x214 <_fpadd_parts+0x12a>
     220:	21 e0       	ldi	r18, 0x01	; 1
     222:	30 e0       	ldi	r19, 0x00	; 0
     224:	40 e0       	ldi	r20, 0x00	; 0
     226:	50 e0       	ldi	r21, 0x00	; 0
     228:	04 c0       	rjmp	.+8      	; 0x232 <_fpadd_parts+0x148>
     22a:	22 0f       	add	r18, r18
     22c:	33 1f       	adc	r19, r19
     22e:	44 1f       	adc	r20, r20
     230:	55 1f       	adc	r21, r21
     232:	6a 95       	dec	r22
     234:	d2 f7       	brpl	.-12     	; 0x22a <_fpadd_parts+0x140>
     236:	21 50       	subi	r18, 0x01	; 1
     238:	30 40       	sbci	r19, 0x00	; 0
     23a:	40 40       	sbci	r20, 0x00	; 0
     23c:	50 40       	sbci	r21, 0x00	; 0
     23e:	2a 21       	and	r18, r10
     240:	3b 21       	and	r19, r11
     242:	4c 21       	and	r20, r12
     244:	5d 21       	and	r21, r13
     246:	21 15       	cp	r18, r1
     248:	31 05       	cpc	r19, r1
     24a:	41 05       	cpc	r20, r1
     24c:	51 05       	cpc	r21, r1
     24e:	21 f0       	breq	.+8      	; 0x258 <_fpadd_parts+0x16e>
     250:	21 e0       	ldi	r18, 0x01	; 1
     252:	30 e0       	ldi	r19, 0x00	; 0
     254:	40 e0       	ldi	r20, 0x00	; 0
     256:	50 e0       	ldi	r21, 0x00	; 0
     258:	59 01       	movw	r10, r18
     25a:	6a 01       	movw	r12, r20
     25c:	a6 28       	or	r10, r6
     25e:	b7 28       	or	r11, r7
     260:	c8 28       	or	r12, r8
     262:	d9 28       	or	r13, r9
     264:	0b c0       	rjmp	.+22     	; 0x27c <_fpadd_parts+0x192>
     266:	82 15       	cp	r24, r2
     268:	93 05       	cpc	r25, r3
     26a:	2c f0       	brlt	.+10     	; 0x276 <_fpadd_parts+0x18c>
     26c:	1c 01       	movw	r2, r24
     26e:	aa 24       	eor	r10, r10
     270:	bb 24       	eor	r11, r11
     272:	65 01       	movw	r12, r10
     274:	03 c0       	rjmp	.+6      	; 0x27c <_fpadd_parts+0x192>
     276:	ee 24       	eor	r14, r14
     278:	ff 24       	eor	r15, r15
     27a:	87 01       	movw	r16, r14
     27c:	11 96       	adiw	r26, 0x01	; 1
     27e:	9c 91       	ld	r25, X
     280:	d2 01       	movw	r26, r4
     282:	11 96       	adiw	r26, 0x01	; 1
     284:	8c 91       	ld	r24, X
     286:	98 17       	cp	r25, r24
     288:	09 f4       	brne	.+2      	; 0x28c <_fpadd_parts+0x1a2>
     28a:	45 c0       	rjmp	.+138    	; 0x316 <_fpadd_parts+0x22c>
     28c:	99 23       	and	r25, r25
     28e:	39 f0       	breq	.+14     	; 0x29e <_fpadd_parts+0x1b4>
     290:	a8 01       	movw	r20, r16
     292:	97 01       	movw	r18, r14
     294:	2a 19       	sub	r18, r10
     296:	3b 09       	sbc	r19, r11
     298:	4c 09       	sbc	r20, r12
     29a:	5d 09       	sbc	r21, r13
     29c:	06 c0       	rjmp	.+12     	; 0x2aa <_fpadd_parts+0x1c0>
     29e:	a6 01       	movw	r20, r12
     2a0:	95 01       	movw	r18, r10
     2a2:	2e 19       	sub	r18, r14
     2a4:	3f 09       	sbc	r19, r15
     2a6:	40 0b       	sbc	r20, r16
     2a8:	51 0b       	sbc	r21, r17
     2aa:	57 fd       	sbrc	r21, 7
     2ac:	08 c0       	rjmp	.+16     	; 0x2be <_fpadd_parts+0x1d4>
     2ae:	11 82       	std	Z+1, r1	; 0x01
     2b0:	33 82       	std	Z+3, r3	; 0x03
     2b2:	22 82       	std	Z+2, r2	; 0x02
     2b4:	24 83       	std	Z+4, r18	; 0x04
     2b6:	35 83       	std	Z+5, r19	; 0x05
     2b8:	46 83       	std	Z+6, r20	; 0x06
     2ba:	57 83       	std	Z+7, r21	; 0x07
     2bc:	1d c0       	rjmp	.+58     	; 0x2f8 <_fpadd_parts+0x20e>
     2be:	81 e0       	ldi	r24, 0x01	; 1
     2c0:	81 83       	std	Z+1, r24	; 0x01
     2c2:	33 82       	std	Z+3, r3	; 0x03
     2c4:	22 82       	std	Z+2, r2	; 0x02
     2c6:	88 27       	eor	r24, r24
     2c8:	99 27       	eor	r25, r25
     2ca:	dc 01       	movw	r26, r24
     2cc:	82 1b       	sub	r24, r18
     2ce:	93 0b       	sbc	r25, r19
     2d0:	a4 0b       	sbc	r26, r20
     2d2:	b5 0b       	sbc	r27, r21
     2d4:	84 83       	std	Z+4, r24	; 0x04
     2d6:	95 83       	std	Z+5, r25	; 0x05
     2d8:	a6 83       	std	Z+6, r26	; 0x06
     2da:	b7 83       	std	Z+7, r27	; 0x07
     2dc:	0d c0       	rjmp	.+26     	; 0x2f8 <_fpadd_parts+0x20e>
     2de:	22 0f       	add	r18, r18
     2e0:	33 1f       	adc	r19, r19
     2e2:	44 1f       	adc	r20, r20
     2e4:	55 1f       	adc	r21, r21
     2e6:	24 83       	std	Z+4, r18	; 0x04
     2e8:	35 83       	std	Z+5, r19	; 0x05
     2ea:	46 83       	std	Z+6, r20	; 0x06
     2ec:	57 83       	std	Z+7, r21	; 0x07
     2ee:	82 81       	ldd	r24, Z+2	; 0x02
     2f0:	93 81       	ldd	r25, Z+3	; 0x03
     2f2:	01 97       	sbiw	r24, 0x01	; 1
     2f4:	93 83       	std	Z+3, r25	; 0x03
     2f6:	82 83       	std	Z+2, r24	; 0x02
     2f8:	24 81       	ldd	r18, Z+4	; 0x04
     2fa:	35 81       	ldd	r19, Z+5	; 0x05
     2fc:	46 81       	ldd	r20, Z+6	; 0x06
     2fe:	57 81       	ldd	r21, Z+7	; 0x07
     300:	da 01       	movw	r26, r20
     302:	c9 01       	movw	r24, r18
     304:	01 97       	sbiw	r24, 0x01	; 1
     306:	a1 09       	sbc	r26, r1
     308:	b1 09       	sbc	r27, r1
     30a:	8f 5f       	subi	r24, 0xFF	; 255
     30c:	9f 4f       	sbci	r25, 0xFF	; 255
     30e:	af 4f       	sbci	r26, 0xFF	; 255
     310:	bf 43       	sbci	r27, 0x3F	; 63
     312:	28 f3       	brcs	.-54     	; 0x2de <_fpadd_parts+0x1f4>
     314:	0b c0       	rjmp	.+22     	; 0x32c <_fpadd_parts+0x242>
     316:	91 83       	std	Z+1, r25	; 0x01
     318:	33 82       	std	Z+3, r3	; 0x03
     31a:	22 82       	std	Z+2, r2	; 0x02
     31c:	ea 0c       	add	r14, r10
     31e:	fb 1c       	adc	r15, r11
     320:	0c 1d       	adc	r16, r12
     322:	1d 1d       	adc	r17, r13
     324:	e4 82       	std	Z+4, r14	; 0x04
     326:	f5 82       	std	Z+5, r15	; 0x05
     328:	06 83       	std	Z+6, r16	; 0x06
     32a:	17 83       	std	Z+7, r17	; 0x07
     32c:	83 e0       	ldi	r24, 0x03	; 3
     32e:	80 83       	st	Z, r24
     330:	24 81       	ldd	r18, Z+4	; 0x04
     332:	35 81       	ldd	r19, Z+5	; 0x05
     334:	46 81       	ldd	r20, Z+6	; 0x06
     336:	57 81       	ldd	r21, Z+7	; 0x07
     338:	57 ff       	sbrs	r21, 7
     33a:	1a c0       	rjmp	.+52     	; 0x370 <_fpadd_parts+0x286>
     33c:	c9 01       	movw	r24, r18
     33e:	aa 27       	eor	r26, r26
     340:	97 fd       	sbrc	r25, 7
     342:	a0 95       	com	r26
     344:	ba 2f       	mov	r27, r26
     346:	81 70       	andi	r24, 0x01	; 1
     348:	90 70       	andi	r25, 0x00	; 0
     34a:	a0 70       	andi	r26, 0x00	; 0
     34c:	b0 70       	andi	r27, 0x00	; 0
     34e:	56 95       	lsr	r21
     350:	47 95       	ror	r20
     352:	37 95       	ror	r19
     354:	27 95       	ror	r18
     356:	82 2b       	or	r24, r18
     358:	93 2b       	or	r25, r19
     35a:	a4 2b       	or	r26, r20
     35c:	b5 2b       	or	r27, r21
     35e:	84 83       	std	Z+4, r24	; 0x04
     360:	95 83       	std	Z+5, r25	; 0x05
     362:	a6 83       	std	Z+6, r26	; 0x06
     364:	b7 83       	std	Z+7, r27	; 0x07
     366:	82 81       	ldd	r24, Z+2	; 0x02
     368:	93 81       	ldd	r25, Z+3	; 0x03
     36a:	01 96       	adiw	r24, 0x01	; 1
     36c:	93 83       	std	Z+3, r25	; 0x03
     36e:	82 83       	std	Z+2, r24	; 0x02
     370:	df 01       	movw	r26, r30
     372:	01 c0       	rjmp	.+2      	; 0x376 <_fpadd_parts+0x28c>
     374:	d2 01       	movw	r26, r4
     376:	cd 01       	movw	r24, r26
     378:	cd b7       	in	r28, 0x3d	; 61
     37a:	de b7       	in	r29, 0x3e	; 62
     37c:	e2 e1       	ldi	r30, 0x12	; 18
     37e:	0c 94 b9 15 	jmp	0x2b72	; 0x2b72 <__epilogue_restores__>

00000382 <__subsf3>:
     382:	a0 e2       	ldi	r26, 0x20	; 32
     384:	b0 e0       	ldi	r27, 0x00	; 0
     386:	e7 ec       	ldi	r30, 0xC7	; 199
     388:	f1 e0       	ldi	r31, 0x01	; 1
     38a:	0c 94 a9 15 	jmp	0x2b52	; 0x2b52 <__prologue_saves__+0x18>
     38e:	69 83       	std	Y+1, r22	; 0x01
     390:	7a 83       	std	Y+2, r23	; 0x02
     392:	8b 83       	std	Y+3, r24	; 0x03
     394:	9c 83       	std	Y+4, r25	; 0x04
     396:	2d 83       	std	Y+5, r18	; 0x05
     398:	3e 83       	std	Y+6, r19	; 0x06
     39a:	4f 83       	std	Y+7, r20	; 0x07
     39c:	58 87       	std	Y+8, r21	; 0x08
     39e:	e9 e0       	ldi	r30, 0x09	; 9
     3a0:	ee 2e       	mov	r14, r30
     3a2:	f1 2c       	mov	r15, r1
     3a4:	ec 0e       	add	r14, r28
     3a6:	fd 1e       	adc	r15, r29
     3a8:	ce 01       	movw	r24, r28
     3aa:	01 96       	adiw	r24, 0x01	; 1
     3ac:	b7 01       	movw	r22, r14
     3ae:	0e 94 d2 04 	call	0x9a4	; 0x9a4 <__unpack_f>
     3b2:	8e 01       	movw	r16, r28
     3b4:	0f 5e       	subi	r16, 0xEF	; 239
     3b6:	1f 4f       	sbci	r17, 0xFF	; 255
     3b8:	ce 01       	movw	r24, r28
     3ba:	05 96       	adiw	r24, 0x05	; 5
     3bc:	b8 01       	movw	r22, r16
     3be:	0e 94 d2 04 	call	0x9a4	; 0x9a4 <__unpack_f>
     3c2:	8a 89       	ldd	r24, Y+18	; 0x12
     3c4:	91 e0       	ldi	r25, 0x01	; 1
     3c6:	89 27       	eor	r24, r25
     3c8:	8a 8b       	std	Y+18, r24	; 0x12
     3ca:	c7 01       	movw	r24, r14
     3cc:	b8 01       	movw	r22, r16
     3ce:	ae 01       	movw	r20, r28
     3d0:	47 5e       	subi	r20, 0xE7	; 231
     3d2:	5f 4f       	sbci	r21, 0xFF	; 255
     3d4:	0e 94 75 00 	call	0xea	; 0xea <_fpadd_parts>
     3d8:	0e 94 fd 03 	call	0x7fa	; 0x7fa <__pack_f>
     3dc:	a0 96       	adiw	r28, 0x20	; 32
     3de:	e6 e0       	ldi	r30, 0x06	; 6
     3e0:	0c 94 c5 15 	jmp	0x2b8a	; 0x2b8a <__epilogue_restores__+0x18>

000003e4 <__addsf3>:
     3e4:	a0 e2       	ldi	r26, 0x20	; 32
     3e6:	b0 e0       	ldi	r27, 0x00	; 0
     3e8:	e8 ef       	ldi	r30, 0xF8	; 248
     3ea:	f1 e0       	ldi	r31, 0x01	; 1
     3ec:	0c 94 a9 15 	jmp	0x2b52	; 0x2b52 <__prologue_saves__+0x18>
     3f0:	69 83       	std	Y+1, r22	; 0x01
     3f2:	7a 83       	std	Y+2, r23	; 0x02
     3f4:	8b 83       	std	Y+3, r24	; 0x03
     3f6:	9c 83       	std	Y+4, r25	; 0x04
     3f8:	2d 83       	std	Y+5, r18	; 0x05
     3fa:	3e 83       	std	Y+6, r19	; 0x06
     3fc:	4f 83       	std	Y+7, r20	; 0x07
     3fe:	58 87       	std	Y+8, r21	; 0x08
     400:	f9 e0       	ldi	r31, 0x09	; 9
     402:	ef 2e       	mov	r14, r31
     404:	f1 2c       	mov	r15, r1
     406:	ec 0e       	add	r14, r28
     408:	fd 1e       	adc	r15, r29
     40a:	ce 01       	movw	r24, r28
     40c:	01 96       	adiw	r24, 0x01	; 1
     40e:	b7 01       	movw	r22, r14
     410:	0e 94 d2 04 	call	0x9a4	; 0x9a4 <__unpack_f>
     414:	8e 01       	movw	r16, r28
     416:	0f 5e       	subi	r16, 0xEF	; 239
     418:	1f 4f       	sbci	r17, 0xFF	; 255
     41a:	ce 01       	movw	r24, r28
     41c:	05 96       	adiw	r24, 0x05	; 5
     41e:	b8 01       	movw	r22, r16
     420:	0e 94 d2 04 	call	0x9a4	; 0x9a4 <__unpack_f>
     424:	c7 01       	movw	r24, r14
     426:	b8 01       	movw	r22, r16
     428:	ae 01       	movw	r20, r28
     42a:	47 5e       	subi	r20, 0xE7	; 231
     42c:	5f 4f       	sbci	r21, 0xFF	; 255
     42e:	0e 94 75 00 	call	0xea	; 0xea <_fpadd_parts>
     432:	0e 94 fd 03 	call	0x7fa	; 0x7fa <__pack_f>
     436:	a0 96       	adiw	r28, 0x20	; 32
     438:	e6 e0       	ldi	r30, 0x06	; 6
     43a:	0c 94 c5 15 	jmp	0x2b8a	; 0x2b8a <__epilogue_restores__+0x18>

0000043e <__mulsf3>:
     43e:	a0 e2       	ldi	r26, 0x20	; 32
     440:	b0 e0       	ldi	r27, 0x00	; 0
     442:	e5 e2       	ldi	r30, 0x25	; 37
     444:	f2 e0       	ldi	r31, 0x02	; 2
     446:	0c 94 9d 15 	jmp	0x2b3a	; 0x2b3a <__prologue_saves__>
     44a:	69 83       	std	Y+1, r22	; 0x01
     44c:	7a 83       	std	Y+2, r23	; 0x02
     44e:	8b 83       	std	Y+3, r24	; 0x03
     450:	9c 83       	std	Y+4, r25	; 0x04
     452:	2d 83       	std	Y+5, r18	; 0x05
     454:	3e 83       	std	Y+6, r19	; 0x06
     456:	4f 83       	std	Y+7, r20	; 0x07
     458:	58 87       	std	Y+8, r21	; 0x08
     45a:	ce 01       	movw	r24, r28
     45c:	01 96       	adiw	r24, 0x01	; 1
     45e:	be 01       	movw	r22, r28
     460:	67 5f       	subi	r22, 0xF7	; 247
     462:	7f 4f       	sbci	r23, 0xFF	; 255
     464:	0e 94 d2 04 	call	0x9a4	; 0x9a4 <__unpack_f>
     468:	ce 01       	movw	r24, r28
     46a:	05 96       	adiw	r24, 0x05	; 5
     46c:	be 01       	movw	r22, r28
     46e:	6f 5e       	subi	r22, 0xEF	; 239
     470:	7f 4f       	sbci	r23, 0xFF	; 255
     472:	0e 94 d2 04 	call	0x9a4	; 0x9a4 <__unpack_f>
     476:	99 85       	ldd	r25, Y+9	; 0x09
     478:	92 30       	cpi	r25, 0x02	; 2
     47a:	88 f0       	brcs	.+34     	; 0x49e <__mulsf3+0x60>
     47c:	89 89       	ldd	r24, Y+17	; 0x11
     47e:	82 30       	cpi	r24, 0x02	; 2
     480:	c8 f0       	brcs	.+50     	; 0x4b4 <__mulsf3+0x76>
     482:	94 30       	cpi	r25, 0x04	; 4
     484:	19 f4       	brne	.+6      	; 0x48c <__mulsf3+0x4e>
     486:	82 30       	cpi	r24, 0x02	; 2
     488:	51 f4       	brne	.+20     	; 0x49e <__mulsf3+0x60>
     48a:	04 c0       	rjmp	.+8      	; 0x494 <__mulsf3+0x56>
     48c:	84 30       	cpi	r24, 0x04	; 4
     48e:	29 f4       	brne	.+10     	; 0x49a <__mulsf3+0x5c>
     490:	92 30       	cpi	r25, 0x02	; 2
     492:	81 f4       	brne	.+32     	; 0x4b4 <__mulsf3+0x76>
     494:	80 ee       	ldi	r24, 0xE0	; 224
     496:	90 e0       	ldi	r25, 0x00	; 0
     498:	c6 c0       	rjmp	.+396    	; 0x626 <__mulsf3+0x1e8>
     49a:	92 30       	cpi	r25, 0x02	; 2
     49c:	49 f4       	brne	.+18     	; 0x4b0 <__mulsf3+0x72>
     49e:	20 e0       	ldi	r18, 0x00	; 0
     4a0:	9a 85       	ldd	r25, Y+10	; 0x0a
     4a2:	8a 89       	ldd	r24, Y+18	; 0x12
     4a4:	98 13       	cpse	r25, r24
     4a6:	21 e0       	ldi	r18, 0x01	; 1
     4a8:	2a 87       	std	Y+10, r18	; 0x0a
     4aa:	ce 01       	movw	r24, r28
     4ac:	09 96       	adiw	r24, 0x09	; 9
     4ae:	bb c0       	rjmp	.+374    	; 0x626 <__mulsf3+0x1e8>
     4b0:	82 30       	cpi	r24, 0x02	; 2
     4b2:	49 f4       	brne	.+18     	; 0x4c6 <__mulsf3+0x88>
     4b4:	20 e0       	ldi	r18, 0x00	; 0
     4b6:	9a 85       	ldd	r25, Y+10	; 0x0a
     4b8:	8a 89       	ldd	r24, Y+18	; 0x12
     4ba:	98 13       	cpse	r25, r24
     4bc:	21 e0       	ldi	r18, 0x01	; 1
     4be:	2a 8b       	std	Y+18, r18	; 0x12
     4c0:	ce 01       	movw	r24, r28
     4c2:	41 96       	adiw	r24, 0x11	; 17
     4c4:	b0 c0       	rjmp	.+352    	; 0x626 <__mulsf3+0x1e8>
     4c6:	2d 84       	ldd	r2, Y+13	; 0x0d
     4c8:	3e 84       	ldd	r3, Y+14	; 0x0e
     4ca:	4f 84       	ldd	r4, Y+15	; 0x0f
     4cc:	58 88       	ldd	r5, Y+16	; 0x10
     4ce:	6d 88       	ldd	r6, Y+21	; 0x15
     4d0:	7e 88       	ldd	r7, Y+22	; 0x16
     4d2:	8f 88       	ldd	r8, Y+23	; 0x17
     4d4:	98 8c       	ldd	r9, Y+24	; 0x18
     4d6:	ee 24       	eor	r14, r14
     4d8:	ff 24       	eor	r15, r15
     4da:	87 01       	movw	r16, r14
     4dc:	aa 24       	eor	r10, r10
     4de:	bb 24       	eor	r11, r11
     4e0:	65 01       	movw	r12, r10
     4e2:	40 e0       	ldi	r20, 0x00	; 0
     4e4:	50 e0       	ldi	r21, 0x00	; 0
     4e6:	60 e0       	ldi	r22, 0x00	; 0
     4e8:	70 e0       	ldi	r23, 0x00	; 0
     4ea:	e0 e0       	ldi	r30, 0x00	; 0
     4ec:	f0 e0       	ldi	r31, 0x00	; 0
     4ee:	c1 01       	movw	r24, r2
     4f0:	81 70       	andi	r24, 0x01	; 1
     4f2:	90 70       	andi	r25, 0x00	; 0
     4f4:	89 2b       	or	r24, r25
     4f6:	e9 f0       	breq	.+58     	; 0x532 <__mulsf3+0xf4>
     4f8:	e6 0c       	add	r14, r6
     4fa:	f7 1c       	adc	r15, r7
     4fc:	08 1d       	adc	r16, r8
     4fe:	19 1d       	adc	r17, r9
     500:	9a 01       	movw	r18, r20
     502:	ab 01       	movw	r20, r22
     504:	2a 0d       	add	r18, r10
     506:	3b 1d       	adc	r19, r11
     508:	4c 1d       	adc	r20, r12
     50a:	5d 1d       	adc	r21, r13
     50c:	80 e0       	ldi	r24, 0x00	; 0
     50e:	90 e0       	ldi	r25, 0x00	; 0
     510:	a0 e0       	ldi	r26, 0x00	; 0
     512:	b0 e0       	ldi	r27, 0x00	; 0
     514:	e6 14       	cp	r14, r6
     516:	f7 04       	cpc	r15, r7
     518:	08 05       	cpc	r16, r8
     51a:	19 05       	cpc	r17, r9
     51c:	20 f4       	brcc	.+8      	; 0x526 <__mulsf3+0xe8>
     51e:	81 e0       	ldi	r24, 0x01	; 1
     520:	90 e0       	ldi	r25, 0x00	; 0
     522:	a0 e0       	ldi	r26, 0x00	; 0
     524:	b0 e0       	ldi	r27, 0x00	; 0
     526:	ba 01       	movw	r22, r20
     528:	a9 01       	movw	r20, r18
     52a:	48 0f       	add	r20, r24
     52c:	59 1f       	adc	r21, r25
     52e:	6a 1f       	adc	r22, r26
     530:	7b 1f       	adc	r23, r27
     532:	aa 0c       	add	r10, r10
     534:	bb 1c       	adc	r11, r11
     536:	cc 1c       	adc	r12, r12
     538:	dd 1c       	adc	r13, r13
     53a:	97 fe       	sbrs	r9, 7
     53c:	08 c0       	rjmp	.+16     	; 0x54e <__mulsf3+0x110>
     53e:	81 e0       	ldi	r24, 0x01	; 1
     540:	90 e0       	ldi	r25, 0x00	; 0
     542:	a0 e0       	ldi	r26, 0x00	; 0
     544:	b0 e0       	ldi	r27, 0x00	; 0
     546:	a8 2a       	or	r10, r24
     548:	b9 2a       	or	r11, r25
     54a:	ca 2a       	or	r12, r26
     54c:	db 2a       	or	r13, r27
     54e:	31 96       	adiw	r30, 0x01	; 1
     550:	e0 32       	cpi	r30, 0x20	; 32
     552:	f1 05       	cpc	r31, r1
     554:	49 f0       	breq	.+18     	; 0x568 <__mulsf3+0x12a>
     556:	66 0c       	add	r6, r6
     558:	77 1c       	adc	r7, r7
     55a:	88 1c       	adc	r8, r8
     55c:	99 1c       	adc	r9, r9
     55e:	56 94       	lsr	r5
     560:	47 94       	ror	r4
     562:	37 94       	ror	r3
     564:	27 94       	ror	r2
     566:	c3 cf       	rjmp	.-122    	; 0x4ee <__mulsf3+0xb0>
     568:	fa 85       	ldd	r31, Y+10	; 0x0a
     56a:	ea 89       	ldd	r30, Y+18	; 0x12
     56c:	2b 89       	ldd	r18, Y+19	; 0x13
     56e:	3c 89       	ldd	r19, Y+20	; 0x14
     570:	8b 85       	ldd	r24, Y+11	; 0x0b
     572:	9c 85       	ldd	r25, Y+12	; 0x0c
     574:	28 0f       	add	r18, r24
     576:	39 1f       	adc	r19, r25
     578:	2e 5f       	subi	r18, 0xFE	; 254
     57a:	3f 4f       	sbci	r19, 0xFF	; 255
     57c:	17 c0       	rjmp	.+46     	; 0x5ac <__mulsf3+0x16e>
     57e:	ca 01       	movw	r24, r20
     580:	81 70       	andi	r24, 0x01	; 1
     582:	90 70       	andi	r25, 0x00	; 0
     584:	89 2b       	or	r24, r25
     586:	61 f0       	breq	.+24     	; 0x5a0 <__mulsf3+0x162>
     588:	16 95       	lsr	r17
     58a:	07 95       	ror	r16
     58c:	f7 94       	ror	r15
     58e:	e7 94       	ror	r14
     590:	80 e0       	ldi	r24, 0x00	; 0
     592:	90 e0       	ldi	r25, 0x00	; 0
     594:	a0 e0       	ldi	r26, 0x00	; 0
     596:	b0 e8       	ldi	r27, 0x80	; 128
     598:	e8 2a       	or	r14, r24
     59a:	f9 2a       	or	r15, r25
     59c:	0a 2b       	or	r16, r26
     59e:	1b 2b       	or	r17, r27
     5a0:	76 95       	lsr	r23
     5a2:	67 95       	ror	r22
     5a4:	57 95       	ror	r21
     5a6:	47 95       	ror	r20
     5a8:	2f 5f       	subi	r18, 0xFF	; 255
     5aa:	3f 4f       	sbci	r19, 0xFF	; 255
     5ac:	77 fd       	sbrc	r23, 7
     5ae:	e7 cf       	rjmp	.-50     	; 0x57e <__mulsf3+0x140>
     5b0:	0c c0       	rjmp	.+24     	; 0x5ca <__mulsf3+0x18c>
     5b2:	44 0f       	add	r20, r20
     5b4:	55 1f       	adc	r21, r21
     5b6:	66 1f       	adc	r22, r22
     5b8:	77 1f       	adc	r23, r23
     5ba:	17 fd       	sbrc	r17, 7
     5bc:	41 60       	ori	r20, 0x01	; 1
     5be:	ee 0c       	add	r14, r14
     5c0:	ff 1c       	adc	r15, r15
     5c2:	00 1f       	adc	r16, r16
     5c4:	11 1f       	adc	r17, r17
     5c6:	21 50       	subi	r18, 0x01	; 1
     5c8:	30 40       	sbci	r19, 0x00	; 0
     5ca:	40 30       	cpi	r20, 0x00	; 0
     5cc:	90 e0       	ldi	r25, 0x00	; 0
     5ce:	59 07       	cpc	r21, r25
     5d0:	90 e0       	ldi	r25, 0x00	; 0
     5d2:	69 07       	cpc	r22, r25
     5d4:	90 e4       	ldi	r25, 0x40	; 64
     5d6:	79 07       	cpc	r23, r25
     5d8:	60 f3       	brcs	.-40     	; 0x5b2 <__mulsf3+0x174>
     5da:	2b 8f       	std	Y+27, r18	; 0x1b
     5dc:	3c 8f       	std	Y+28, r19	; 0x1c
     5de:	db 01       	movw	r26, r22
     5e0:	ca 01       	movw	r24, r20
     5e2:	8f 77       	andi	r24, 0x7F	; 127
     5e4:	90 70       	andi	r25, 0x00	; 0
     5e6:	a0 70       	andi	r26, 0x00	; 0
     5e8:	b0 70       	andi	r27, 0x00	; 0
     5ea:	80 34       	cpi	r24, 0x40	; 64
     5ec:	91 05       	cpc	r25, r1
     5ee:	a1 05       	cpc	r26, r1
     5f0:	b1 05       	cpc	r27, r1
     5f2:	61 f4       	brne	.+24     	; 0x60c <__mulsf3+0x1ce>
     5f4:	47 fd       	sbrc	r20, 7
     5f6:	0a c0       	rjmp	.+20     	; 0x60c <__mulsf3+0x1ce>
     5f8:	e1 14       	cp	r14, r1
     5fa:	f1 04       	cpc	r15, r1
     5fc:	01 05       	cpc	r16, r1
     5fe:	11 05       	cpc	r17, r1
     600:	29 f0       	breq	.+10     	; 0x60c <__mulsf3+0x1ce>
     602:	40 5c       	subi	r20, 0xC0	; 192
     604:	5f 4f       	sbci	r21, 0xFF	; 255
     606:	6f 4f       	sbci	r22, 0xFF	; 255
     608:	7f 4f       	sbci	r23, 0xFF	; 255
     60a:	40 78       	andi	r20, 0x80	; 128
     60c:	1a 8e       	std	Y+26, r1	; 0x1a
     60e:	fe 17       	cp	r31, r30
     610:	11 f0       	breq	.+4      	; 0x616 <__mulsf3+0x1d8>
     612:	81 e0       	ldi	r24, 0x01	; 1
     614:	8a 8f       	std	Y+26, r24	; 0x1a
     616:	4d 8f       	std	Y+29, r20	; 0x1d
     618:	5e 8f       	std	Y+30, r21	; 0x1e
     61a:	6f 8f       	std	Y+31, r22	; 0x1f
     61c:	78 a3       	std	Y+32, r23	; 0x20
     61e:	83 e0       	ldi	r24, 0x03	; 3
     620:	89 8f       	std	Y+25, r24	; 0x19
     622:	ce 01       	movw	r24, r28
     624:	49 96       	adiw	r24, 0x19	; 25
     626:	0e 94 fd 03 	call	0x7fa	; 0x7fa <__pack_f>
     62a:	a0 96       	adiw	r28, 0x20	; 32
     62c:	e2 e1       	ldi	r30, 0x12	; 18
     62e:	0c 94 b9 15 	jmp	0x2b72	; 0x2b72 <__epilogue_restores__>

00000632 <__gtsf2>:
     632:	a8 e1       	ldi	r26, 0x18	; 24
     634:	b0 e0       	ldi	r27, 0x00	; 0
     636:	ef e1       	ldi	r30, 0x1F	; 31
     638:	f3 e0       	ldi	r31, 0x03	; 3
     63a:	0c 94 a9 15 	jmp	0x2b52	; 0x2b52 <__prologue_saves__+0x18>
     63e:	69 83       	std	Y+1, r22	; 0x01
     640:	7a 83       	std	Y+2, r23	; 0x02
     642:	8b 83       	std	Y+3, r24	; 0x03
     644:	9c 83       	std	Y+4, r25	; 0x04
     646:	2d 83       	std	Y+5, r18	; 0x05
     648:	3e 83       	std	Y+6, r19	; 0x06
     64a:	4f 83       	std	Y+7, r20	; 0x07
     64c:	58 87       	std	Y+8, r21	; 0x08
     64e:	89 e0       	ldi	r24, 0x09	; 9
     650:	e8 2e       	mov	r14, r24
     652:	f1 2c       	mov	r15, r1
     654:	ec 0e       	add	r14, r28
     656:	fd 1e       	adc	r15, r29
     658:	ce 01       	movw	r24, r28
     65a:	01 96       	adiw	r24, 0x01	; 1
     65c:	b7 01       	movw	r22, r14
     65e:	0e 94 d2 04 	call	0x9a4	; 0x9a4 <__unpack_f>
     662:	8e 01       	movw	r16, r28
     664:	0f 5e       	subi	r16, 0xEF	; 239
     666:	1f 4f       	sbci	r17, 0xFF	; 255
     668:	ce 01       	movw	r24, r28
     66a:	05 96       	adiw	r24, 0x05	; 5
     66c:	b8 01       	movw	r22, r16
     66e:	0e 94 d2 04 	call	0x9a4	; 0x9a4 <__unpack_f>
     672:	89 85       	ldd	r24, Y+9	; 0x09
     674:	82 30       	cpi	r24, 0x02	; 2
     676:	40 f0       	brcs	.+16     	; 0x688 <__gtsf2+0x56>
     678:	89 89       	ldd	r24, Y+17	; 0x11
     67a:	82 30       	cpi	r24, 0x02	; 2
     67c:	28 f0       	brcs	.+10     	; 0x688 <__gtsf2+0x56>
     67e:	c7 01       	movw	r24, r14
     680:	b8 01       	movw	r22, r16
     682:	0e 94 4a 05 	call	0xa94	; 0xa94 <__fpcmp_parts_f>
     686:	01 c0       	rjmp	.+2      	; 0x68a <__gtsf2+0x58>
     688:	8f ef       	ldi	r24, 0xFF	; 255
     68a:	68 96       	adiw	r28, 0x18	; 24
     68c:	e6 e0       	ldi	r30, 0x06	; 6
     68e:	0c 94 c5 15 	jmp	0x2b8a	; 0x2b8a <__epilogue_restores__+0x18>

00000692 <__gesf2>:
     692:	a8 e1       	ldi	r26, 0x18	; 24
     694:	b0 e0       	ldi	r27, 0x00	; 0
     696:	ef e4       	ldi	r30, 0x4F	; 79
     698:	f3 e0       	ldi	r31, 0x03	; 3
     69a:	0c 94 a9 15 	jmp	0x2b52	; 0x2b52 <__prologue_saves__+0x18>
     69e:	69 83       	std	Y+1, r22	; 0x01
     6a0:	7a 83       	std	Y+2, r23	; 0x02
     6a2:	8b 83       	std	Y+3, r24	; 0x03
     6a4:	9c 83       	std	Y+4, r25	; 0x04
     6a6:	2d 83       	std	Y+5, r18	; 0x05
     6a8:	3e 83       	std	Y+6, r19	; 0x06
     6aa:	4f 83       	std	Y+7, r20	; 0x07
     6ac:	58 87       	std	Y+8, r21	; 0x08
     6ae:	89 e0       	ldi	r24, 0x09	; 9
     6b0:	e8 2e       	mov	r14, r24
     6b2:	f1 2c       	mov	r15, r1
     6b4:	ec 0e       	add	r14, r28
     6b6:	fd 1e       	adc	r15, r29
     6b8:	ce 01       	movw	r24, r28
     6ba:	01 96       	adiw	r24, 0x01	; 1
     6bc:	b7 01       	movw	r22, r14
     6be:	0e 94 d2 04 	call	0x9a4	; 0x9a4 <__unpack_f>
     6c2:	8e 01       	movw	r16, r28
     6c4:	0f 5e       	subi	r16, 0xEF	; 239
     6c6:	1f 4f       	sbci	r17, 0xFF	; 255
     6c8:	ce 01       	movw	r24, r28
     6ca:	05 96       	adiw	r24, 0x05	; 5
     6cc:	b8 01       	movw	r22, r16
     6ce:	0e 94 d2 04 	call	0x9a4	; 0x9a4 <__unpack_f>
     6d2:	89 85       	ldd	r24, Y+9	; 0x09
     6d4:	82 30       	cpi	r24, 0x02	; 2
     6d6:	40 f0       	brcs	.+16     	; 0x6e8 <__gesf2+0x56>
     6d8:	89 89       	ldd	r24, Y+17	; 0x11
     6da:	82 30       	cpi	r24, 0x02	; 2
     6dc:	28 f0       	brcs	.+10     	; 0x6e8 <__gesf2+0x56>
     6de:	c7 01       	movw	r24, r14
     6e0:	b8 01       	movw	r22, r16
     6e2:	0e 94 4a 05 	call	0xa94	; 0xa94 <__fpcmp_parts_f>
     6e6:	01 c0       	rjmp	.+2      	; 0x6ea <__gesf2+0x58>
     6e8:	8f ef       	ldi	r24, 0xFF	; 255
     6ea:	68 96       	adiw	r28, 0x18	; 24
     6ec:	e6 e0       	ldi	r30, 0x06	; 6
     6ee:	0c 94 c5 15 	jmp	0x2b8a	; 0x2b8a <__epilogue_restores__+0x18>

000006f2 <__ltsf2>:
     6f2:	a8 e1       	ldi	r26, 0x18	; 24
     6f4:	b0 e0       	ldi	r27, 0x00	; 0
     6f6:	ef e7       	ldi	r30, 0x7F	; 127
     6f8:	f3 e0       	ldi	r31, 0x03	; 3
     6fa:	0c 94 a9 15 	jmp	0x2b52	; 0x2b52 <__prologue_saves__+0x18>
     6fe:	69 83       	std	Y+1, r22	; 0x01
     700:	7a 83       	std	Y+2, r23	; 0x02
     702:	8b 83       	std	Y+3, r24	; 0x03
     704:	9c 83       	std	Y+4, r25	; 0x04
     706:	2d 83       	std	Y+5, r18	; 0x05
     708:	3e 83       	std	Y+6, r19	; 0x06
     70a:	4f 83       	std	Y+7, r20	; 0x07
     70c:	58 87       	std	Y+8, r21	; 0x08
     70e:	89 e0       	ldi	r24, 0x09	; 9
     710:	e8 2e       	mov	r14, r24
     712:	f1 2c       	mov	r15, r1
     714:	ec 0e       	add	r14, r28
     716:	fd 1e       	adc	r15, r29
     718:	ce 01       	movw	r24, r28
     71a:	01 96       	adiw	r24, 0x01	; 1
     71c:	b7 01       	movw	r22, r14
     71e:	0e 94 d2 04 	call	0x9a4	; 0x9a4 <__unpack_f>
     722:	8e 01       	movw	r16, r28
     724:	0f 5e       	subi	r16, 0xEF	; 239
     726:	1f 4f       	sbci	r17, 0xFF	; 255
     728:	ce 01       	movw	r24, r28
     72a:	05 96       	adiw	r24, 0x05	; 5
     72c:	b8 01       	movw	r22, r16
     72e:	0e 94 d2 04 	call	0x9a4	; 0x9a4 <__unpack_f>
     732:	89 85       	ldd	r24, Y+9	; 0x09
     734:	82 30       	cpi	r24, 0x02	; 2
     736:	40 f0       	brcs	.+16     	; 0x748 <__ltsf2+0x56>
     738:	89 89       	ldd	r24, Y+17	; 0x11
     73a:	82 30       	cpi	r24, 0x02	; 2
     73c:	28 f0       	brcs	.+10     	; 0x748 <__ltsf2+0x56>
     73e:	c7 01       	movw	r24, r14
     740:	b8 01       	movw	r22, r16
     742:	0e 94 4a 05 	call	0xa94	; 0xa94 <__fpcmp_parts_f>
     746:	01 c0       	rjmp	.+2      	; 0x74a <__ltsf2+0x58>
     748:	81 e0       	ldi	r24, 0x01	; 1
     74a:	68 96       	adiw	r28, 0x18	; 24
     74c:	e6 e0       	ldi	r30, 0x06	; 6
     74e:	0c 94 c5 15 	jmp	0x2b8a	; 0x2b8a <__epilogue_restores__+0x18>

00000752 <__fixsfsi>:
     752:	ac e0       	ldi	r26, 0x0C	; 12
     754:	b0 e0       	ldi	r27, 0x00	; 0
     756:	ef ea       	ldi	r30, 0xAF	; 175
     758:	f3 e0       	ldi	r31, 0x03	; 3
     75a:	0c 94 ad 15 	jmp	0x2b5a	; 0x2b5a <__prologue_saves__+0x20>
     75e:	69 83       	std	Y+1, r22	; 0x01
     760:	7a 83       	std	Y+2, r23	; 0x02
     762:	8b 83       	std	Y+3, r24	; 0x03
     764:	9c 83       	std	Y+4, r25	; 0x04
     766:	ce 01       	movw	r24, r28
     768:	01 96       	adiw	r24, 0x01	; 1
     76a:	be 01       	movw	r22, r28
     76c:	6b 5f       	subi	r22, 0xFB	; 251
     76e:	7f 4f       	sbci	r23, 0xFF	; 255
     770:	0e 94 d2 04 	call	0x9a4	; 0x9a4 <__unpack_f>
     774:	8d 81       	ldd	r24, Y+5	; 0x05
     776:	82 30       	cpi	r24, 0x02	; 2
     778:	61 f1       	breq	.+88     	; 0x7d2 <__fixsfsi+0x80>
     77a:	82 30       	cpi	r24, 0x02	; 2
     77c:	50 f1       	brcs	.+84     	; 0x7d2 <__fixsfsi+0x80>
     77e:	84 30       	cpi	r24, 0x04	; 4
     780:	21 f4       	brne	.+8      	; 0x78a <__fixsfsi+0x38>
     782:	8e 81       	ldd	r24, Y+6	; 0x06
     784:	88 23       	and	r24, r24
     786:	51 f1       	breq	.+84     	; 0x7dc <__fixsfsi+0x8a>
     788:	2e c0       	rjmp	.+92     	; 0x7e6 <__fixsfsi+0x94>
     78a:	2f 81       	ldd	r18, Y+7	; 0x07
     78c:	38 85       	ldd	r19, Y+8	; 0x08
     78e:	37 fd       	sbrc	r19, 7
     790:	20 c0       	rjmp	.+64     	; 0x7d2 <__fixsfsi+0x80>
     792:	6e 81       	ldd	r22, Y+6	; 0x06
     794:	2f 31       	cpi	r18, 0x1F	; 31
     796:	31 05       	cpc	r19, r1
     798:	1c f0       	brlt	.+6      	; 0x7a0 <__fixsfsi+0x4e>
     79a:	66 23       	and	r22, r22
     79c:	f9 f0       	breq	.+62     	; 0x7dc <__fixsfsi+0x8a>
     79e:	23 c0       	rjmp	.+70     	; 0x7e6 <__fixsfsi+0x94>
     7a0:	8e e1       	ldi	r24, 0x1E	; 30
     7a2:	90 e0       	ldi	r25, 0x00	; 0
     7a4:	82 1b       	sub	r24, r18
     7a6:	93 0b       	sbc	r25, r19
     7a8:	29 85       	ldd	r18, Y+9	; 0x09
     7aa:	3a 85       	ldd	r19, Y+10	; 0x0a
     7ac:	4b 85       	ldd	r20, Y+11	; 0x0b
     7ae:	5c 85       	ldd	r21, Y+12	; 0x0c
     7b0:	04 c0       	rjmp	.+8      	; 0x7ba <__fixsfsi+0x68>
     7b2:	56 95       	lsr	r21
     7b4:	47 95       	ror	r20
     7b6:	37 95       	ror	r19
     7b8:	27 95       	ror	r18
     7ba:	8a 95       	dec	r24
     7bc:	d2 f7       	brpl	.-12     	; 0x7b2 <__fixsfsi+0x60>
     7be:	66 23       	and	r22, r22
     7c0:	b1 f0       	breq	.+44     	; 0x7ee <__fixsfsi+0x9c>
     7c2:	50 95       	com	r21
     7c4:	40 95       	com	r20
     7c6:	30 95       	com	r19
     7c8:	21 95       	neg	r18
     7ca:	3f 4f       	sbci	r19, 0xFF	; 255
     7cc:	4f 4f       	sbci	r20, 0xFF	; 255
     7ce:	5f 4f       	sbci	r21, 0xFF	; 255
     7d0:	0e c0       	rjmp	.+28     	; 0x7ee <__fixsfsi+0x9c>
     7d2:	20 e0       	ldi	r18, 0x00	; 0
     7d4:	30 e0       	ldi	r19, 0x00	; 0
     7d6:	40 e0       	ldi	r20, 0x00	; 0
     7d8:	50 e0       	ldi	r21, 0x00	; 0
     7da:	09 c0       	rjmp	.+18     	; 0x7ee <__fixsfsi+0x9c>
     7dc:	2f ef       	ldi	r18, 0xFF	; 255
     7de:	3f ef       	ldi	r19, 0xFF	; 255
     7e0:	4f ef       	ldi	r20, 0xFF	; 255
     7e2:	5f e7       	ldi	r21, 0x7F	; 127
     7e4:	04 c0       	rjmp	.+8      	; 0x7ee <__fixsfsi+0x9c>
     7e6:	20 e0       	ldi	r18, 0x00	; 0
     7e8:	30 e0       	ldi	r19, 0x00	; 0
     7ea:	40 e0       	ldi	r20, 0x00	; 0
     7ec:	50 e8       	ldi	r21, 0x80	; 128
     7ee:	b9 01       	movw	r22, r18
     7f0:	ca 01       	movw	r24, r20
     7f2:	2c 96       	adiw	r28, 0x0c	; 12
     7f4:	e2 e0       	ldi	r30, 0x02	; 2
     7f6:	0c 94 c9 15 	jmp	0x2b92	; 0x2b92 <__epilogue_restores__+0x20>

000007fa <__pack_f>:
     7fa:	df 92       	push	r13
     7fc:	ef 92       	push	r14
     7fe:	ff 92       	push	r15
     800:	0f 93       	push	r16
     802:	1f 93       	push	r17
     804:	fc 01       	movw	r30, r24
     806:	e4 80       	ldd	r14, Z+4	; 0x04
     808:	f5 80       	ldd	r15, Z+5	; 0x05
     80a:	06 81       	ldd	r16, Z+6	; 0x06
     80c:	17 81       	ldd	r17, Z+7	; 0x07
     80e:	d1 80       	ldd	r13, Z+1	; 0x01
     810:	80 81       	ld	r24, Z
     812:	82 30       	cpi	r24, 0x02	; 2
     814:	48 f4       	brcc	.+18     	; 0x828 <__pack_f+0x2e>
     816:	80 e0       	ldi	r24, 0x00	; 0
     818:	90 e0       	ldi	r25, 0x00	; 0
     81a:	a0 e1       	ldi	r26, 0x10	; 16
     81c:	b0 e0       	ldi	r27, 0x00	; 0
     81e:	e8 2a       	or	r14, r24
     820:	f9 2a       	or	r15, r25
     822:	0a 2b       	or	r16, r26
     824:	1b 2b       	or	r17, r27
     826:	a5 c0       	rjmp	.+330    	; 0x972 <__stack+0x113>
     828:	84 30       	cpi	r24, 0x04	; 4
     82a:	09 f4       	brne	.+2      	; 0x82e <__pack_f+0x34>
     82c:	9f c0       	rjmp	.+318    	; 0x96c <__stack+0x10d>
     82e:	82 30       	cpi	r24, 0x02	; 2
     830:	21 f4       	brne	.+8      	; 0x83a <__pack_f+0x40>
     832:	ee 24       	eor	r14, r14
     834:	ff 24       	eor	r15, r15
     836:	87 01       	movw	r16, r14
     838:	05 c0       	rjmp	.+10     	; 0x844 <__pack_f+0x4a>
     83a:	e1 14       	cp	r14, r1
     83c:	f1 04       	cpc	r15, r1
     83e:	01 05       	cpc	r16, r1
     840:	11 05       	cpc	r17, r1
     842:	19 f4       	brne	.+6      	; 0x84a <__pack_f+0x50>
     844:	e0 e0       	ldi	r30, 0x00	; 0
     846:	f0 e0       	ldi	r31, 0x00	; 0
     848:	96 c0       	rjmp	.+300    	; 0x976 <__stack+0x117>
     84a:	62 81       	ldd	r22, Z+2	; 0x02
     84c:	73 81       	ldd	r23, Z+3	; 0x03
     84e:	9f ef       	ldi	r25, 0xFF	; 255
     850:	62 38       	cpi	r22, 0x82	; 130
     852:	79 07       	cpc	r23, r25
     854:	0c f0       	brlt	.+2      	; 0x858 <__pack_f+0x5e>
     856:	5b c0       	rjmp	.+182    	; 0x90e <__stack+0xaf>
     858:	22 e8       	ldi	r18, 0x82	; 130
     85a:	3f ef       	ldi	r19, 0xFF	; 255
     85c:	26 1b       	sub	r18, r22
     85e:	37 0b       	sbc	r19, r23
     860:	2a 31       	cpi	r18, 0x1A	; 26
     862:	31 05       	cpc	r19, r1
     864:	2c f0       	brlt	.+10     	; 0x870 <__stack+0x11>
     866:	20 e0       	ldi	r18, 0x00	; 0
     868:	30 e0       	ldi	r19, 0x00	; 0
     86a:	40 e0       	ldi	r20, 0x00	; 0
     86c:	50 e0       	ldi	r21, 0x00	; 0
     86e:	2a c0       	rjmp	.+84     	; 0x8c4 <__stack+0x65>
     870:	b8 01       	movw	r22, r16
     872:	a7 01       	movw	r20, r14
     874:	02 2e       	mov	r0, r18
     876:	04 c0       	rjmp	.+8      	; 0x880 <__stack+0x21>
     878:	76 95       	lsr	r23
     87a:	67 95       	ror	r22
     87c:	57 95       	ror	r21
     87e:	47 95       	ror	r20
     880:	0a 94       	dec	r0
     882:	d2 f7       	brpl	.-12     	; 0x878 <__stack+0x19>
     884:	81 e0       	ldi	r24, 0x01	; 1
     886:	90 e0       	ldi	r25, 0x00	; 0
     888:	a0 e0       	ldi	r26, 0x00	; 0
     88a:	b0 e0       	ldi	r27, 0x00	; 0
     88c:	04 c0       	rjmp	.+8      	; 0x896 <__stack+0x37>
     88e:	88 0f       	add	r24, r24
     890:	99 1f       	adc	r25, r25
     892:	aa 1f       	adc	r26, r26
     894:	bb 1f       	adc	r27, r27
     896:	2a 95       	dec	r18
     898:	d2 f7       	brpl	.-12     	; 0x88e <__stack+0x2f>
     89a:	01 97       	sbiw	r24, 0x01	; 1
     89c:	a1 09       	sbc	r26, r1
     89e:	b1 09       	sbc	r27, r1
     8a0:	8e 21       	and	r24, r14
     8a2:	9f 21       	and	r25, r15
     8a4:	a0 23       	and	r26, r16
     8a6:	b1 23       	and	r27, r17
     8a8:	00 97       	sbiw	r24, 0x00	; 0
     8aa:	a1 05       	cpc	r26, r1
     8ac:	b1 05       	cpc	r27, r1
     8ae:	21 f0       	breq	.+8      	; 0x8b8 <__stack+0x59>
     8b0:	81 e0       	ldi	r24, 0x01	; 1
     8b2:	90 e0       	ldi	r25, 0x00	; 0
     8b4:	a0 e0       	ldi	r26, 0x00	; 0
     8b6:	b0 e0       	ldi	r27, 0x00	; 0
     8b8:	9a 01       	movw	r18, r20
     8ba:	ab 01       	movw	r20, r22
     8bc:	28 2b       	or	r18, r24
     8be:	39 2b       	or	r19, r25
     8c0:	4a 2b       	or	r20, r26
     8c2:	5b 2b       	or	r21, r27
     8c4:	da 01       	movw	r26, r20
     8c6:	c9 01       	movw	r24, r18
     8c8:	8f 77       	andi	r24, 0x7F	; 127
     8ca:	90 70       	andi	r25, 0x00	; 0
     8cc:	a0 70       	andi	r26, 0x00	; 0
     8ce:	b0 70       	andi	r27, 0x00	; 0
     8d0:	80 34       	cpi	r24, 0x40	; 64
     8d2:	91 05       	cpc	r25, r1
     8d4:	a1 05       	cpc	r26, r1
     8d6:	b1 05       	cpc	r27, r1
     8d8:	39 f4       	brne	.+14     	; 0x8e8 <__stack+0x89>
     8da:	27 ff       	sbrs	r18, 7
     8dc:	09 c0       	rjmp	.+18     	; 0x8f0 <__stack+0x91>
     8de:	20 5c       	subi	r18, 0xC0	; 192
     8e0:	3f 4f       	sbci	r19, 0xFF	; 255
     8e2:	4f 4f       	sbci	r20, 0xFF	; 255
     8e4:	5f 4f       	sbci	r21, 0xFF	; 255
     8e6:	04 c0       	rjmp	.+8      	; 0x8f0 <__stack+0x91>
     8e8:	21 5c       	subi	r18, 0xC1	; 193
     8ea:	3f 4f       	sbci	r19, 0xFF	; 255
     8ec:	4f 4f       	sbci	r20, 0xFF	; 255
     8ee:	5f 4f       	sbci	r21, 0xFF	; 255
     8f0:	e0 e0       	ldi	r30, 0x00	; 0
     8f2:	f0 e0       	ldi	r31, 0x00	; 0
     8f4:	20 30       	cpi	r18, 0x00	; 0
     8f6:	a0 e0       	ldi	r26, 0x00	; 0
     8f8:	3a 07       	cpc	r19, r26
     8fa:	a0 e0       	ldi	r26, 0x00	; 0
     8fc:	4a 07       	cpc	r20, r26
     8fe:	a0 e4       	ldi	r26, 0x40	; 64
     900:	5a 07       	cpc	r21, r26
     902:	10 f0       	brcs	.+4      	; 0x908 <__stack+0xa9>
     904:	e1 e0       	ldi	r30, 0x01	; 1
     906:	f0 e0       	ldi	r31, 0x00	; 0
     908:	79 01       	movw	r14, r18
     90a:	8a 01       	movw	r16, r20
     90c:	27 c0       	rjmp	.+78     	; 0x95c <__stack+0xfd>
     90e:	60 38       	cpi	r22, 0x80	; 128
     910:	71 05       	cpc	r23, r1
     912:	64 f5       	brge	.+88     	; 0x96c <__stack+0x10d>
     914:	fb 01       	movw	r30, r22
     916:	e1 58       	subi	r30, 0x81	; 129
     918:	ff 4f       	sbci	r31, 0xFF	; 255
     91a:	d8 01       	movw	r26, r16
     91c:	c7 01       	movw	r24, r14
     91e:	8f 77       	andi	r24, 0x7F	; 127
     920:	90 70       	andi	r25, 0x00	; 0
     922:	a0 70       	andi	r26, 0x00	; 0
     924:	b0 70       	andi	r27, 0x00	; 0
     926:	80 34       	cpi	r24, 0x40	; 64
     928:	91 05       	cpc	r25, r1
     92a:	a1 05       	cpc	r26, r1
     92c:	b1 05       	cpc	r27, r1
     92e:	39 f4       	brne	.+14     	; 0x93e <__stack+0xdf>
     930:	e7 fe       	sbrs	r14, 7
     932:	0d c0       	rjmp	.+26     	; 0x94e <__stack+0xef>
     934:	80 e4       	ldi	r24, 0x40	; 64
     936:	90 e0       	ldi	r25, 0x00	; 0
     938:	a0 e0       	ldi	r26, 0x00	; 0
     93a:	b0 e0       	ldi	r27, 0x00	; 0
     93c:	04 c0       	rjmp	.+8      	; 0x946 <__stack+0xe7>
     93e:	8f e3       	ldi	r24, 0x3F	; 63
     940:	90 e0       	ldi	r25, 0x00	; 0
     942:	a0 e0       	ldi	r26, 0x00	; 0
     944:	b0 e0       	ldi	r27, 0x00	; 0
     946:	e8 0e       	add	r14, r24
     948:	f9 1e       	adc	r15, r25
     94a:	0a 1f       	adc	r16, r26
     94c:	1b 1f       	adc	r17, r27
     94e:	17 ff       	sbrs	r17, 7
     950:	05 c0       	rjmp	.+10     	; 0x95c <__stack+0xfd>
     952:	16 95       	lsr	r17
     954:	07 95       	ror	r16
     956:	f7 94       	ror	r15
     958:	e7 94       	ror	r14
     95a:	31 96       	adiw	r30, 0x01	; 1
     95c:	87 e0       	ldi	r24, 0x07	; 7
     95e:	16 95       	lsr	r17
     960:	07 95       	ror	r16
     962:	f7 94       	ror	r15
     964:	e7 94       	ror	r14
     966:	8a 95       	dec	r24
     968:	d1 f7       	brne	.-12     	; 0x95e <__stack+0xff>
     96a:	05 c0       	rjmp	.+10     	; 0x976 <__stack+0x117>
     96c:	ee 24       	eor	r14, r14
     96e:	ff 24       	eor	r15, r15
     970:	87 01       	movw	r16, r14
     972:	ef ef       	ldi	r30, 0xFF	; 255
     974:	f0 e0       	ldi	r31, 0x00	; 0
     976:	6e 2f       	mov	r22, r30
     978:	67 95       	ror	r22
     97a:	66 27       	eor	r22, r22
     97c:	67 95       	ror	r22
     97e:	90 2f       	mov	r25, r16
     980:	9f 77       	andi	r25, 0x7F	; 127
     982:	d7 94       	ror	r13
     984:	dd 24       	eor	r13, r13
     986:	d7 94       	ror	r13
     988:	8e 2f       	mov	r24, r30
     98a:	86 95       	lsr	r24
     98c:	49 2f       	mov	r20, r25
     98e:	46 2b       	or	r20, r22
     990:	58 2f       	mov	r21, r24
     992:	5d 29       	or	r21, r13
     994:	b7 01       	movw	r22, r14
     996:	ca 01       	movw	r24, r20
     998:	1f 91       	pop	r17
     99a:	0f 91       	pop	r16
     99c:	ff 90       	pop	r15
     99e:	ef 90       	pop	r14
     9a0:	df 90       	pop	r13
     9a2:	08 95       	ret

000009a4 <__unpack_f>:
     9a4:	fc 01       	movw	r30, r24
     9a6:	db 01       	movw	r26, r22
     9a8:	40 81       	ld	r20, Z
     9aa:	51 81       	ldd	r21, Z+1	; 0x01
     9ac:	22 81       	ldd	r18, Z+2	; 0x02
     9ae:	62 2f       	mov	r22, r18
     9b0:	6f 77       	andi	r22, 0x7F	; 127
     9b2:	70 e0       	ldi	r23, 0x00	; 0
     9b4:	22 1f       	adc	r18, r18
     9b6:	22 27       	eor	r18, r18
     9b8:	22 1f       	adc	r18, r18
     9ba:	93 81       	ldd	r25, Z+3	; 0x03
     9bc:	89 2f       	mov	r24, r25
     9be:	88 0f       	add	r24, r24
     9c0:	82 2b       	or	r24, r18
     9c2:	28 2f       	mov	r18, r24
     9c4:	30 e0       	ldi	r19, 0x00	; 0
     9c6:	99 1f       	adc	r25, r25
     9c8:	99 27       	eor	r25, r25
     9ca:	99 1f       	adc	r25, r25
     9cc:	11 96       	adiw	r26, 0x01	; 1
     9ce:	9c 93       	st	X, r25
     9d0:	11 97       	sbiw	r26, 0x01	; 1
     9d2:	21 15       	cp	r18, r1
     9d4:	31 05       	cpc	r19, r1
     9d6:	a9 f5       	brne	.+106    	; 0xa42 <__unpack_f+0x9e>
     9d8:	41 15       	cp	r20, r1
     9da:	51 05       	cpc	r21, r1
     9dc:	61 05       	cpc	r22, r1
     9de:	71 05       	cpc	r23, r1
     9e0:	11 f4       	brne	.+4      	; 0x9e6 <__unpack_f+0x42>
     9e2:	82 e0       	ldi	r24, 0x02	; 2
     9e4:	37 c0       	rjmp	.+110    	; 0xa54 <__unpack_f+0xb0>
     9e6:	82 e8       	ldi	r24, 0x82	; 130
     9e8:	9f ef       	ldi	r25, 0xFF	; 255
     9ea:	13 96       	adiw	r26, 0x03	; 3
     9ec:	9c 93       	st	X, r25
     9ee:	8e 93       	st	-X, r24
     9f0:	12 97       	sbiw	r26, 0x02	; 2
     9f2:	9a 01       	movw	r18, r20
     9f4:	ab 01       	movw	r20, r22
     9f6:	67 e0       	ldi	r22, 0x07	; 7
     9f8:	22 0f       	add	r18, r18
     9fa:	33 1f       	adc	r19, r19
     9fc:	44 1f       	adc	r20, r20
     9fe:	55 1f       	adc	r21, r21
     a00:	6a 95       	dec	r22
     a02:	d1 f7       	brne	.-12     	; 0x9f8 <__unpack_f+0x54>
     a04:	83 e0       	ldi	r24, 0x03	; 3
     a06:	8c 93       	st	X, r24
     a08:	0d c0       	rjmp	.+26     	; 0xa24 <__unpack_f+0x80>
     a0a:	22 0f       	add	r18, r18
     a0c:	33 1f       	adc	r19, r19
     a0e:	44 1f       	adc	r20, r20
     a10:	55 1f       	adc	r21, r21
     a12:	12 96       	adiw	r26, 0x02	; 2
     a14:	8d 91       	ld	r24, X+
     a16:	9c 91       	ld	r25, X
     a18:	13 97       	sbiw	r26, 0x03	; 3
     a1a:	01 97       	sbiw	r24, 0x01	; 1
     a1c:	13 96       	adiw	r26, 0x03	; 3
     a1e:	9c 93       	st	X, r25
     a20:	8e 93       	st	-X, r24
     a22:	12 97       	sbiw	r26, 0x02	; 2
     a24:	20 30       	cpi	r18, 0x00	; 0
     a26:	80 e0       	ldi	r24, 0x00	; 0
     a28:	38 07       	cpc	r19, r24
     a2a:	80 e0       	ldi	r24, 0x00	; 0
     a2c:	48 07       	cpc	r20, r24
     a2e:	80 e4       	ldi	r24, 0x40	; 64
     a30:	58 07       	cpc	r21, r24
     a32:	58 f3       	brcs	.-42     	; 0xa0a <__unpack_f+0x66>
     a34:	14 96       	adiw	r26, 0x04	; 4
     a36:	2d 93       	st	X+, r18
     a38:	3d 93       	st	X+, r19
     a3a:	4d 93       	st	X+, r20
     a3c:	5c 93       	st	X, r21
     a3e:	17 97       	sbiw	r26, 0x07	; 7
     a40:	08 95       	ret
     a42:	2f 3f       	cpi	r18, 0xFF	; 255
     a44:	31 05       	cpc	r19, r1
     a46:	79 f4       	brne	.+30     	; 0xa66 <__unpack_f+0xc2>
     a48:	41 15       	cp	r20, r1
     a4a:	51 05       	cpc	r21, r1
     a4c:	61 05       	cpc	r22, r1
     a4e:	71 05       	cpc	r23, r1
     a50:	19 f4       	brne	.+6      	; 0xa58 <__unpack_f+0xb4>
     a52:	84 e0       	ldi	r24, 0x04	; 4
     a54:	8c 93       	st	X, r24
     a56:	08 95       	ret
     a58:	64 ff       	sbrs	r22, 4
     a5a:	03 c0       	rjmp	.+6      	; 0xa62 <__unpack_f+0xbe>
     a5c:	81 e0       	ldi	r24, 0x01	; 1
     a5e:	8c 93       	st	X, r24
     a60:	12 c0       	rjmp	.+36     	; 0xa86 <__unpack_f+0xe2>
     a62:	1c 92       	st	X, r1
     a64:	10 c0       	rjmp	.+32     	; 0xa86 <__unpack_f+0xe2>
     a66:	2f 57       	subi	r18, 0x7F	; 127
     a68:	30 40       	sbci	r19, 0x00	; 0
     a6a:	13 96       	adiw	r26, 0x03	; 3
     a6c:	3c 93       	st	X, r19
     a6e:	2e 93       	st	-X, r18
     a70:	12 97       	sbiw	r26, 0x02	; 2
     a72:	83 e0       	ldi	r24, 0x03	; 3
     a74:	8c 93       	st	X, r24
     a76:	87 e0       	ldi	r24, 0x07	; 7
     a78:	44 0f       	add	r20, r20
     a7a:	55 1f       	adc	r21, r21
     a7c:	66 1f       	adc	r22, r22
     a7e:	77 1f       	adc	r23, r23
     a80:	8a 95       	dec	r24
     a82:	d1 f7       	brne	.-12     	; 0xa78 <__unpack_f+0xd4>
     a84:	70 64       	ori	r23, 0x40	; 64
     a86:	14 96       	adiw	r26, 0x04	; 4
     a88:	4d 93       	st	X+, r20
     a8a:	5d 93       	st	X+, r21
     a8c:	6d 93       	st	X+, r22
     a8e:	7c 93       	st	X, r23
     a90:	17 97       	sbiw	r26, 0x07	; 7
     a92:	08 95       	ret

00000a94 <__fpcmp_parts_f>:
     a94:	1f 93       	push	r17
     a96:	dc 01       	movw	r26, r24
     a98:	fb 01       	movw	r30, r22
     a9a:	9c 91       	ld	r25, X
     a9c:	92 30       	cpi	r25, 0x02	; 2
     a9e:	08 f4       	brcc	.+2      	; 0xaa2 <__fpcmp_parts_f+0xe>
     aa0:	47 c0       	rjmp	.+142    	; 0xb30 <__fpcmp_parts_f+0x9c>
     aa2:	80 81       	ld	r24, Z
     aa4:	82 30       	cpi	r24, 0x02	; 2
     aa6:	08 f4       	brcc	.+2      	; 0xaaa <__fpcmp_parts_f+0x16>
     aa8:	43 c0       	rjmp	.+134    	; 0xb30 <__fpcmp_parts_f+0x9c>
     aaa:	94 30       	cpi	r25, 0x04	; 4
     aac:	51 f4       	brne	.+20     	; 0xac2 <__fpcmp_parts_f+0x2e>
     aae:	11 96       	adiw	r26, 0x01	; 1
     ab0:	1c 91       	ld	r17, X
     ab2:	84 30       	cpi	r24, 0x04	; 4
     ab4:	99 f5       	brne	.+102    	; 0xb1c <__fpcmp_parts_f+0x88>
     ab6:	81 81       	ldd	r24, Z+1	; 0x01
     ab8:	68 2f       	mov	r22, r24
     aba:	70 e0       	ldi	r23, 0x00	; 0
     abc:	61 1b       	sub	r22, r17
     abe:	71 09       	sbc	r23, r1
     ac0:	3f c0       	rjmp	.+126    	; 0xb40 <__fpcmp_parts_f+0xac>
     ac2:	84 30       	cpi	r24, 0x04	; 4
     ac4:	21 f0       	breq	.+8      	; 0xace <__fpcmp_parts_f+0x3a>
     ac6:	92 30       	cpi	r25, 0x02	; 2
     ac8:	31 f4       	brne	.+12     	; 0xad6 <__fpcmp_parts_f+0x42>
     aca:	82 30       	cpi	r24, 0x02	; 2
     acc:	b9 f1       	breq	.+110    	; 0xb3c <__fpcmp_parts_f+0xa8>
     ace:	81 81       	ldd	r24, Z+1	; 0x01
     ad0:	88 23       	and	r24, r24
     ad2:	89 f1       	breq	.+98     	; 0xb36 <__fpcmp_parts_f+0xa2>
     ad4:	2d c0       	rjmp	.+90     	; 0xb30 <__fpcmp_parts_f+0x9c>
     ad6:	11 96       	adiw	r26, 0x01	; 1
     ad8:	1c 91       	ld	r17, X
     ada:	11 97       	sbiw	r26, 0x01	; 1
     adc:	82 30       	cpi	r24, 0x02	; 2
     ade:	f1 f0       	breq	.+60     	; 0xb1c <__fpcmp_parts_f+0x88>
     ae0:	81 81       	ldd	r24, Z+1	; 0x01
     ae2:	18 17       	cp	r17, r24
     ae4:	d9 f4       	brne	.+54     	; 0xb1c <__fpcmp_parts_f+0x88>
     ae6:	12 96       	adiw	r26, 0x02	; 2
     ae8:	2d 91       	ld	r18, X+
     aea:	3c 91       	ld	r19, X
     aec:	13 97       	sbiw	r26, 0x03	; 3
     aee:	82 81       	ldd	r24, Z+2	; 0x02
     af0:	93 81       	ldd	r25, Z+3	; 0x03
     af2:	82 17       	cp	r24, r18
     af4:	93 07       	cpc	r25, r19
     af6:	94 f0       	brlt	.+36     	; 0xb1c <__fpcmp_parts_f+0x88>
     af8:	28 17       	cp	r18, r24
     afa:	39 07       	cpc	r19, r25
     afc:	bc f0       	brlt	.+46     	; 0xb2c <__fpcmp_parts_f+0x98>
     afe:	14 96       	adiw	r26, 0x04	; 4
     b00:	8d 91       	ld	r24, X+
     b02:	9d 91       	ld	r25, X+
     b04:	0d 90       	ld	r0, X+
     b06:	bc 91       	ld	r27, X
     b08:	a0 2d       	mov	r26, r0
     b0a:	24 81       	ldd	r18, Z+4	; 0x04
     b0c:	35 81       	ldd	r19, Z+5	; 0x05
     b0e:	46 81       	ldd	r20, Z+6	; 0x06
     b10:	57 81       	ldd	r21, Z+7	; 0x07
     b12:	28 17       	cp	r18, r24
     b14:	39 07       	cpc	r19, r25
     b16:	4a 07       	cpc	r20, r26
     b18:	5b 07       	cpc	r21, r27
     b1a:	18 f4       	brcc	.+6      	; 0xb22 <__fpcmp_parts_f+0x8e>
     b1c:	11 23       	and	r17, r17
     b1e:	41 f0       	breq	.+16     	; 0xb30 <__fpcmp_parts_f+0x9c>
     b20:	0a c0       	rjmp	.+20     	; 0xb36 <__fpcmp_parts_f+0xa2>
     b22:	82 17       	cp	r24, r18
     b24:	93 07       	cpc	r25, r19
     b26:	a4 07       	cpc	r26, r20
     b28:	b5 07       	cpc	r27, r21
     b2a:	40 f4       	brcc	.+16     	; 0xb3c <__fpcmp_parts_f+0xa8>
     b2c:	11 23       	and	r17, r17
     b2e:	19 f0       	breq	.+6      	; 0xb36 <__fpcmp_parts_f+0xa2>
     b30:	61 e0       	ldi	r22, 0x01	; 1
     b32:	70 e0       	ldi	r23, 0x00	; 0
     b34:	05 c0       	rjmp	.+10     	; 0xb40 <__fpcmp_parts_f+0xac>
     b36:	6f ef       	ldi	r22, 0xFF	; 255
     b38:	7f ef       	ldi	r23, 0xFF	; 255
     b3a:	02 c0       	rjmp	.+4      	; 0xb40 <__fpcmp_parts_f+0xac>
     b3c:	60 e0       	ldi	r22, 0x00	; 0
     b3e:	70 e0       	ldi	r23, 0x00	; 0
     b40:	cb 01       	movw	r24, r22
     b42:	1f 91       	pop	r17
     b44:	08 95       	ret

00000b46 <main>:
uint8 i;
uint8 g_control=0;
Timer1_ConfigType init_3sec_timer1;

int main(void)
{
     b46:	df 93       	push	r29
     b48:	cf 93       	push	r28
     b4a:	cd b7       	in	r28, 0x3d	; 61
     b4c:	de b7       	in	r29, 0x3e	; 62
     b4e:	66 97       	sbiw	r28, 0x16	; 22
     b50:	0f b6       	in	r0, 0x3f	; 63
     b52:	f8 94       	cli
     b54:	de bf       	out	0x3e, r29	; 62
     b56:	0f be       	out	0x3f, r0	; 63
     b58:	cd bf       	out	0x3d, r28	; 61
	/***********************************initializations*********************************/

	init_3sec_timer1.initial_value=0;
     b5a:	10 92 f9 00 	sts	0x00F9, r1
     b5e:	10 92 f8 00 	sts	0x00F8, r1
	init_3sec_timer1.mode=CTC;
     b62:	84 e0       	ldi	r24, 0x04	; 4
     b64:	80 93 fd 00 	sts	0x00FD, r24
	init_3sec_timer1.prescaler=CLK_1024; /*for frequency 1MHZ...so tick of timer=1msec*/
     b68:	85 e0       	ldi	r24, 0x05	; 5
     b6a:	80 93 fc 00 	sts	0x00FC, r24
	init_3sec_timer1.compare_value=3000;  /*when reach 3 seconds go to callback function (ISR)*/
     b6e:	88 eb       	ldi	r24, 0xB8	; 184
     b70:	9b e0       	ldi	r25, 0x0B	; 11
     b72:	90 93 fb 00 	sts	0x00FB, r25
     b76:	80 93 fa 00 	sts	0x00FA, r24
	Timer1_setCallBack(callback_set_time); /*set (callback_set_time()) as a callback of timer  */
     b7a:	8c eb       	ldi	r24, 0xBC	; 188
     b7c:	99 e0       	ldi	r25, 0x09	; 9
     b7e:	0e 94 1a 14 	call	0x2834	; 0x2834 <Timer1_setCallBack>

	UART_ConfigType init_uart;
	init_uart.bit_data=DATA_8;
     b82:	83 e0       	ldi	r24, 0x03	; 3
     b84:	8f 87       	std	Y+15, r24	; 0x0f
	init_uart.baud_rate.mode=DOUBLE_SPEED_MODE;
     b86:	81 e0       	ldi	r24, 0x01	; 1
     b88:	89 8b       	std	Y+17, r24	; 0x11
	init_uart.baud_rate.speed=9600;
     b8a:	80 e8       	ldi	r24, 0x80	; 128
     b8c:	95 e2       	ldi	r25, 0x25	; 37
     b8e:	a0 e0       	ldi	r26, 0x00	; 0
     b90:	b0 e0       	ldi	r27, 0x00	; 0
     b92:	8a 8b       	std	Y+18, r24	; 0x12
     b94:	9b 8b       	std	Y+19, r25	; 0x13
     b96:	ac 8b       	std	Y+20, r26	; 0x14
     b98:	bd 8b       	std	Y+21, r27	; 0x15
	init_uart.parity=DISABLED;
     b9a:	18 8a       	std	Y+16, r1	; 0x10
	init_uart.stop_bit=ONE_STOP_BIT;
     b9c:	1e 8a       	std	Y+22, r1	; 0x16
	UART_init(&init_uart);
     b9e:	ce 01       	movw	r24, r28
     ba0:	0f 96       	adiw	r24, 0x0f	; 15
     ba2:	0e 94 2c 14 	call	0x2858	; 0x2858 <UART_init>
	LCD_init();
     ba6:	0e 94 2f 0e 	call	0x1c5e	; 0x1c5e <LCD_init>
	SREG|=(1<<7);
     baa:	af e5       	ldi	r26, 0x5F	; 95
     bac:	b0 e0       	ldi	r27, 0x00	; 0
     bae:	ef e5       	ldi	r30, 0x5F	; 95
     bb0:	f0 e0       	ldi	r31, 0x00	; 0
     bb2:	80 81       	ld	r24, Z
     bb4:	80 68       	ori	r24, 0x80	; 128
     bb6:	8c 93       	st	X, r24

	/**********************************main program logic*********************************/

	enter_and_send_pass();
     bb8:	0e 94 91 06 	call	0xd22	; 0xd22 <enter_and_send_pass>
	re_enter_and_send_pass();
     bbc:	0e 94 52 07 	call	0xea4	; 0xea4 <re_enter_and_send_pass>

	while(UART_recieveByte() != (CONTROL_ready)){} /*polling to receive from control */
     bc0:	0e 94 00 15 	call	0x2a00	; 0x2a00 <UART_recieveByte>
     bc4:	82 30       	cpi	r24, 0x02	; 2
     bc6:	e1 f7       	brne	.-8      	; 0xbc0 <main+0x7a>
	UART_sendByte(HMI_ready);
     bc8:	81 e0       	ldi	r24, 0x01	; 1
     bca:	0e 94 e9 14 	call	0x29d2	; 0x29d2 <UART_sendByte>
     bce:	0d c0       	rjmp	.+26     	; 0xbea <main+0xa4>
	while(UART_recieveByte()==COMPARE_FALSE) /*polling to check the 2 passwords are the same*/
	{
		LCD_clearScreen();
     bd0:	0e 94 50 13 	call	0x26a0	; 0x26a0 <LCD_clearScreen>
		enter_and_send_pass();
     bd4:	0e 94 91 06 	call	0xd22	; 0xd22 <enter_and_send_pass>
		re_enter_and_send_pass();
     bd8:	0e 94 52 07 	call	0xea4	; 0xea4 <re_enter_and_send_pass>
		while(UART_recieveByte() != (CONTROL_ready)){} /*polling to receive from control */
     bdc:	0e 94 00 15 	call	0x2a00	; 0x2a00 <UART_recieveByte>
     be0:	82 30       	cpi	r24, 0x02	; 2
     be2:	e1 f7       	brne	.-8      	; 0xbdc <main+0x96>
		UART_sendByte(HMI_ready);
     be4:	81 e0       	ldi	r24, 0x01	; 1
     be6:	0e 94 e9 14 	call	0x29d2	; 0x29d2 <UART_sendByte>
	enter_and_send_pass();
	re_enter_and_send_pass();

	while(UART_recieveByte() != (CONTROL_ready)){} /*polling to receive from control */
	UART_sendByte(HMI_ready);
	while(UART_recieveByte()==COMPARE_FALSE) /*polling to check the 2 passwords are the same*/
     bea:	0e 94 00 15 	call	0x2a00	; 0x2a00 <UART_recieveByte>
     bee:	83 30       	cpi	r24, 0x03	; 3
     bf0:	79 f3       	breq	.-34     	; 0xbd0 <main+0x8a>
		UART_sendByte(HMI_ready);
	}
	/*till here we sure that the 2 passwords entered by the user are the same*/
	while(1)
	{
		LCD_clearScreen();
     bf2:	0e 94 50 13 	call	0x26a0	; 0x26a0 <LCD_clearScreen>
		while(UART_recieveByte() != (CONTROL_ready)){} /*polling to receive from control */
     bf6:	0e 94 00 15 	call	0x2a00	; 0x2a00 <UART_recieveByte>
     bfa:	82 30       	cpi	r24, 0x02	; 2
     bfc:	e1 f7       	brne	.-8      	; 0xbf6 <main+0xb0>
		while(UART_recieveByte()!=PRINT_OPTIONS){}
     bfe:	0e 94 00 15 	call	0x2a00	; 0x2a00 <UART_recieveByte>
     c02:	84 30       	cpi	r24, 0x04	; 4
     c04:	e1 f7       	brne	.-8      	; 0xbfe <main+0xb8>
		if(print_options_and_check()==change_pass)/*if user wants to change pass */
     c06:	0e 94 17 08 	call	0x102e	; 0x102e <print_options_and_check>
     c0a:	88 23       	and	r24, r24
     c0c:	91 f7       	brne	.-28     	; 0xbf2 <main+0xac>
		{
			enter_and_send_pass();
     c0e:	0e 94 91 06 	call	0xd22	; 0xd22 <enter_and_send_pass>
			re_enter_and_send_pass();
     c12:	0e 94 52 07 	call	0xea4	; 0xea4 <re_enter_and_send_pass>

			while(UART_recieveByte() != (CONTROL_ready)){} /*polling to receive from control */
     c16:	0e 94 00 15 	call	0x2a00	; 0x2a00 <UART_recieveByte>
     c1a:	82 30       	cpi	r24, 0x02	; 2
     c1c:	e1 f7       	brne	.-8      	; 0xc16 <main+0xd0>
			UART_sendByte(HMI_ready);
     c1e:	81 e0       	ldi	r24, 0x01	; 1
     c20:	0e 94 e9 14 	call	0x29d2	; 0x29d2 <UART_sendByte>
     c24:	78 c0       	rjmp	.+240    	; 0xd16 <main+0x1d0>
			while(UART_recieveByte()==COMPARE_FALSE) /*polling to check the 2 passwords are the same*/
			{
				LCD_clearScreen();
     c26:	0e 94 50 13 	call	0x26a0	; 0x26a0 <LCD_clearScreen>
				enter_and_send_pass();
     c2a:	0e 94 91 06 	call	0xd22	; 0xd22 <enter_and_send_pass>
     c2e:	80 e0       	ldi	r24, 0x00	; 0
     c30:	90 e0       	ldi	r25, 0x00	; 0
     c32:	aa ef       	ldi	r26, 0xFA	; 250
     c34:	b3 e4       	ldi	r27, 0x43	; 67
     c36:	8b 87       	std	Y+11, r24	; 0x0b
     c38:	9c 87       	std	Y+12, r25	; 0x0c
     c3a:	ad 87       	std	Y+13, r26	; 0x0d
     c3c:	be 87       	std	Y+14, r27	; 0x0e
 */
void
_delay_ms(double __ms)
{
	uint16_t __ticks;
	double __tmp = ((F_CPU) / 4e3) * __ms;
     c3e:	6b 85       	ldd	r22, Y+11	; 0x0b
     c40:	7c 85       	ldd	r23, Y+12	; 0x0c
     c42:	8d 85       	ldd	r24, Y+13	; 0x0d
     c44:	9e 85       	ldd	r25, Y+14	; 0x0e
     c46:	20 e0       	ldi	r18, 0x00	; 0
     c48:	30 e0       	ldi	r19, 0x00	; 0
     c4a:	4a e7       	ldi	r20, 0x7A	; 122
     c4c:	53 e4       	ldi	r21, 0x43	; 67
     c4e:	0e 94 1f 02 	call	0x43e	; 0x43e <__mulsf3>
     c52:	dc 01       	movw	r26, r24
     c54:	cb 01       	movw	r24, r22
     c56:	8f 83       	std	Y+7, r24	; 0x07
     c58:	98 87       	std	Y+8, r25	; 0x08
     c5a:	a9 87       	std	Y+9, r26	; 0x09
     c5c:	ba 87       	std	Y+10, r27	; 0x0a
	if (__tmp < 1.0)
     c5e:	6f 81       	ldd	r22, Y+7	; 0x07
     c60:	78 85       	ldd	r23, Y+8	; 0x08
     c62:	89 85       	ldd	r24, Y+9	; 0x09
     c64:	9a 85       	ldd	r25, Y+10	; 0x0a
     c66:	20 e0       	ldi	r18, 0x00	; 0
     c68:	30 e0       	ldi	r19, 0x00	; 0
     c6a:	40 e8       	ldi	r20, 0x80	; 128
     c6c:	5f e3       	ldi	r21, 0x3F	; 63
     c6e:	0e 94 79 03 	call	0x6f2	; 0x6f2 <__ltsf2>
     c72:	88 23       	and	r24, r24
     c74:	2c f4       	brge	.+10     	; 0xc80 <main+0x13a>
		__ticks = 1;
     c76:	81 e0       	ldi	r24, 0x01	; 1
     c78:	90 e0       	ldi	r25, 0x00	; 0
     c7a:	9e 83       	std	Y+6, r25	; 0x06
     c7c:	8d 83       	std	Y+5, r24	; 0x05
     c7e:	3f c0       	rjmp	.+126    	; 0xcfe <main+0x1b8>
	else if (__tmp > 65535)
     c80:	6f 81       	ldd	r22, Y+7	; 0x07
     c82:	78 85       	ldd	r23, Y+8	; 0x08
     c84:	89 85       	ldd	r24, Y+9	; 0x09
     c86:	9a 85       	ldd	r25, Y+10	; 0x0a
     c88:	20 e0       	ldi	r18, 0x00	; 0
     c8a:	3f ef       	ldi	r19, 0xFF	; 255
     c8c:	4f e7       	ldi	r20, 0x7F	; 127
     c8e:	57 e4       	ldi	r21, 0x47	; 71
     c90:	0e 94 19 03 	call	0x632	; 0x632 <__gtsf2>
     c94:	18 16       	cp	r1, r24
     c96:	4c f5       	brge	.+82     	; 0xcea <main+0x1a4>
	{
		//	__ticks = requested delay in 1/10 ms
		__ticks = (uint16_t) (__ms * 10.0);
     c98:	6b 85       	ldd	r22, Y+11	; 0x0b
     c9a:	7c 85       	ldd	r23, Y+12	; 0x0c
     c9c:	8d 85       	ldd	r24, Y+13	; 0x0d
     c9e:	9e 85       	ldd	r25, Y+14	; 0x0e
     ca0:	20 e0       	ldi	r18, 0x00	; 0
     ca2:	30 e0       	ldi	r19, 0x00	; 0
     ca4:	40 e2       	ldi	r20, 0x20	; 32
     ca6:	51 e4       	ldi	r21, 0x41	; 65
     ca8:	0e 94 1f 02 	call	0x43e	; 0x43e <__mulsf3>
     cac:	dc 01       	movw	r26, r24
     cae:	cb 01       	movw	r24, r22
     cb0:	bc 01       	movw	r22, r24
     cb2:	cd 01       	movw	r24, r26
     cb4:	0e 94 49 00 	call	0x92	; 0x92 <__fixunssfsi>
     cb8:	dc 01       	movw	r26, r24
     cba:	cb 01       	movw	r24, r22
     cbc:	9e 83       	std	Y+6, r25	; 0x06
     cbe:	8d 83       	std	Y+5, r24	; 0x05
     cc0:	0f c0       	rjmp	.+30     	; 0xce0 <main+0x19a>
     cc2:	89 e1       	ldi	r24, 0x19	; 25
     cc4:	90 e0       	ldi	r25, 0x00	; 0
     cc6:	9c 83       	std	Y+4, r25	; 0x04
     cc8:	8b 83       	std	Y+3, r24	; 0x03
    milliseconds can be achieved.
 */
void
_delay_loop_2(uint16_t __count)
{
	__asm__ volatile (
     cca:	8b 81       	ldd	r24, Y+3	; 0x03
     ccc:	9c 81       	ldd	r25, Y+4	; 0x04
     cce:	01 97       	sbiw	r24, 0x01	; 1
     cd0:	f1 f7       	brne	.-4      	; 0xcce <main+0x188>
     cd2:	9c 83       	std	Y+4, r25	; 0x04
     cd4:	8b 83       	std	Y+3, r24	; 0x03
		while(__ticks)
		{
			// wait 1/10 ms
			_delay_loop_2(((F_CPU) / 4e3) / 10);
			__ticks --;
     cd6:	8d 81       	ldd	r24, Y+5	; 0x05
     cd8:	9e 81       	ldd	r25, Y+6	; 0x06
     cda:	01 97       	sbiw	r24, 0x01	; 1
     cdc:	9e 83       	std	Y+6, r25	; 0x06
     cde:	8d 83       	std	Y+5, r24	; 0x05
		__ticks = 1;
	else if (__tmp > 65535)
	{
		//	__ticks = requested delay in 1/10 ms
		__ticks = (uint16_t) (__ms * 10.0);
		while(__ticks)
     ce0:	8d 81       	ldd	r24, Y+5	; 0x05
     ce2:	9e 81       	ldd	r25, Y+6	; 0x06
     ce4:	00 97       	sbiw	r24, 0x00	; 0
     ce6:	69 f7       	brne	.-38     	; 0xcc2 <main+0x17c>
     ce8:	14 c0       	rjmp	.+40     	; 0xd12 <main+0x1cc>
			__ticks --;
		}
		return;
	}
	else
		__ticks = (uint16_t)__tmp;
     cea:	6f 81       	ldd	r22, Y+7	; 0x07
     cec:	78 85       	ldd	r23, Y+8	; 0x08
     cee:	89 85       	ldd	r24, Y+9	; 0x09
     cf0:	9a 85       	ldd	r25, Y+10	; 0x0a
     cf2:	0e 94 49 00 	call	0x92	; 0x92 <__fixunssfsi>
     cf6:	dc 01       	movw	r26, r24
     cf8:	cb 01       	movw	r24, r22
     cfa:	9e 83       	std	Y+6, r25	; 0x06
     cfc:	8d 83       	std	Y+5, r24	; 0x05
     cfe:	8d 81       	ldd	r24, Y+5	; 0x05
     d00:	9e 81       	ldd	r25, Y+6	; 0x06
     d02:	9a 83       	std	Y+2, r25	; 0x02
     d04:	89 83       	std	Y+1, r24	; 0x01
     d06:	89 81       	ldd	r24, Y+1	; 0x01
     d08:	9a 81       	ldd	r25, Y+2	; 0x02
     d0a:	01 97       	sbiw	r24, 0x01	; 1
     d0c:	f1 f7       	brne	.-4      	; 0xd0a <main+0x1c4>
     d0e:	9a 83       	std	Y+2, r25	; 0x02
     d10:	89 83       	std	Y+1, r24	; 0x01
				_delay_ms(500);
				re_enter_and_send_pass();
     d12:	0e 94 52 07 	call	0xea4	; 0xea4 <re_enter_and_send_pass>
			enter_and_send_pass();
			re_enter_and_send_pass();

			while(UART_recieveByte() != (CONTROL_ready)){} /*polling to receive from control */
			UART_sendByte(HMI_ready);
			while(UART_recieveByte()==COMPARE_FALSE) /*polling to check the 2 passwords are the same*/
     d16:	0e 94 00 15 	call	0x2a00	; 0x2a00 <UART_recieveByte>
     d1a:	83 30       	cpi	r24, 0x03	; 3
     d1c:	09 f4       	brne	.+2      	; 0xd20 <main+0x1da>
     d1e:	83 cf       	rjmp	.-250    	; 0xc26 <main+0xe0>
     d20:	68 cf       	rjmp	.-304    	; 0xbf2 <main+0xac>

00000d22 <enter_and_send_pass>:

}

/********************************functions implementation**********************************/
void enter_and_send_pass(void)
{
     d22:	df 93       	push	r29
     d24:	cf 93       	push	r28
     d26:	cd b7       	in	r28, 0x3d	; 61
     d28:	de b7       	in	r29, 0x3e	; 62
     d2a:	60 97       	sbiw	r28, 0x10	; 16
     d2c:	0f b6       	in	r0, 0x3f	; 63
     d2e:	f8 94       	cli
     d30:	de bf       	out	0x3e, r29	; 62
     d32:	0f be       	out	0x3f, r0	; 63
     d34:	cd bf       	out	0x3d, r28	; 61
	uint8 i=0,reading;
     d36:	18 8a       	std	Y+16, r1	; 0x10
	LCD_clearScreen();
     d38:	0e 94 50 13 	call	0x26a0	; 0x26a0 <LCD_clearScreen>
	LCD_displayString("plz enter pass:");
     d3c:	80 e6       	ldi	r24, 0x60	; 96
     d3e:	90 e0       	ldi	r25, 0x00	; 0
     d40:	0e 94 a9 12 	call	0x2552	; 0x2552 <LCD_displayString>
     d44:	87 c0       	rjmp	.+270    	; 0xe54 <enter_and_send_pass+0x132>
	while(KEYPAD_getPressedKey()!='=') /*get first pass from user */
	{
		reading=KEYPAD_getPressedKey();
     d46:	0e 94 0c 0d 	call	0x1a18	; 0x1a18 <KEYPAD_getPressedKey>
     d4a:	8f 87       	std	Y+15, r24	; 0x0f
		password1[i]=reading;
     d4c:	88 89       	ldd	r24, Y+16	; 0x10
     d4e:	88 2f       	mov	r24, r24
     d50:	90 e0       	ldi	r25, 0x00	; 0
     d52:	fc 01       	movw	r30, r24
     d54:	ee 50       	subi	r30, 0x0E	; 14
     d56:	ff 4f       	sbci	r31, 0xFF	; 255
     d58:	8f 85       	ldd	r24, Y+15	; 0x0f
     d5a:	80 83       	st	Z, r24
     d5c:	80 e0       	ldi	r24, 0x00	; 0
     d5e:	90 e0       	ldi	r25, 0x00	; 0
     d60:	a6 e9       	ldi	r26, 0x96	; 150
     d62:	b3 e4       	ldi	r27, 0x43	; 67
     d64:	8b 87       	std	Y+11, r24	; 0x0b
     d66:	9c 87       	std	Y+12, r25	; 0x0c
     d68:	ad 87       	std	Y+13, r26	; 0x0d
     d6a:	be 87       	std	Y+14, r27	; 0x0e
 */
void
_delay_ms(double __ms)
{
	uint16_t __ticks;
	double __tmp = ((F_CPU) / 4e3) * __ms;
     d6c:	6b 85       	ldd	r22, Y+11	; 0x0b
     d6e:	7c 85       	ldd	r23, Y+12	; 0x0c
     d70:	8d 85       	ldd	r24, Y+13	; 0x0d
     d72:	9e 85       	ldd	r25, Y+14	; 0x0e
     d74:	20 e0       	ldi	r18, 0x00	; 0
     d76:	30 e0       	ldi	r19, 0x00	; 0
     d78:	4a e7       	ldi	r20, 0x7A	; 122
     d7a:	53 e4       	ldi	r21, 0x43	; 67
     d7c:	0e 94 1f 02 	call	0x43e	; 0x43e <__mulsf3>
     d80:	dc 01       	movw	r26, r24
     d82:	cb 01       	movw	r24, r22
     d84:	8f 83       	std	Y+7, r24	; 0x07
     d86:	98 87       	std	Y+8, r25	; 0x08
     d88:	a9 87       	std	Y+9, r26	; 0x09
     d8a:	ba 87       	std	Y+10, r27	; 0x0a
	if (__tmp < 1.0)
     d8c:	6f 81       	ldd	r22, Y+7	; 0x07
     d8e:	78 85       	ldd	r23, Y+8	; 0x08
     d90:	89 85       	ldd	r24, Y+9	; 0x09
     d92:	9a 85       	ldd	r25, Y+10	; 0x0a
     d94:	20 e0       	ldi	r18, 0x00	; 0
     d96:	30 e0       	ldi	r19, 0x00	; 0
     d98:	40 e8       	ldi	r20, 0x80	; 128
     d9a:	5f e3       	ldi	r21, 0x3F	; 63
     d9c:	0e 94 79 03 	call	0x6f2	; 0x6f2 <__ltsf2>
     da0:	88 23       	and	r24, r24
     da2:	2c f4       	brge	.+10     	; 0xdae <enter_and_send_pass+0x8c>
		__ticks = 1;
     da4:	81 e0       	ldi	r24, 0x01	; 1
     da6:	90 e0       	ldi	r25, 0x00	; 0
     da8:	9e 83       	std	Y+6, r25	; 0x06
     daa:	8d 83       	std	Y+5, r24	; 0x05
     dac:	3f c0       	rjmp	.+126    	; 0xe2c <enter_and_send_pass+0x10a>
	else if (__tmp > 65535)
     dae:	6f 81       	ldd	r22, Y+7	; 0x07
     db0:	78 85       	ldd	r23, Y+8	; 0x08
     db2:	89 85       	ldd	r24, Y+9	; 0x09
     db4:	9a 85       	ldd	r25, Y+10	; 0x0a
     db6:	20 e0       	ldi	r18, 0x00	; 0
     db8:	3f ef       	ldi	r19, 0xFF	; 255
     dba:	4f e7       	ldi	r20, 0x7F	; 127
     dbc:	57 e4       	ldi	r21, 0x47	; 71
     dbe:	0e 94 19 03 	call	0x632	; 0x632 <__gtsf2>
     dc2:	18 16       	cp	r1, r24
     dc4:	4c f5       	brge	.+82     	; 0xe18 <enter_and_send_pass+0xf6>
	{
		//	__ticks = requested delay in 1/10 ms
		__ticks = (uint16_t) (__ms * 10.0);
     dc6:	6b 85       	ldd	r22, Y+11	; 0x0b
     dc8:	7c 85       	ldd	r23, Y+12	; 0x0c
     dca:	8d 85       	ldd	r24, Y+13	; 0x0d
     dcc:	9e 85       	ldd	r25, Y+14	; 0x0e
     dce:	20 e0       	ldi	r18, 0x00	; 0
     dd0:	30 e0       	ldi	r19, 0x00	; 0
     dd2:	40 e2       	ldi	r20, 0x20	; 32
     dd4:	51 e4       	ldi	r21, 0x41	; 65
     dd6:	0e 94 1f 02 	call	0x43e	; 0x43e <__mulsf3>
     dda:	dc 01       	movw	r26, r24
     ddc:	cb 01       	movw	r24, r22
     dde:	bc 01       	movw	r22, r24
     de0:	cd 01       	movw	r24, r26
     de2:	0e 94 49 00 	call	0x92	; 0x92 <__fixunssfsi>
     de6:	dc 01       	movw	r26, r24
     de8:	cb 01       	movw	r24, r22
     dea:	9e 83       	std	Y+6, r25	; 0x06
     dec:	8d 83       	std	Y+5, r24	; 0x05
     dee:	0f c0       	rjmp	.+30     	; 0xe0e <enter_and_send_pass+0xec>
     df0:	89 e1       	ldi	r24, 0x19	; 25
     df2:	90 e0       	ldi	r25, 0x00	; 0
     df4:	9c 83       	std	Y+4, r25	; 0x04
     df6:	8b 83       	std	Y+3, r24	; 0x03
     df8:	8b 81       	ldd	r24, Y+3	; 0x03
     dfa:	9c 81       	ldd	r25, Y+4	; 0x04
     dfc:	01 97       	sbiw	r24, 0x01	; 1
     dfe:	f1 f7       	brne	.-4      	; 0xdfc <enter_and_send_pass+0xda>
     e00:	9c 83       	std	Y+4, r25	; 0x04
     e02:	8b 83       	std	Y+3, r24	; 0x03
		while(__ticks)
		{
			// wait 1/10 ms
			_delay_loop_2(((F_CPU) / 4e3) / 10);
			__ticks --;
     e04:	8d 81       	ldd	r24, Y+5	; 0x05
     e06:	9e 81       	ldd	r25, Y+6	; 0x06
     e08:	01 97       	sbiw	r24, 0x01	; 1
     e0a:	9e 83       	std	Y+6, r25	; 0x06
     e0c:	8d 83       	std	Y+5, r24	; 0x05
		__ticks = 1;
	else if (__tmp > 65535)
	{
		//	__ticks = requested delay in 1/10 ms
		__ticks = (uint16_t) (__ms * 10.0);
		while(__ticks)
     e0e:	8d 81       	ldd	r24, Y+5	; 0x05
     e10:	9e 81       	ldd	r25, Y+6	; 0x06
     e12:	00 97       	sbiw	r24, 0x00	; 0
     e14:	69 f7       	brne	.-38     	; 0xdf0 <enter_and_send_pass+0xce>
     e16:	14 c0       	rjmp	.+40     	; 0xe40 <enter_and_send_pass+0x11e>
			__ticks --;
		}
		return;
	}
	else
		__ticks = (uint16_t)__tmp;
     e18:	6f 81       	ldd	r22, Y+7	; 0x07
     e1a:	78 85       	ldd	r23, Y+8	; 0x08
     e1c:	89 85       	ldd	r24, Y+9	; 0x09
     e1e:	9a 85       	ldd	r25, Y+10	; 0x0a
     e20:	0e 94 49 00 	call	0x92	; 0x92 <__fixunssfsi>
     e24:	dc 01       	movw	r26, r24
     e26:	cb 01       	movw	r24, r22
     e28:	9e 83       	std	Y+6, r25	; 0x06
     e2a:	8d 83       	std	Y+5, r24	; 0x05
     e2c:	8d 81       	ldd	r24, Y+5	; 0x05
     e2e:	9e 81       	ldd	r25, Y+6	; 0x06
     e30:	9a 83       	std	Y+2, r25	; 0x02
     e32:	89 83       	std	Y+1, r24	; 0x01
     e34:	89 81       	ldd	r24, Y+1	; 0x01
     e36:	9a 81       	ldd	r25, Y+2	; 0x02
     e38:	01 97       	sbiw	r24, 0x01	; 1
     e3a:	f1 f7       	brne	.-4      	; 0xe38 <enter_and_send_pass+0x116>
     e3c:	9a 83       	std	Y+2, r25	; 0x02
     e3e:	89 83       	std	Y+1, r24	; 0x01
		_delay_ms(300);
		LCD_moveCursor(1, i);
     e40:	81 e0       	ldi	r24, 0x01	; 1
     e42:	68 89       	ldd	r22, Y+16	; 0x10
     e44:	0e 94 d2 12 	call	0x25a4	; 0x25a4 <LCD_moveCursor>
		LCD_displayCharacter('*');
     e48:	8a e2       	ldi	r24, 0x2A	; 42
     e4a:	0e 94 ba 10 	call	0x2174	; 0x2174 <LCD_displayCharacter>
		i++;
     e4e:	88 89       	ldd	r24, Y+16	; 0x10
     e50:	8f 5f       	subi	r24, 0xFF	; 255
     e52:	88 8b       	std	Y+16, r24	; 0x10
void enter_and_send_pass(void)
{
	uint8 i=0,reading;
	LCD_clearScreen();
	LCD_displayString("plz enter pass:");
	while(KEYPAD_getPressedKey()!='=') /*get first pass from user */
     e54:	0e 94 0c 0d 	call	0x1a18	; 0x1a18 <KEYPAD_getPressedKey>
     e58:	8d 33       	cpi	r24, 0x3D	; 61
     e5a:	09 f0       	breq	.+2      	; 0xe5e <enter_and_send_pass+0x13c>
     e5c:	74 cf       	rjmp	.-280    	; 0xd46 <enter_and_send_pass+0x24>
		LCD_moveCursor(1, i);
		LCD_displayCharacter('*');
		i++;
	}

	LCD_clearScreen();
     e5e:	0e 94 50 13 	call	0x26a0	; 0x26a0 <LCD_clearScreen>
	/*polling to send string to control */
	for(i=0;i<5;i++)
     e62:	18 8a       	std	Y+16, r1	; 0x10
     e64:	13 c0       	rjmp	.+38     	; 0xe8c <enter_and_send_pass+0x16a>
	{
		while(UART_recieveByte() != (CONTROL_ready)){}
     e66:	0e 94 00 15 	call	0x2a00	; 0x2a00 <UART_recieveByte>
     e6a:	82 30       	cpi	r24, 0x02	; 2
     e6c:	e1 f7       	brne	.-8      	; 0xe66 <enter_and_send_pass+0x144>
		UART_sendByte(HMI_ready);
     e6e:	81 e0       	ldi	r24, 0x01	; 1
     e70:	0e 94 e9 14 	call	0x29d2	; 0x29d2 <UART_sendByte>
		UART_sendByte(password1[i]);
     e74:	88 89       	ldd	r24, Y+16	; 0x10
     e76:	88 2f       	mov	r24, r24
     e78:	90 e0       	ldi	r25, 0x00	; 0
     e7a:	fc 01       	movw	r30, r24
     e7c:	ee 50       	subi	r30, 0x0E	; 14
     e7e:	ff 4f       	sbci	r31, 0xFF	; 255
     e80:	80 81       	ld	r24, Z
     e82:	0e 94 e9 14 	call	0x29d2	; 0x29d2 <UART_sendByte>
		i++;
	}

	LCD_clearScreen();
	/*polling to send string to control */
	for(i=0;i<5;i++)
     e86:	88 89       	ldd	r24, Y+16	; 0x10
     e88:	8f 5f       	subi	r24, 0xFF	; 255
     e8a:	88 8b       	std	Y+16, r24	; 0x10
     e8c:	88 89       	ldd	r24, Y+16	; 0x10
     e8e:	85 30       	cpi	r24, 0x05	; 5
     e90:	50 f3       	brcs	.-44     	; 0xe66 <enter_and_send_pass+0x144>
		while(UART_recieveByte() != (CONTROL_ready)){}
		UART_sendByte(HMI_ready);
		UART_sendByte(password1[i]);
	}

}
     e92:	60 96       	adiw	r28, 0x10	; 16
     e94:	0f b6       	in	r0, 0x3f	; 63
     e96:	f8 94       	cli
     e98:	de bf       	out	0x3e, r29	; 62
     e9a:	0f be       	out	0x3f, r0	; 63
     e9c:	cd bf       	out	0x3d, r28	; 61
     e9e:	cf 91       	pop	r28
     ea0:	df 91       	pop	r29
     ea2:	08 95       	ret

00000ea4 <re_enter_and_send_pass>:



void re_enter_and_send_pass(void)
{
     ea4:	df 93       	push	r29
     ea6:	cf 93       	push	r28
     ea8:	cd b7       	in	r28, 0x3d	; 61
     eaa:	de b7       	in	r29, 0x3e	; 62
     eac:	60 97       	sbiw	r28, 0x10	; 16
     eae:	0f b6       	in	r0, 0x3f	; 63
     eb0:	f8 94       	cli
     eb2:	de bf       	out	0x3e, r29	; 62
     eb4:	0f be       	out	0x3f, r0	; 63
     eb6:	cd bf       	out	0x3d, r28	; 61
	uint8 i=0,reading;
     eb8:	18 8a       	std	Y+16, r1	; 0x10
	LCD_clearScreen();
     eba:	0e 94 50 13 	call	0x26a0	; 0x26a0 <LCD_clearScreen>
	LCD_displayStringRowColumn(0,0,"plz re-enter the ");
     ebe:	20 e7       	ldi	r18, 0x70	; 112
     ec0:	30 e0       	ldi	r19, 0x00	; 0
     ec2:	80 e0       	ldi	r24, 0x00	; 0
     ec4:	60 e0       	ldi	r22, 0x00	; 0
     ec6:	a9 01       	movw	r20, r18
     ec8:	0e 94 14 13 	call	0x2628	; 0x2628 <LCD_displayStringRowColumn>
	LCD_displayStringRowColumn(1,0,"same pass:");
     ecc:	22 e8       	ldi	r18, 0x82	; 130
     ece:	30 e0       	ldi	r19, 0x00	; 0
     ed0:	81 e0       	ldi	r24, 0x01	; 1
     ed2:	60 e0       	ldi	r22, 0x00	; 0
     ed4:	a9 01       	movw	r20, r18
     ed6:	0e 94 14 13 	call	0x2628	; 0x2628 <LCD_displayStringRowColumn>
     eda:	83 c0       	rjmp	.+262    	; 0xfe2 <re_enter_and_send_pass+0x13e>
	while(KEYPAD_getPressedKey()!='=') /*get first pass from user */
	{
		reading=KEYPAD_getPressedKey();
     edc:	0e 94 0c 0d 	call	0x1a18	; 0x1a18 <KEYPAD_getPressedKey>
     ee0:	8f 87       	std	Y+15, r24	; 0x0f
		password2[i]=reading;
     ee2:	88 89       	ldd	r24, Y+16	; 0x10
     ee4:	88 2f       	mov	r24, r24
     ee6:	90 e0       	ldi	r25, 0x00	; 0
     ee8:	fc 01       	movw	r30, r24
     eea:	e5 51       	subi	r30, 0x15	; 21
     eec:	ff 4f       	sbci	r31, 0xFF	; 255
     eee:	8f 85       	ldd	r24, Y+15	; 0x0f
     ef0:	80 83       	st	Z, r24
     ef2:	80 e0       	ldi	r24, 0x00	; 0
     ef4:	90 e0       	ldi	r25, 0x00	; 0
     ef6:	a6 e9       	ldi	r26, 0x96	; 150
     ef8:	b3 e4       	ldi	r27, 0x43	; 67
     efa:	8b 87       	std	Y+11, r24	; 0x0b
     efc:	9c 87       	std	Y+12, r25	; 0x0c
     efe:	ad 87       	std	Y+13, r26	; 0x0d
     f00:	be 87       	std	Y+14, r27	; 0x0e
 */
void
_delay_ms(double __ms)
{
	uint16_t __ticks;
	double __tmp = ((F_CPU) / 4e3) * __ms;
     f02:	6b 85       	ldd	r22, Y+11	; 0x0b
     f04:	7c 85       	ldd	r23, Y+12	; 0x0c
     f06:	8d 85       	ldd	r24, Y+13	; 0x0d
     f08:	9e 85       	ldd	r25, Y+14	; 0x0e
     f0a:	20 e0       	ldi	r18, 0x00	; 0
     f0c:	30 e0       	ldi	r19, 0x00	; 0
     f0e:	4a e7       	ldi	r20, 0x7A	; 122
     f10:	53 e4       	ldi	r21, 0x43	; 67
     f12:	0e 94 1f 02 	call	0x43e	; 0x43e <__mulsf3>
     f16:	dc 01       	movw	r26, r24
     f18:	cb 01       	movw	r24, r22
     f1a:	8f 83       	std	Y+7, r24	; 0x07
     f1c:	98 87       	std	Y+8, r25	; 0x08
     f1e:	a9 87       	std	Y+9, r26	; 0x09
     f20:	ba 87       	std	Y+10, r27	; 0x0a
	if (__tmp < 1.0)
     f22:	6f 81       	ldd	r22, Y+7	; 0x07
     f24:	78 85       	ldd	r23, Y+8	; 0x08
     f26:	89 85       	ldd	r24, Y+9	; 0x09
     f28:	9a 85       	ldd	r25, Y+10	; 0x0a
     f2a:	20 e0       	ldi	r18, 0x00	; 0
     f2c:	30 e0       	ldi	r19, 0x00	; 0
     f2e:	40 e8       	ldi	r20, 0x80	; 128
     f30:	5f e3       	ldi	r21, 0x3F	; 63
     f32:	0e 94 79 03 	call	0x6f2	; 0x6f2 <__ltsf2>
     f36:	88 23       	and	r24, r24
     f38:	2c f4       	brge	.+10     	; 0xf44 <re_enter_and_send_pass+0xa0>
		__ticks = 1;
     f3a:	81 e0       	ldi	r24, 0x01	; 1
     f3c:	90 e0       	ldi	r25, 0x00	; 0
     f3e:	9e 83       	std	Y+6, r25	; 0x06
     f40:	8d 83       	std	Y+5, r24	; 0x05
     f42:	3f c0       	rjmp	.+126    	; 0xfc2 <re_enter_and_send_pass+0x11e>
	else if (__tmp > 65535)
     f44:	6f 81       	ldd	r22, Y+7	; 0x07
     f46:	78 85       	ldd	r23, Y+8	; 0x08
     f48:	89 85       	ldd	r24, Y+9	; 0x09
     f4a:	9a 85       	ldd	r25, Y+10	; 0x0a
     f4c:	20 e0       	ldi	r18, 0x00	; 0
     f4e:	3f ef       	ldi	r19, 0xFF	; 255
     f50:	4f e7       	ldi	r20, 0x7F	; 127
     f52:	57 e4       	ldi	r21, 0x47	; 71
     f54:	0e 94 19 03 	call	0x632	; 0x632 <__gtsf2>
     f58:	18 16       	cp	r1, r24
     f5a:	4c f5       	brge	.+82     	; 0xfae <re_enter_and_send_pass+0x10a>
	{
		//	__ticks = requested delay in 1/10 ms
		__ticks = (uint16_t) (__ms * 10.0);
     f5c:	6b 85       	ldd	r22, Y+11	; 0x0b
     f5e:	7c 85       	ldd	r23, Y+12	; 0x0c
     f60:	8d 85       	ldd	r24, Y+13	; 0x0d
     f62:	9e 85       	ldd	r25, Y+14	; 0x0e
     f64:	20 e0       	ldi	r18, 0x00	; 0
     f66:	30 e0       	ldi	r19, 0x00	; 0
     f68:	40 e2       	ldi	r20, 0x20	; 32
     f6a:	51 e4       	ldi	r21, 0x41	; 65
     f6c:	0e 94 1f 02 	call	0x43e	; 0x43e <__mulsf3>
     f70:	dc 01       	movw	r26, r24
     f72:	cb 01       	movw	r24, r22
     f74:	bc 01       	movw	r22, r24
     f76:	cd 01       	movw	r24, r26
     f78:	0e 94 49 00 	call	0x92	; 0x92 <__fixunssfsi>
     f7c:	dc 01       	movw	r26, r24
     f7e:	cb 01       	movw	r24, r22
     f80:	9e 83       	std	Y+6, r25	; 0x06
     f82:	8d 83       	std	Y+5, r24	; 0x05
     f84:	0f c0       	rjmp	.+30     	; 0xfa4 <re_enter_and_send_pass+0x100>
     f86:	89 e1       	ldi	r24, 0x19	; 25
     f88:	90 e0       	ldi	r25, 0x00	; 0
     f8a:	9c 83       	std	Y+4, r25	; 0x04
     f8c:	8b 83       	std	Y+3, r24	; 0x03
     f8e:	8b 81       	ldd	r24, Y+3	; 0x03
     f90:	9c 81       	ldd	r25, Y+4	; 0x04
     f92:	01 97       	sbiw	r24, 0x01	; 1
     f94:	f1 f7       	brne	.-4      	; 0xf92 <re_enter_and_send_pass+0xee>
     f96:	9c 83       	std	Y+4, r25	; 0x04
     f98:	8b 83       	std	Y+3, r24	; 0x03
		while(__ticks)
		{
			// wait 1/10 ms
			_delay_loop_2(((F_CPU) / 4e3) / 10);
			__ticks --;
     f9a:	8d 81       	ldd	r24, Y+5	; 0x05
     f9c:	9e 81       	ldd	r25, Y+6	; 0x06
     f9e:	01 97       	sbiw	r24, 0x01	; 1
     fa0:	9e 83       	std	Y+6, r25	; 0x06
     fa2:	8d 83       	std	Y+5, r24	; 0x05
		__ticks = 1;
	else if (__tmp > 65535)
	{
		//	__ticks = requested delay in 1/10 ms
		__ticks = (uint16_t) (__ms * 10.0);
		while(__ticks)
     fa4:	8d 81       	ldd	r24, Y+5	; 0x05
     fa6:	9e 81       	ldd	r25, Y+6	; 0x06
     fa8:	00 97       	sbiw	r24, 0x00	; 0
     faa:	69 f7       	brne	.-38     	; 0xf86 <re_enter_and_send_pass+0xe2>
     fac:	14 c0       	rjmp	.+40     	; 0xfd6 <re_enter_and_send_pass+0x132>
			__ticks --;
		}
		return;
	}
	else
		__ticks = (uint16_t)__tmp;
     fae:	6f 81       	ldd	r22, Y+7	; 0x07
     fb0:	78 85       	ldd	r23, Y+8	; 0x08
     fb2:	89 85       	ldd	r24, Y+9	; 0x09
     fb4:	9a 85       	ldd	r25, Y+10	; 0x0a
     fb6:	0e 94 49 00 	call	0x92	; 0x92 <__fixunssfsi>
     fba:	dc 01       	movw	r26, r24
     fbc:	cb 01       	movw	r24, r22
     fbe:	9e 83       	std	Y+6, r25	; 0x06
     fc0:	8d 83       	std	Y+5, r24	; 0x05
     fc2:	8d 81       	ldd	r24, Y+5	; 0x05
     fc4:	9e 81       	ldd	r25, Y+6	; 0x06
     fc6:	9a 83       	std	Y+2, r25	; 0x02
     fc8:	89 83       	std	Y+1, r24	; 0x01
     fca:	89 81       	ldd	r24, Y+1	; 0x01
     fcc:	9a 81       	ldd	r25, Y+2	; 0x02
     fce:	01 97       	sbiw	r24, 0x01	; 1
     fd0:	f1 f7       	brne	.-4      	; 0xfce <re_enter_and_send_pass+0x12a>
     fd2:	9a 83       	std	Y+2, r25	; 0x02
     fd4:	89 83       	std	Y+1, r24	; 0x01
		_delay_ms(300);
		LCD_displayCharacter('*');
     fd6:	8a e2       	ldi	r24, 0x2A	; 42
     fd8:	0e 94 ba 10 	call	0x2174	; 0x2174 <LCD_displayCharacter>
		i++;
     fdc:	88 89       	ldd	r24, Y+16	; 0x10
     fde:	8f 5f       	subi	r24, 0xFF	; 255
     fe0:	88 8b       	std	Y+16, r24	; 0x10
{
	uint8 i=0,reading;
	LCD_clearScreen();
	LCD_displayStringRowColumn(0,0,"plz re-enter the ");
	LCD_displayStringRowColumn(1,0,"same pass:");
	while(KEYPAD_getPressedKey()!='=') /*get first pass from user */
     fe2:	0e 94 0c 0d 	call	0x1a18	; 0x1a18 <KEYPAD_getPressedKey>
     fe6:	8d 33       	cpi	r24, 0x3D	; 61
     fe8:	09 f0       	breq	.+2      	; 0xfec <re_enter_and_send_pass+0x148>
     fea:	78 cf       	rjmp	.-272    	; 0xedc <re_enter_and_send_pass+0x38>
		password2[i]=reading;
		_delay_ms(300);
		LCD_displayCharacter('*');
		i++;
	}
	for(i=0;i<5;i++)
     fec:	18 8a       	std	Y+16, r1	; 0x10
     fee:	13 c0       	rjmp	.+38     	; 0x1016 <re_enter_and_send_pass+0x172>
	{
		while(UART_recieveByte() != (CONTROL_ready)){}
     ff0:	0e 94 00 15 	call	0x2a00	; 0x2a00 <UART_recieveByte>
     ff4:	82 30       	cpi	r24, 0x02	; 2
     ff6:	e1 f7       	brne	.-8      	; 0xff0 <re_enter_and_send_pass+0x14c>
		UART_sendByte(HMI_ready);
     ff8:	81 e0       	ldi	r24, 0x01	; 1
     ffa:	0e 94 e9 14 	call	0x29d2	; 0x29d2 <UART_sendByte>

		UART_sendByte(password2[i]);
     ffe:	88 89       	ldd	r24, Y+16	; 0x10
    1000:	88 2f       	mov	r24, r24
    1002:	90 e0       	ldi	r25, 0x00	; 0
    1004:	fc 01       	movw	r30, r24
    1006:	e5 51       	subi	r30, 0x15	; 21
    1008:	ff 4f       	sbci	r31, 0xFF	; 255
    100a:	80 81       	ld	r24, Z
    100c:	0e 94 e9 14 	call	0x29d2	; 0x29d2 <UART_sendByte>
		password2[i]=reading;
		_delay_ms(300);
		LCD_displayCharacter('*');
		i++;
	}
	for(i=0;i<5;i++)
    1010:	88 89       	ldd	r24, Y+16	; 0x10
    1012:	8f 5f       	subi	r24, 0xFF	; 255
    1014:	88 8b       	std	Y+16, r24	; 0x10
    1016:	88 89       	ldd	r24, Y+16	; 0x10
    1018:	85 30       	cpi	r24, 0x05	; 5
    101a:	50 f3       	brcs	.-44     	; 0xff0 <re_enter_and_send_pass+0x14c>
		while(UART_recieveByte() != (CONTROL_ready)){}
		UART_sendByte(HMI_ready);

		UART_sendByte(password2[i]);
	}
}
    101c:	60 96       	adiw	r28, 0x10	; 16
    101e:	0f b6       	in	r0, 0x3f	; 63
    1020:	f8 94       	cli
    1022:	de bf       	out	0x3e, r29	; 62
    1024:	0f be       	out	0x3f, r0	; 63
    1026:	cd bf       	out	0x3d, r28	; 61
    1028:	cf 91       	pop	r28
    102a:	df 91       	pop	r29
    102c:	08 95       	ret

0000102e <print_options_and_check>:

print_operation print_options_and_check(void)
{
    102e:	df 93       	push	r29
    1030:	cf 93       	push	r28
    1032:	cd b7       	in	r28, 0x3d	; 61
    1034:	de b7       	in	r29, 0x3e	; 62
    1036:	6e 97       	sbiw	r28, 0x1e	; 30
    1038:	0f b6       	in	r0, 0x3f	; 63
    103a:	f8 94       	cli
    103c:	de bf       	out	0x3e, r29	; 62
    103e:	0f be       	out	0x3f, r0	; 63
    1040:	cd bf       	out	0x3d, r28	; 61

	LCD_clearScreen();
    1042:	0e 94 50 13 	call	0x26a0	; 0x26a0 <LCD_clearScreen>
	LCD_displayStringRowColumn(0,0,"+ : open door");
    1046:	2d e8       	ldi	r18, 0x8D	; 141
    1048:	30 e0       	ldi	r19, 0x00	; 0
    104a:	80 e0       	ldi	r24, 0x00	; 0
    104c:	60 e0       	ldi	r22, 0x00	; 0
    104e:	a9 01       	movw	r20, r18
    1050:	0e 94 14 13 	call	0x2628	; 0x2628 <LCD_displayStringRowColumn>
	LCD_displayStringRowColumn(1,0,"- : change pass");
    1054:	2b e9       	ldi	r18, 0x9B	; 155
    1056:	30 e0       	ldi	r19, 0x00	; 0
    1058:	81 e0       	ldi	r24, 0x01	; 1
    105a:	60 e0       	ldi	r22, 0x00	; 0
    105c:	a9 01       	movw	r20, r18
    105e:	0e 94 14 13 	call	0x2628	; 0x2628 <LCD_displayStringRowColumn>
	if(KEYPAD_getPressedKey()=='+')
    1062:	0e 94 0c 0d 	call	0x1a18	; 0x1a18 <KEYPAD_getPressedKey>
    1066:	8b 32       	cpi	r24, 0x2B	; 43
    1068:	09 f0       	breq	.+2      	; 0x106c <print_options_and_check+0x3e>
    106a:	d5 c0       	rjmp	.+426    	; 0x1216 <print_options_and_check+0x1e8>
	{

		while(UART_recieveByte() != (CONTROL_ready)){}
    106c:	0e 94 00 15 	call	0x2a00	; 0x2a00 <UART_recieveByte>
    1070:	82 30       	cpi	r24, 0x02	; 2
    1072:	e1 f7       	brne	.-8      	; 0x106c <print_options_and_check+0x3e>
		UART_sendByte(HMI_ready);
    1074:	81 e0       	ldi	r24, 0x01	; 1
    1076:	0e 94 e9 14 	call	0x29d2	; 0x29d2 <UART_sendByte>
		UART_sendByte(CHECK_PASSWORD_POSITIVE); /*send to control to check the password*/
    107a:	85 e0       	ldi	r24, 0x05	; 5
    107c:	0e 94 e9 14 	call	0x29d2	; 0x29d2 <UART_sendByte>
		for(i=0;i<=3;i++) /*ask user 3 times to enter the password*/
    1080:	10 92 f1 00 	sts	0x00F1, r1
    1084:	92 c0       	rjmp	.+292    	; 0x11aa <print_options_and_check+0x17c>
		{
			if(i==3) /*in case of 3 times wrong password*/
    1086:	80 91 f1 00 	lds	r24, 0x00F1
    108a:	83 30       	cpi	r24, 0x03	; 3
    108c:	09 f0       	breq	.+2      	; 0x1090 <print_options_and_check+0x62>
    108e:	7b c0       	rjmp	.+246    	; 0x1186 <print_options_and_check+0x158>
			{
				LCD_clearScreen();
    1090:	0e 94 50 13 	call	0x26a0	; 0x26a0 <LCD_clearScreen>
				LCD_displayString("ERROR");
    1094:	8b ea       	ldi	r24, 0xAB	; 171
    1096:	90 e0       	ldi	r25, 0x00	; 0
    1098:	0e 94 a9 12 	call	0x2552	; 0x2552 <LCD_displayString>
    109c:	80 e0       	ldi	r24, 0x00	; 0
    109e:	90 e0       	ldi	r25, 0x00	; 0
    10a0:	aa e7       	ldi	r26, 0x7A	; 122
    10a2:	b4 e4       	ldi	r27, 0x44	; 68
    10a4:	89 8f       	std	Y+25, r24	; 0x19
    10a6:	9a 8f       	std	Y+26, r25	; 0x1a
    10a8:	ab 8f       	std	Y+27, r26	; 0x1b
    10aa:	bc 8f       	std	Y+28, r27	; 0x1c
 */
void
_delay_ms(double __ms)
{
	uint16_t __ticks;
	double __tmp = ((F_CPU) / 4e3) * __ms;
    10ac:	69 8d       	ldd	r22, Y+25	; 0x19
    10ae:	7a 8d       	ldd	r23, Y+26	; 0x1a
    10b0:	8b 8d       	ldd	r24, Y+27	; 0x1b
    10b2:	9c 8d       	ldd	r25, Y+28	; 0x1c
    10b4:	20 e0       	ldi	r18, 0x00	; 0
    10b6:	30 e0       	ldi	r19, 0x00	; 0
    10b8:	4a e7       	ldi	r20, 0x7A	; 122
    10ba:	53 e4       	ldi	r21, 0x43	; 67
    10bc:	0e 94 1f 02 	call	0x43e	; 0x43e <__mulsf3>
    10c0:	dc 01       	movw	r26, r24
    10c2:	cb 01       	movw	r24, r22
    10c4:	8d 8b       	std	Y+21, r24	; 0x15
    10c6:	9e 8b       	std	Y+22, r25	; 0x16
    10c8:	af 8b       	std	Y+23, r26	; 0x17
    10ca:	b8 8f       	std	Y+24, r27	; 0x18
	if (__tmp < 1.0)
    10cc:	6d 89       	ldd	r22, Y+21	; 0x15
    10ce:	7e 89       	ldd	r23, Y+22	; 0x16
    10d0:	8f 89       	ldd	r24, Y+23	; 0x17
    10d2:	98 8d       	ldd	r25, Y+24	; 0x18
    10d4:	20 e0       	ldi	r18, 0x00	; 0
    10d6:	30 e0       	ldi	r19, 0x00	; 0
    10d8:	40 e8       	ldi	r20, 0x80	; 128
    10da:	5f e3       	ldi	r21, 0x3F	; 63
    10dc:	0e 94 79 03 	call	0x6f2	; 0x6f2 <__ltsf2>
    10e0:	88 23       	and	r24, r24
    10e2:	2c f4       	brge	.+10     	; 0x10ee <print_options_and_check+0xc0>
		__ticks = 1;
    10e4:	81 e0       	ldi	r24, 0x01	; 1
    10e6:	90 e0       	ldi	r25, 0x00	; 0
    10e8:	9c 8b       	std	Y+20, r25	; 0x14
    10ea:	8b 8b       	std	Y+19, r24	; 0x13
    10ec:	3f c0       	rjmp	.+126    	; 0x116c <print_options_and_check+0x13e>
	else if (__tmp > 65535)
    10ee:	6d 89       	ldd	r22, Y+21	; 0x15
    10f0:	7e 89       	ldd	r23, Y+22	; 0x16
    10f2:	8f 89       	ldd	r24, Y+23	; 0x17
    10f4:	98 8d       	ldd	r25, Y+24	; 0x18
    10f6:	20 e0       	ldi	r18, 0x00	; 0
    10f8:	3f ef       	ldi	r19, 0xFF	; 255
    10fa:	4f e7       	ldi	r20, 0x7F	; 127
    10fc:	57 e4       	ldi	r21, 0x47	; 71
    10fe:	0e 94 19 03 	call	0x632	; 0x632 <__gtsf2>
    1102:	18 16       	cp	r1, r24
    1104:	4c f5       	brge	.+82     	; 0x1158 <print_options_and_check+0x12a>
	{
		//	__ticks = requested delay in 1/10 ms
		__ticks = (uint16_t) (__ms * 10.0);
    1106:	69 8d       	ldd	r22, Y+25	; 0x19
    1108:	7a 8d       	ldd	r23, Y+26	; 0x1a
    110a:	8b 8d       	ldd	r24, Y+27	; 0x1b
    110c:	9c 8d       	ldd	r25, Y+28	; 0x1c
    110e:	20 e0       	ldi	r18, 0x00	; 0
    1110:	30 e0       	ldi	r19, 0x00	; 0
    1112:	40 e2       	ldi	r20, 0x20	; 32
    1114:	51 e4       	ldi	r21, 0x41	; 65
    1116:	0e 94 1f 02 	call	0x43e	; 0x43e <__mulsf3>
    111a:	dc 01       	movw	r26, r24
    111c:	cb 01       	movw	r24, r22
    111e:	bc 01       	movw	r22, r24
    1120:	cd 01       	movw	r24, r26
    1122:	0e 94 49 00 	call	0x92	; 0x92 <__fixunssfsi>
    1126:	dc 01       	movw	r26, r24
    1128:	cb 01       	movw	r24, r22
    112a:	9c 8b       	std	Y+20, r25	; 0x14
    112c:	8b 8b       	std	Y+19, r24	; 0x13
    112e:	0f c0       	rjmp	.+30     	; 0x114e <print_options_and_check+0x120>
    1130:	89 e1       	ldi	r24, 0x19	; 25
    1132:	90 e0       	ldi	r25, 0x00	; 0
    1134:	9a 8b       	std	Y+18, r25	; 0x12
    1136:	89 8b       	std	Y+17, r24	; 0x11
    1138:	89 89       	ldd	r24, Y+17	; 0x11
    113a:	9a 89       	ldd	r25, Y+18	; 0x12
    113c:	01 97       	sbiw	r24, 0x01	; 1
    113e:	f1 f7       	brne	.-4      	; 0x113c <print_options_and_check+0x10e>
    1140:	9a 8b       	std	Y+18, r25	; 0x12
    1142:	89 8b       	std	Y+17, r24	; 0x11
		while(__ticks)
		{
			// wait 1/10 ms
			_delay_loop_2(((F_CPU) / 4e3) / 10);
			__ticks --;
    1144:	8b 89       	ldd	r24, Y+19	; 0x13
    1146:	9c 89       	ldd	r25, Y+20	; 0x14
    1148:	01 97       	sbiw	r24, 0x01	; 1
    114a:	9c 8b       	std	Y+20, r25	; 0x14
    114c:	8b 8b       	std	Y+19, r24	; 0x13
		__ticks = 1;
	else if (__tmp > 65535)
	{
		//	__ticks = requested delay in 1/10 ms
		__ticks = (uint16_t) (__ms * 10.0);
		while(__ticks)
    114e:	8b 89       	ldd	r24, Y+19	; 0x13
    1150:	9c 89       	ldd	r25, Y+20	; 0x14
    1152:	00 97       	sbiw	r24, 0x00	; 0
    1154:	69 f7       	brne	.-38     	; 0x1130 <print_options_and_check+0x102>
    1156:	14 c0       	rjmp	.+40     	; 0x1180 <print_options_and_check+0x152>
			__ticks --;
		}
		return;
	}
	else
		__ticks = (uint16_t)__tmp;
    1158:	6d 89       	ldd	r22, Y+21	; 0x15
    115a:	7e 89       	ldd	r23, Y+22	; 0x16
    115c:	8f 89       	ldd	r24, Y+23	; 0x17
    115e:	98 8d       	ldd	r25, Y+24	; 0x18
    1160:	0e 94 49 00 	call	0x92	; 0x92 <__fixunssfsi>
    1164:	dc 01       	movw	r26, r24
    1166:	cb 01       	movw	r24, r22
    1168:	9c 8b       	std	Y+20, r25	; 0x14
    116a:	8b 8b       	std	Y+19, r24	; 0x13
    116c:	8b 89       	ldd	r24, Y+19	; 0x13
    116e:	9c 89       	ldd	r25, Y+20	; 0x14
    1170:	98 8b       	std	Y+16, r25	; 0x10
    1172:	8f 87       	std	Y+15, r24	; 0x0f
    1174:	8f 85       	ldd	r24, Y+15	; 0x0f
    1176:	98 89       	ldd	r25, Y+16	; 0x10
    1178:	01 97       	sbiw	r24, 0x01	; 1
    117a:	f1 f7       	brne	.-4      	; 0x1178 <print_options_and_check+0x14a>
    117c:	98 8b       	std	Y+16, r25	; 0x10
    117e:	8f 87       	std	Y+15, r24	; 0x0f
				_delay_ms(1000);
				return start_again;
    1180:	81 e0       	ldi	r24, 0x01	; 1
    1182:	8d 8f       	std	Y+29, r24	; 0x1d
    1184:	ed c0       	rjmp	.+474    	; 0x1360 <print_options_and_check+0x332>


			}
			enter_and_send_pass();
    1186:	0e 94 91 06 	call	0xd22	; 0xd22 <enter_and_send_pass>
			while(UART_recieveByte() != (CONTROL_ready)){} /*polling to receive from control */
    118a:	0e 94 00 15 	call	0x2a00	; 0x2a00 <UART_recieveByte>
    118e:	82 30       	cpi	r24, 0x02	; 2
    1190:	e1 f7       	brne	.-8      	; 0x118a <print_options_and_check+0x15c>
			UART_sendByte(HMI_ready);
    1192:	81 e0       	ldi	r24, 0x01	; 1
    1194:	0e 94 e9 14 	call	0x29d2	; 0x29d2 <UART_sendByte>
			if(UART_recieveByte()!=COMPARE_FALSE) /*if false continue for asking */
    1198:	0e 94 00 15 	call	0x2a00	; 0x2a00 <UART_recieveByte>
    119c:	83 30       	cpi	r24, 0x03	; 3
    119e:	51 f4       	brne	.+20     	; 0x11b4 <print_options_and_check+0x186>
	{

		while(UART_recieveByte() != (CONTROL_ready)){}
		UART_sendByte(HMI_ready);
		UART_sendByte(CHECK_PASSWORD_POSITIVE); /*send to control to check the password*/
		for(i=0;i<=3;i++) /*ask user 3 times to enter the password*/
    11a0:	80 91 f1 00 	lds	r24, 0x00F1
    11a4:	8f 5f       	subi	r24, 0xFF	; 255
    11a6:	80 93 f1 00 	sts	0x00F1, r24
    11aa:	80 91 f1 00 	lds	r24, 0x00F1
    11ae:	84 30       	cpi	r24, 0x04	; 4
    11b0:	08 f4       	brcc	.+2      	; 0x11b4 <print_options_and_check+0x186>
    11b2:	69 cf       	rjmp	.-302    	; 0x1086 <print_options_and_check+0x58>
				break;  /*if true break the loop*/
			}
		}

		{
			while(UART_recieveByte() != (CONTROL_ready)){} /*polling to receive from control */
    11b4:	0e 94 00 15 	call	0x2a00	; 0x2a00 <UART_recieveByte>
    11b8:	82 30       	cpi	r24, 0x02	; 2
    11ba:	e1 f7       	brne	.-8      	; 0x11b4 <print_options_and_check+0x186>
			UART_sendByte(HMI_ready);
    11bc:	81 e0       	ldi	r24, 0x01	; 1
    11be:	0e 94 e9 14 	call	0x29d2	; 0x29d2 <UART_sendByte>
			if(UART_recieveByte()==OPEN_DOOR)
    11c2:	0e 94 00 15 	call	0x2a00	; 0x2a00 <UART_recieveByte>
    11c6:	86 30       	cpi	r24, 0x06	; 6
    11c8:	29 f5       	brne	.+74     	; 0x1214 <print_options_and_check+0x1e6>
			{
				LCD_clearScreen();
    11ca:	0e 94 50 13 	call	0x26a0	; 0x26a0 <LCD_clearScreen>
				Timer1_init(&init_3sec_timer1); /*start timer*/
    11ce:	88 ef       	ldi	r24, 0xF8	; 248
    11d0:	90 e0       	ldi	r25, 0x00	; 0
    11d2:	0e 94 c0 13 	call	0x2780	; 0x2780 <Timer1_init>
    11d6:	04 c0       	rjmp	.+8      	; 0x11e0 <print_options_and_check+0x1b2>
				while(g_control<5) /*till the timer counts 15sec */
				{
					LCD_displayString("DOOR IS UNLOCKING");
    11d8:	81 eb       	ldi	r24, 0xB1	; 177
    11da:	90 e0       	ldi	r25, 0x00	; 0
    11dc:	0e 94 a9 12 	call	0x2552	; 0x2552 <LCD_displayString>
			UART_sendByte(HMI_ready);
			if(UART_recieveByte()==OPEN_DOOR)
			{
				LCD_clearScreen();
				Timer1_init(&init_3sec_timer1); /*start timer*/
				while(g_control<5) /*till the timer counts 15sec */
    11e0:	80 91 e8 00 	lds	r24, 0x00E8
    11e4:	85 30       	cpi	r24, 0x05	; 5
    11e6:	c0 f3       	brcs	.-16     	; 0x11d8 <print_options_and_check+0x1aa>
    11e8:	06 c0       	rjmp	.+12     	; 0x11f6 <print_options_and_check+0x1c8>
				{
					LCD_displayString("DOOR IS UNLOCKING");
				}
				while(g_control<6) /*till the timer counts 18sec */
				{
					LCD_clearScreen();
    11ea:	0e 94 50 13 	call	0x26a0	; 0x26a0 <LCD_clearScreen>
					LCD_displayString("DOOR IS HOLD");
    11ee:	83 ec       	ldi	r24, 0xC3	; 195
    11f0:	90 e0       	ldi	r25, 0x00	; 0
    11f2:	0e 94 a9 12 	call	0x2552	; 0x2552 <LCD_displayString>
				Timer1_init(&init_3sec_timer1); /*start timer*/
				while(g_control<5) /*till the timer counts 15sec */
				{
					LCD_displayString("DOOR IS UNLOCKING");
				}
				while(g_control<6) /*till the timer counts 18sec */
    11f6:	80 91 e8 00 	lds	r24, 0x00E8
    11fa:	86 30       	cpi	r24, 0x06	; 6
    11fc:	b0 f3       	brcs	.-20     	; 0x11ea <print_options_and_check+0x1bc>
    11fe:	06 c0       	rjmp	.+12     	; 0x120c <print_options_and_check+0x1de>
					LCD_clearScreen();
					LCD_displayString("DOOR IS HOLD");
				}
				while(g_control<11) /*till the timer counts 33sec*/
				{
					LCD_clearScreen();
    1200:	0e 94 50 13 	call	0x26a0	; 0x26a0 <LCD_clearScreen>
					LCD_displayString("DOOR IS LOCKING");
    1204:	80 ed       	ldi	r24, 0xD0	; 208
    1206:	90 e0       	ldi	r25, 0x00	; 0
    1208:	0e 94 a9 12 	call	0x2552	; 0x2552 <LCD_displayString>
				while(g_control<6) /*till the timer counts 18sec */
				{
					LCD_clearScreen();
					LCD_displayString("DOOR IS HOLD");
				}
				while(g_control<11) /*till the timer counts 33sec*/
    120c:	80 91 e8 00 	lds	r24, 0x00E8
    1210:	8b 30       	cpi	r24, 0x0B	; 11
    1212:	b0 f3       	brcs	.-20     	; 0x1200 <print_options_and_check+0x1d2>
    1214:	a7 c0       	rjmp	.+334    	; 0x1364 <print_options_and_check+0x336>
			}
		}
	}
	else  /*in case of user wants to change password*/
	{
		while(UART_recieveByte() != (CONTROL_ready)){}
    1216:	0e 94 00 15 	call	0x2a00	; 0x2a00 <UART_recieveByte>
    121a:	82 30       	cpi	r24, 0x02	; 2
    121c:	e1 f7       	brne	.-8      	; 0x1216 <print_options_and_check+0x1e8>
		UART_sendByte(HMI_ready);
    121e:	81 e0       	ldi	r24, 0x01	; 1
    1220:	0e 94 e9 14 	call	0x29d2	; 0x29d2 <UART_sendByte>
		UART_sendByte(CHECK_PASSWORD_NEGATIVE); /*send to control to check the password*/
    1224:	88 e0       	ldi	r24, 0x08	; 8
    1226:	0e 94 e9 14 	call	0x29d2	; 0x29d2 <UART_sendByte>
		for(i=0;i<=3;i++) /*ask user 3 times to enter the password*/
    122a:	10 92 f1 00 	sts	0x00F1, r1
    122e:	92 c0       	rjmp	.+292    	; 0x1354 <print_options_and_check+0x326>
		{
			if(i==3) /*in case of 3 times wrong password*/
    1230:	80 91 f1 00 	lds	r24, 0x00F1
    1234:	83 30       	cpi	r24, 0x03	; 3
    1236:	09 f0       	breq	.+2      	; 0x123a <print_options_and_check+0x20c>
    1238:	7b c0       	rjmp	.+246    	; 0x1330 <print_options_and_check+0x302>
			{
				LCD_clearScreen();
    123a:	0e 94 50 13 	call	0x26a0	; 0x26a0 <LCD_clearScreen>
				LCD_displayString("ERROR");
    123e:	8b ea       	ldi	r24, 0xAB	; 171
    1240:	90 e0       	ldi	r25, 0x00	; 0
    1242:	0e 94 a9 12 	call	0x2552	; 0x2552 <LCD_displayString>
    1246:	80 e0       	ldi	r24, 0x00	; 0
    1248:	90 e0       	ldi	r25, 0x00	; 0
    124a:	aa e7       	ldi	r26, 0x7A	; 122
    124c:	b4 e4       	ldi	r27, 0x44	; 68
    124e:	8b 87       	std	Y+11, r24	; 0x0b
    1250:	9c 87       	std	Y+12, r25	; 0x0c
    1252:	ad 87       	std	Y+13, r26	; 0x0d
    1254:	be 87       	std	Y+14, r27	; 0x0e
 */
void
_delay_ms(double __ms)
{
	uint16_t __ticks;
	double __tmp = ((F_CPU) / 4e3) * __ms;
    1256:	6b 85       	ldd	r22, Y+11	; 0x0b
    1258:	7c 85       	ldd	r23, Y+12	; 0x0c
    125a:	8d 85       	ldd	r24, Y+13	; 0x0d
    125c:	9e 85       	ldd	r25, Y+14	; 0x0e
    125e:	20 e0       	ldi	r18, 0x00	; 0
    1260:	30 e0       	ldi	r19, 0x00	; 0
    1262:	4a e7       	ldi	r20, 0x7A	; 122
    1264:	53 e4       	ldi	r21, 0x43	; 67
    1266:	0e 94 1f 02 	call	0x43e	; 0x43e <__mulsf3>
    126a:	dc 01       	movw	r26, r24
    126c:	cb 01       	movw	r24, r22
    126e:	8f 83       	std	Y+7, r24	; 0x07
    1270:	98 87       	std	Y+8, r25	; 0x08
    1272:	a9 87       	std	Y+9, r26	; 0x09
    1274:	ba 87       	std	Y+10, r27	; 0x0a
	if (__tmp < 1.0)
    1276:	6f 81       	ldd	r22, Y+7	; 0x07
    1278:	78 85       	ldd	r23, Y+8	; 0x08
    127a:	89 85       	ldd	r24, Y+9	; 0x09
    127c:	9a 85       	ldd	r25, Y+10	; 0x0a
    127e:	20 e0       	ldi	r18, 0x00	; 0
    1280:	30 e0       	ldi	r19, 0x00	; 0
    1282:	40 e8       	ldi	r20, 0x80	; 128
    1284:	5f e3       	ldi	r21, 0x3F	; 63
    1286:	0e 94 79 03 	call	0x6f2	; 0x6f2 <__ltsf2>
    128a:	88 23       	and	r24, r24
    128c:	2c f4       	brge	.+10     	; 0x1298 <print_options_and_check+0x26a>
		__ticks = 1;
    128e:	81 e0       	ldi	r24, 0x01	; 1
    1290:	90 e0       	ldi	r25, 0x00	; 0
    1292:	9e 83       	std	Y+6, r25	; 0x06
    1294:	8d 83       	std	Y+5, r24	; 0x05
    1296:	3f c0       	rjmp	.+126    	; 0x1316 <print_options_and_check+0x2e8>
	else if (__tmp > 65535)
    1298:	6f 81       	ldd	r22, Y+7	; 0x07
    129a:	78 85       	ldd	r23, Y+8	; 0x08
    129c:	89 85       	ldd	r24, Y+9	; 0x09
    129e:	9a 85       	ldd	r25, Y+10	; 0x0a
    12a0:	20 e0       	ldi	r18, 0x00	; 0
    12a2:	3f ef       	ldi	r19, 0xFF	; 255
    12a4:	4f e7       	ldi	r20, 0x7F	; 127
    12a6:	57 e4       	ldi	r21, 0x47	; 71
    12a8:	0e 94 19 03 	call	0x632	; 0x632 <__gtsf2>
    12ac:	18 16       	cp	r1, r24
    12ae:	4c f5       	brge	.+82     	; 0x1302 <print_options_and_check+0x2d4>
	{
		//	__ticks = requested delay in 1/10 ms
		__ticks = (uint16_t) (__ms * 10.0);
    12b0:	6b 85       	ldd	r22, Y+11	; 0x0b
    12b2:	7c 85       	ldd	r23, Y+12	; 0x0c
    12b4:	8d 85       	ldd	r24, Y+13	; 0x0d
    12b6:	9e 85       	ldd	r25, Y+14	; 0x0e
    12b8:	20 e0       	ldi	r18, 0x00	; 0
    12ba:	30 e0       	ldi	r19, 0x00	; 0
    12bc:	40 e2       	ldi	r20, 0x20	; 32
    12be:	51 e4       	ldi	r21, 0x41	; 65
    12c0:	0e 94 1f 02 	call	0x43e	; 0x43e <__mulsf3>
    12c4:	dc 01       	movw	r26, r24
    12c6:	cb 01       	movw	r24, r22
    12c8:	bc 01       	movw	r22, r24
    12ca:	cd 01       	movw	r24, r26
    12cc:	0e 94 49 00 	call	0x92	; 0x92 <__fixunssfsi>
    12d0:	dc 01       	movw	r26, r24
    12d2:	cb 01       	movw	r24, r22
    12d4:	9e 83       	std	Y+6, r25	; 0x06
    12d6:	8d 83       	std	Y+5, r24	; 0x05
    12d8:	0f c0       	rjmp	.+30     	; 0x12f8 <print_options_and_check+0x2ca>
    12da:	89 e1       	ldi	r24, 0x19	; 25
    12dc:	90 e0       	ldi	r25, 0x00	; 0
    12de:	9c 83       	std	Y+4, r25	; 0x04
    12e0:	8b 83       	std	Y+3, r24	; 0x03
    12e2:	8b 81       	ldd	r24, Y+3	; 0x03
    12e4:	9c 81       	ldd	r25, Y+4	; 0x04
    12e6:	01 97       	sbiw	r24, 0x01	; 1
    12e8:	f1 f7       	brne	.-4      	; 0x12e6 <print_options_and_check+0x2b8>
    12ea:	9c 83       	std	Y+4, r25	; 0x04
    12ec:	8b 83       	std	Y+3, r24	; 0x03
		while(__ticks)
		{
			// wait 1/10 ms
			_delay_loop_2(((F_CPU) / 4e3) / 10);
			__ticks --;
    12ee:	8d 81       	ldd	r24, Y+5	; 0x05
    12f0:	9e 81       	ldd	r25, Y+6	; 0x06
    12f2:	01 97       	sbiw	r24, 0x01	; 1
    12f4:	9e 83       	std	Y+6, r25	; 0x06
    12f6:	8d 83       	std	Y+5, r24	; 0x05
		__ticks = 1;
	else if (__tmp > 65535)
	{
		//	__ticks = requested delay in 1/10 ms
		__ticks = (uint16_t) (__ms * 10.0);
		while(__ticks)
    12f8:	8d 81       	ldd	r24, Y+5	; 0x05
    12fa:	9e 81       	ldd	r25, Y+6	; 0x06
    12fc:	00 97       	sbiw	r24, 0x00	; 0
    12fe:	69 f7       	brne	.-38     	; 0x12da <print_options_and_check+0x2ac>
    1300:	14 c0       	rjmp	.+40     	; 0x132a <print_options_and_check+0x2fc>
			__ticks --;
		}
		return;
	}
	else
		__ticks = (uint16_t)__tmp;
    1302:	6f 81       	ldd	r22, Y+7	; 0x07
    1304:	78 85       	ldd	r23, Y+8	; 0x08
    1306:	89 85       	ldd	r24, Y+9	; 0x09
    1308:	9a 85       	ldd	r25, Y+10	; 0x0a
    130a:	0e 94 49 00 	call	0x92	; 0x92 <__fixunssfsi>
    130e:	dc 01       	movw	r26, r24
    1310:	cb 01       	movw	r24, r22
    1312:	9e 83       	std	Y+6, r25	; 0x06
    1314:	8d 83       	std	Y+5, r24	; 0x05
    1316:	8d 81       	ldd	r24, Y+5	; 0x05
    1318:	9e 81       	ldd	r25, Y+6	; 0x06
    131a:	9a 83       	std	Y+2, r25	; 0x02
    131c:	89 83       	std	Y+1, r24	; 0x01
    131e:	89 81       	ldd	r24, Y+1	; 0x01
    1320:	9a 81       	ldd	r25, Y+2	; 0x02
    1322:	01 97       	sbiw	r24, 0x01	; 1
    1324:	f1 f7       	brne	.-4      	; 0x1322 <print_options_and_check+0x2f4>
    1326:	9a 83       	std	Y+2, r25	; 0x02
    1328:	89 83       	std	Y+1, r24	; 0x01
				_delay_ms(1000);
				return start_again;
    132a:	81 e0       	ldi	r24, 0x01	; 1
    132c:	8d 8f       	std	Y+29, r24	; 0x1d
    132e:	18 c0       	rjmp	.+48     	; 0x1360 <print_options_and_check+0x332>
			}
			enter_and_send_pass();
    1330:	0e 94 91 06 	call	0xd22	; 0xd22 <enter_and_send_pass>


			while(UART_recieveByte() != (CONTROL_ready)){} /*polling to receive from control */
    1334:	0e 94 00 15 	call	0x2a00	; 0x2a00 <UART_recieveByte>
    1338:	82 30       	cpi	r24, 0x02	; 2
    133a:	e1 f7       	brne	.-8      	; 0x1334 <print_options_and_check+0x306>
			UART_sendByte(HMI_ready);
    133c:	81 e0       	ldi	r24, 0x01	; 1
    133e:	0e 94 e9 14 	call	0x29d2	; 0x29d2 <UART_sendByte>
			if(UART_recieveByte()!=COMPARE_FALSE) /*if false continue for asking */
    1342:	0e 94 00 15 	call	0x2a00	; 0x2a00 <UART_recieveByte>
    1346:	83 30       	cpi	r24, 0x03	; 3
    1348:	51 f4       	brne	.+20     	; 0x135e <print_options_and_check+0x330>
	else  /*in case of user wants to change password*/
	{
		while(UART_recieveByte() != (CONTROL_ready)){}
		UART_sendByte(HMI_ready);
		UART_sendByte(CHECK_PASSWORD_NEGATIVE); /*send to control to check the password*/
		for(i=0;i<=3;i++) /*ask user 3 times to enter the password*/
    134a:	80 91 f1 00 	lds	r24, 0x00F1
    134e:	8f 5f       	subi	r24, 0xFF	; 255
    1350:	80 93 f1 00 	sts	0x00F1, r24
    1354:	80 91 f1 00 	lds	r24, 0x00F1
    1358:	84 30       	cpi	r24, 0x04	; 4
    135a:	08 f4       	brcc	.+2      	; 0x135e <print_options_and_check+0x330>
    135c:	69 cf       	rjmp	.-302    	; 0x1230 <print_options_and_check+0x202>
			if(UART_recieveByte()!=COMPARE_FALSE) /*if false continue for asking */
			{
				break;                           /*if true break the loop*/
			}
		}
		return change_pass;
    135e:	1d 8e       	std	Y+29, r1	; 0x1d
    1360:	8d 8d       	ldd	r24, Y+29	; 0x1d
    1362:	8e 8f       	std	Y+30, r24	; 0x1e



	}
}
    1364:	8e 8d       	ldd	r24, Y+30	; 0x1e
    1366:	6e 96       	adiw	r28, 0x1e	; 30
    1368:	0f b6       	in	r0, 0x3f	; 63
    136a:	f8 94       	cli
    136c:	de bf       	out	0x3e, r29	; 62
    136e:	0f be       	out	0x3f, r0	; 63
    1370:	cd bf       	out	0x3d, r28	; 61
    1372:	cf 91       	pop	r28
    1374:	df 91       	pop	r29
    1376:	08 95       	ret

00001378 <callback_set_time>:
void callback_set_time(void)
{
    1378:	df 93       	push	r29
    137a:	cf 93       	push	r28
    137c:	cd b7       	in	r28, 0x3d	; 61
    137e:	de b7       	in	r29, 0x3e	; 62
	g_control++;
    1380:	80 91 e8 00 	lds	r24, 0x00E8
    1384:	8f 5f       	subi	r24, 0xFF	; 255
    1386:	80 93 e8 00 	sts	0x00E8, r24
	if(g_control>11)   /*each interrupt increase (g_control) by 1 that indicates 3 sec delayed
    138a:	80 91 e8 00 	lds	r24, 0x00E8
    138e:	8c 30       	cpi	r24, 0x0C	; 12
    1390:	10 f0       	brcs	.+4      	; 0x1396 <callback_set_time+0x1e>
	 *we want (15+3+15) so we want max value of (g_control) =11 then initialize it again
	 *to zero
	 */
	{
		g_control=0;
    1392:	10 92 e8 00 	sts	0x00E8, r1
	}
}
    1396:	cf 91       	pop	r28
    1398:	df 91       	pop	r29
    139a:	08 95       	ret

0000139c <GPIO_setupPinDirection>:
 * Description :
 * Setup the direction of the required pin input/output.
 * If the input port number or pin number are not correct, The function will not handle the request.
 */
void GPIO_setupPinDirection(uint8 port_num, uint8 pin_num, GPIO_PinDirectionType direction)
{
    139c:	df 93       	push	r29
    139e:	cf 93       	push	r28
    13a0:	00 d0       	rcall	.+0      	; 0x13a2 <GPIO_setupPinDirection+0x6>
    13a2:	00 d0       	rcall	.+0      	; 0x13a4 <GPIO_setupPinDirection+0x8>
    13a4:	0f 92       	push	r0
    13a6:	cd b7       	in	r28, 0x3d	; 61
    13a8:	de b7       	in	r29, 0x3e	; 62
    13aa:	89 83       	std	Y+1, r24	; 0x01
    13ac:	6a 83       	std	Y+2, r22	; 0x02
    13ae:	4b 83       	std	Y+3, r20	; 0x03
	/*
	 * Check if the input port number is greater than NUM_OF_PINS_PER_PORT value.
	 * Or if the input pin number is greater than NUM_OF_PINS_PER_PORT value.
	 * In this case the input is not valid port/pin number
	 */
	if((pin_num >= NUM_OF_PINS_PER_PORT) || (port_num >= NUM_OF_PORTS))
    13b0:	8a 81       	ldd	r24, Y+2	; 0x02
    13b2:	88 30       	cpi	r24, 0x08	; 8
    13b4:	08 f0       	brcs	.+2      	; 0x13b8 <GPIO_setupPinDirection+0x1c>
    13b6:	d5 c0       	rjmp	.+426    	; 0x1562 <GPIO_setupPinDirection+0x1c6>
    13b8:	89 81       	ldd	r24, Y+1	; 0x01
    13ba:	84 30       	cpi	r24, 0x04	; 4
    13bc:	08 f0       	brcs	.+2      	; 0x13c0 <GPIO_setupPinDirection+0x24>
    13be:	d1 c0       	rjmp	.+418    	; 0x1562 <GPIO_setupPinDirection+0x1c6>
		/* Do Nothing */
	}
	else
	{
		/* Setup the pin direction as required */
		switch(port_num)
    13c0:	89 81       	ldd	r24, Y+1	; 0x01
    13c2:	28 2f       	mov	r18, r24
    13c4:	30 e0       	ldi	r19, 0x00	; 0
    13c6:	3d 83       	std	Y+5, r19	; 0x05
    13c8:	2c 83       	std	Y+4, r18	; 0x04
    13ca:	8c 81       	ldd	r24, Y+4	; 0x04
    13cc:	9d 81       	ldd	r25, Y+5	; 0x05
    13ce:	81 30       	cpi	r24, 0x01	; 1
    13d0:	91 05       	cpc	r25, r1
    13d2:	09 f4       	brne	.+2      	; 0x13d6 <GPIO_setupPinDirection+0x3a>
    13d4:	43 c0       	rjmp	.+134    	; 0x145c <GPIO_setupPinDirection+0xc0>
    13d6:	2c 81       	ldd	r18, Y+4	; 0x04
    13d8:	3d 81       	ldd	r19, Y+5	; 0x05
    13da:	22 30       	cpi	r18, 0x02	; 2
    13dc:	31 05       	cpc	r19, r1
    13de:	2c f4       	brge	.+10     	; 0x13ea <GPIO_setupPinDirection+0x4e>
    13e0:	8c 81       	ldd	r24, Y+4	; 0x04
    13e2:	9d 81       	ldd	r25, Y+5	; 0x05
    13e4:	00 97       	sbiw	r24, 0x00	; 0
    13e6:	71 f0       	breq	.+28     	; 0x1404 <GPIO_setupPinDirection+0x68>
    13e8:	bc c0       	rjmp	.+376    	; 0x1562 <GPIO_setupPinDirection+0x1c6>
    13ea:	2c 81       	ldd	r18, Y+4	; 0x04
    13ec:	3d 81       	ldd	r19, Y+5	; 0x05
    13ee:	22 30       	cpi	r18, 0x02	; 2
    13f0:	31 05       	cpc	r19, r1
    13f2:	09 f4       	brne	.+2      	; 0x13f6 <GPIO_setupPinDirection+0x5a>
    13f4:	5f c0       	rjmp	.+190    	; 0x14b4 <GPIO_setupPinDirection+0x118>
    13f6:	8c 81       	ldd	r24, Y+4	; 0x04
    13f8:	9d 81       	ldd	r25, Y+5	; 0x05
    13fa:	83 30       	cpi	r24, 0x03	; 3
    13fc:	91 05       	cpc	r25, r1
    13fe:	09 f4       	brne	.+2      	; 0x1402 <GPIO_setupPinDirection+0x66>
    1400:	85 c0       	rjmp	.+266    	; 0x150c <GPIO_setupPinDirection+0x170>
    1402:	af c0       	rjmp	.+350    	; 0x1562 <GPIO_setupPinDirection+0x1c6>
		{
		case PORTA_ID:
			if(direction == PIN_OUTPUT)
    1404:	8b 81       	ldd	r24, Y+3	; 0x03
    1406:	81 30       	cpi	r24, 0x01	; 1
    1408:	a1 f4       	brne	.+40     	; 0x1432 <GPIO_setupPinDirection+0x96>
			{
				SET_BIT(DDRA,pin_num);
    140a:	aa e3       	ldi	r26, 0x3A	; 58
    140c:	b0 e0       	ldi	r27, 0x00	; 0
    140e:	ea e3       	ldi	r30, 0x3A	; 58
    1410:	f0 e0       	ldi	r31, 0x00	; 0
    1412:	80 81       	ld	r24, Z
    1414:	48 2f       	mov	r20, r24
    1416:	8a 81       	ldd	r24, Y+2	; 0x02
    1418:	28 2f       	mov	r18, r24
    141a:	30 e0       	ldi	r19, 0x00	; 0
    141c:	81 e0       	ldi	r24, 0x01	; 1
    141e:	90 e0       	ldi	r25, 0x00	; 0
    1420:	02 2e       	mov	r0, r18
    1422:	02 c0       	rjmp	.+4      	; 0x1428 <GPIO_setupPinDirection+0x8c>
    1424:	88 0f       	add	r24, r24
    1426:	99 1f       	adc	r25, r25
    1428:	0a 94       	dec	r0
    142a:	e2 f7       	brpl	.-8      	; 0x1424 <GPIO_setupPinDirection+0x88>
    142c:	84 2b       	or	r24, r20
    142e:	8c 93       	st	X, r24
    1430:	98 c0       	rjmp	.+304    	; 0x1562 <GPIO_setupPinDirection+0x1c6>
			}
			else
			{
				CLEAR_BIT(DDRA,pin_num);
    1432:	aa e3       	ldi	r26, 0x3A	; 58
    1434:	b0 e0       	ldi	r27, 0x00	; 0
    1436:	ea e3       	ldi	r30, 0x3A	; 58
    1438:	f0 e0       	ldi	r31, 0x00	; 0
    143a:	80 81       	ld	r24, Z
    143c:	48 2f       	mov	r20, r24
    143e:	8a 81       	ldd	r24, Y+2	; 0x02
    1440:	28 2f       	mov	r18, r24
    1442:	30 e0       	ldi	r19, 0x00	; 0
    1444:	81 e0       	ldi	r24, 0x01	; 1
    1446:	90 e0       	ldi	r25, 0x00	; 0
    1448:	02 2e       	mov	r0, r18
    144a:	02 c0       	rjmp	.+4      	; 0x1450 <GPIO_setupPinDirection+0xb4>
    144c:	88 0f       	add	r24, r24
    144e:	99 1f       	adc	r25, r25
    1450:	0a 94       	dec	r0
    1452:	e2 f7       	brpl	.-8      	; 0x144c <GPIO_setupPinDirection+0xb0>
    1454:	80 95       	com	r24
    1456:	84 23       	and	r24, r20
    1458:	8c 93       	st	X, r24
    145a:	83 c0       	rjmp	.+262    	; 0x1562 <GPIO_setupPinDirection+0x1c6>
			}
			break;
		case PORTB_ID:
			if(direction == PIN_OUTPUT)
    145c:	8b 81       	ldd	r24, Y+3	; 0x03
    145e:	81 30       	cpi	r24, 0x01	; 1
    1460:	a1 f4       	brne	.+40     	; 0x148a <GPIO_setupPinDirection+0xee>
			{
				SET_BIT(DDRB,pin_num);
    1462:	a7 e3       	ldi	r26, 0x37	; 55
    1464:	b0 e0       	ldi	r27, 0x00	; 0
    1466:	e7 e3       	ldi	r30, 0x37	; 55
    1468:	f0 e0       	ldi	r31, 0x00	; 0
    146a:	80 81       	ld	r24, Z
    146c:	48 2f       	mov	r20, r24
    146e:	8a 81       	ldd	r24, Y+2	; 0x02
    1470:	28 2f       	mov	r18, r24
    1472:	30 e0       	ldi	r19, 0x00	; 0
    1474:	81 e0       	ldi	r24, 0x01	; 1
    1476:	90 e0       	ldi	r25, 0x00	; 0
    1478:	02 2e       	mov	r0, r18
    147a:	02 c0       	rjmp	.+4      	; 0x1480 <GPIO_setupPinDirection+0xe4>
    147c:	88 0f       	add	r24, r24
    147e:	99 1f       	adc	r25, r25
    1480:	0a 94       	dec	r0
    1482:	e2 f7       	brpl	.-8      	; 0x147c <GPIO_setupPinDirection+0xe0>
    1484:	84 2b       	or	r24, r20
    1486:	8c 93       	st	X, r24
    1488:	6c c0       	rjmp	.+216    	; 0x1562 <GPIO_setupPinDirection+0x1c6>
			}
			else
			{
				CLEAR_BIT(DDRB,pin_num);
    148a:	a7 e3       	ldi	r26, 0x37	; 55
    148c:	b0 e0       	ldi	r27, 0x00	; 0
    148e:	e7 e3       	ldi	r30, 0x37	; 55
    1490:	f0 e0       	ldi	r31, 0x00	; 0
    1492:	80 81       	ld	r24, Z
    1494:	48 2f       	mov	r20, r24
    1496:	8a 81       	ldd	r24, Y+2	; 0x02
    1498:	28 2f       	mov	r18, r24
    149a:	30 e0       	ldi	r19, 0x00	; 0
    149c:	81 e0       	ldi	r24, 0x01	; 1
    149e:	90 e0       	ldi	r25, 0x00	; 0
    14a0:	02 2e       	mov	r0, r18
    14a2:	02 c0       	rjmp	.+4      	; 0x14a8 <GPIO_setupPinDirection+0x10c>
    14a4:	88 0f       	add	r24, r24
    14a6:	99 1f       	adc	r25, r25
    14a8:	0a 94       	dec	r0
    14aa:	e2 f7       	brpl	.-8      	; 0x14a4 <GPIO_setupPinDirection+0x108>
    14ac:	80 95       	com	r24
    14ae:	84 23       	and	r24, r20
    14b0:	8c 93       	st	X, r24
    14b2:	57 c0       	rjmp	.+174    	; 0x1562 <GPIO_setupPinDirection+0x1c6>
			}
			break;
		case PORTC_ID:
			if(direction == PIN_OUTPUT)
    14b4:	8b 81       	ldd	r24, Y+3	; 0x03
    14b6:	81 30       	cpi	r24, 0x01	; 1
    14b8:	a1 f4       	brne	.+40     	; 0x14e2 <GPIO_setupPinDirection+0x146>
			{
				SET_BIT(DDRC,pin_num);
    14ba:	a4 e3       	ldi	r26, 0x34	; 52
    14bc:	b0 e0       	ldi	r27, 0x00	; 0
    14be:	e4 e3       	ldi	r30, 0x34	; 52
    14c0:	f0 e0       	ldi	r31, 0x00	; 0
    14c2:	80 81       	ld	r24, Z
    14c4:	48 2f       	mov	r20, r24
    14c6:	8a 81       	ldd	r24, Y+2	; 0x02
    14c8:	28 2f       	mov	r18, r24
    14ca:	30 e0       	ldi	r19, 0x00	; 0
    14cc:	81 e0       	ldi	r24, 0x01	; 1
    14ce:	90 e0       	ldi	r25, 0x00	; 0
    14d0:	02 2e       	mov	r0, r18
    14d2:	02 c0       	rjmp	.+4      	; 0x14d8 <GPIO_setupPinDirection+0x13c>
    14d4:	88 0f       	add	r24, r24
    14d6:	99 1f       	adc	r25, r25
    14d8:	0a 94       	dec	r0
    14da:	e2 f7       	brpl	.-8      	; 0x14d4 <GPIO_setupPinDirection+0x138>
    14dc:	84 2b       	or	r24, r20
    14de:	8c 93       	st	X, r24
    14e0:	40 c0       	rjmp	.+128    	; 0x1562 <GPIO_setupPinDirection+0x1c6>
			}
			else
			{
				CLEAR_BIT(DDRC,pin_num);
    14e2:	a4 e3       	ldi	r26, 0x34	; 52
    14e4:	b0 e0       	ldi	r27, 0x00	; 0
    14e6:	e4 e3       	ldi	r30, 0x34	; 52
    14e8:	f0 e0       	ldi	r31, 0x00	; 0
    14ea:	80 81       	ld	r24, Z
    14ec:	48 2f       	mov	r20, r24
    14ee:	8a 81       	ldd	r24, Y+2	; 0x02
    14f0:	28 2f       	mov	r18, r24
    14f2:	30 e0       	ldi	r19, 0x00	; 0
    14f4:	81 e0       	ldi	r24, 0x01	; 1
    14f6:	90 e0       	ldi	r25, 0x00	; 0
    14f8:	02 2e       	mov	r0, r18
    14fa:	02 c0       	rjmp	.+4      	; 0x1500 <GPIO_setupPinDirection+0x164>
    14fc:	88 0f       	add	r24, r24
    14fe:	99 1f       	adc	r25, r25
    1500:	0a 94       	dec	r0
    1502:	e2 f7       	brpl	.-8      	; 0x14fc <GPIO_setupPinDirection+0x160>
    1504:	80 95       	com	r24
    1506:	84 23       	and	r24, r20
    1508:	8c 93       	st	X, r24
    150a:	2b c0       	rjmp	.+86     	; 0x1562 <GPIO_setupPinDirection+0x1c6>
			}
			break;
		case PORTD_ID:
			if(direction == PIN_OUTPUT)
    150c:	8b 81       	ldd	r24, Y+3	; 0x03
    150e:	81 30       	cpi	r24, 0x01	; 1
    1510:	a1 f4       	brne	.+40     	; 0x153a <GPIO_setupPinDirection+0x19e>
			{
				SET_BIT(DDRD,pin_num);
    1512:	a1 e3       	ldi	r26, 0x31	; 49
    1514:	b0 e0       	ldi	r27, 0x00	; 0
    1516:	e1 e3       	ldi	r30, 0x31	; 49
    1518:	f0 e0       	ldi	r31, 0x00	; 0
    151a:	80 81       	ld	r24, Z
    151c:	48 2f       	mov	r20, r24
    151e:	8a 81       	ldd	r24, Y+2	; 0x02
    1520:	28 2f       	mov	r18, r24
    1522:	30 e0       	ldi	r19, 0x00	; 0
    1524:	81 e0       	ldi	r24, 0x01	; 1
    1526:	90 e0       	ldi	r25, 0x00	; 0
    1528:	02 2e       	mov	r0, r18
    152a:	02 c0       	rjmp	.+4      	; 0x1530 <GPIO_setupPinDirection+0x194>
    152c:	88 0f       	add	r24, r24
    152e:	99 1f       	adc	r25, r25
    1530:	0a 94       	dec	r0
    1532:	e2 f7       	brpl	.-8      	; 0x152c <GPIO_setupPinDirection+0x190>
    1534:	84 2b       	or	r24, r20
    1536:	8c 93       	st	X, r24
    1538:	14 c0       	rjmp	.+40     	; 0x1562 <GPIO_setupPinDirection+0x1c6>
			}
			else
			{
				CLEAR_BIT(DDRD,pin_num);
    153a:	a1 e3       	ldi	r26, 0x31	; 49
    153c:	b0 e0       	ldi	r27, 0x00	; 0
    153e:	e1 e3       	ldi	r30, 0x31	; 49
    1540:	f0 e0       	ldi	r31, 0x00	; 0
    1542:	80 81       	ld	r24, Z
    1544:	48 2f       	mov	r20, r24
    1546:	8a 81       	ldd	r24, Y+2	; 0x02
    1548:	28 2f       	mov	r18, r24
    154a:	30 e0       	ldi	r19, 0x00	; 0
    154c:	81 e0       	ldi	r24, 0x01	; 1
    154e:	90 e0       	ldi	r25, 0x00	; 0
    1550:	02 2e       	mov	r0, r18
    1552:	02 c0       	rjmp	.+4      	; 0x1558 <GPIO_setupPinDirection+0x1bc>
    1554:	88 0f       	add	r24, r24
    1556:	99 1f       	adc	r25, r25
    1558:	0a 94       	dec	r0
    155a:	e2 f7       	brpl	.-8      	; 0x1554 <GPIO_setupPinDirection+0x1b8>
    155c:	80 95       	com	r24
    155e:	84 23       	and	r24, r20
    1560:	8c 93       	st	X, r24
			}
			break;
		}
	}
}
    1562:	0f 90       	pop	r0
    1564:	0f 90       	pop	r0
    1566:	0f 90       	pop	r0
    1568:	0f 90       	pop	r0
    156a:	0f 90       	pop	r0
    156c:	cf 91       	pop	r28
    156e:	df 91       	pop	r29
    1570:	08 95       	ret

00001572 <GPIO_writePin>:
 * Write the value Logic High or Logic Low on the required pin.
 * If the input port number or pin number are not correct, The function will not handle the request.
 * If the pin is input, this function will enable/disable the internal pull-up resistor.
 */
void GPIO_writePin(uint8 port_num, uint8 pin_num, uint8 value)
{
    1572:	df 93       	push	r29
    1574:	cf 93       	push	r28
    1576:	00 d0       	rcall	.+0      	; 0x1578 <GPIO_writePin+0x6>
    1578:	00 d0       	rcall	.+0      	; 0x157a <GPIO_writePin+0x8>
    157a:	0f 92       	push	r0
    157c:	cd b7       	in	r28, 0x3d	; 61
    157e:	de b7       	in	r29, 0x3e	; 62
    1580:	89 83       	std	Y+1, r24	; 0x01
    1582:	6a 83       	std	Y+2, r22	; 0x02
    1584:	4b 83       	std	Y+3, r20	; 0x03
	/*
	 * Check if the input port number is greater than NUM_OF_PINS_PER_PORT value.
	 * Or if the input pin number is greater than NUM_OF_PINS_PER_PORT value.
	 * In this case the input is not valid port/pin number
	 */
	if((pin_num >= NUM_OF_PINS_PER_PORT) || (port_num >= NUM_OF_PORTS))
    1586:	8a 81       	ldd	r24, Y+2	; 0x02
    1588:	88 30       	cpi	r24, 0x08	; 8
    158a:	08 f0       	brcs	.+2      	; 0x158e <GPIO_writePin+0x1c>
    158c:	d5 c0       	rjmp	.+426    	; 0x1738 <GPIO_writePin+0x1c6>
    158e:	89 81       	ldd	r24, Y+1	; 0x01
    1590:	84 30       	cpi	r24, 0x04	; 4
    1592:	08 f0       	brcs	.+2      	; 0x1596 <GPIO_writePin+0x24>
    1594:	d1 c0       	rjmp	.+418    	; 0x1738 <GPIO_writePin+0x1c6>
		/* Do Nothing */
	}
	else
	{
		/* Write the pin value as required */
		switch(port_num)
    1596:	89 81       	ldd	r24, Y+1	; 0x01
    1598:	28 2f       	mov	r18, r24
    159a:	30 e0       	ldi	r19, 0x00	; 0
    159c:	3d 83       	std	Y+5, r19	; 0x05
    159e:	2c 83       	std	Y+4, r18	; 0x04
    15a0:	8c 81       	ldd	r24, Y+4	; 0x04
    15a2:	9d 81       	ldd	r25, Y+5	; 0x05
    15a4:	81 30       	cpi	r24, 0x01	; 1
    15a6:	91 05       	cpc	r25, r1
    15a8:	09 f4       	brne	.+2      	; 0x15ac <GPIO_writePin+0x3a>
    15aa:	43 c0       	rjmp	.+134    	; 0x1632 <GPIO_writePin+0xc0>
    15ac:	2c 81       	ldd	r18, Y+4	; 0x04
    15ae:	3d 81       	ldd	r19, Y+5	; 0x05
    15b0:	22 30       	cpi	r18, 0x02	; 2
    15b2:	31 05       	cpc	r19, r1
    15b4:	2c f4       	brge	.+10     	; 0x15c0 <GPIO_writePin+0x4e>
    15b6:	8c 81       	ldd	r24, Y+4	; 0x04
    15b8:	9d 81       	ldd	r25, Y+5	; 0x05
    15ba:	00 97       	sbiw	r24, 0x00	; 0
    15bc:	71 f0       	breq	.+28     	; 0x15da <GPIO_writePin+0x68>
    15be:	bc c0       	rjmp	.+376    	; 0x1738 <GPIO_writePin+0x1c6>
    15c0:	2c 81       	ldd	r18, Y+4	; 0x04
    15c2:	3d 81       	ldd	r19, Y+5	; 0x05
    15c4:	22 30       	cpi	r18, 0x02	; 2
    15c6:	31 05       	cpc	r19, r1
    15c8:	09 f4       	brne	.+2      	; 0x15cc <GPIO_writePin+0x5a>
    15ca:	5f c0       	rjmp	.+190    	; 0x168a <GPIO_writePin+0x118>
    15cc:	8c 81       	ldd	r24, Y+4	; 0x04
    15ce:	9d 81       	ldd	r25, Y+5	; 0x05
    15d0:	83 30       	cpi	r24, 0x03	; 3
    15d2:	91 05       	cpc	r25, r1
    15d4:	09 f4       	brne	.+2      	; 0x15d8 <GPIO_writePin+0x66>
    15d6:	85 c0       	rjmp	.+266    	; 0x16e2 <GPIO_writePin+0x170>
    15d8:	af c0       	rjmp	.+350    	; 0x1738 <GPIO_writePin+0x1c6>
		{
		case PORTA_ID:
			if(value == LOGIC_HIGH)
    15da:	8b 81       	ldd	r24, Y+3	; 0x03
    15dc:	81 30       	cpi	r24, 0x01	; 1
    15de:	a1 f4       	brne	.+40     	; 0x1608 <GPIO_writePin+0x96>
			{
				SET_BIT(PORTA,pin_num);
    15e0:	ab e3       	ldi	r26, 0x3B	; 59
    15e2:	b0 e0       	ldi	r27, 0x00	; 0
    15e4:	eb e3       	ldi	r30, 0x3B	; 59
    15e6:	f0 e0       	ldi	r31, 0x00	; 0
    15e8:	80 81       	ld	r24, Z
    15ea:	48 2f       	mov	r20, r24
    15ec:	8a 81       	ldd	r24, Y+2	; 0x02
    15ee:	28 2f       	mov	r18, r24
    15f0:	30 e0       	ldi	r19, 0x00	; 0
    15f2:	81 e0       	ldi	r24, 0x01	; 1
    15f4:	90 e0       	ldi	r25, 0x00	; 0
    15f6:	02 2e       	mov	r0, r18
    15f8:	02 c0       	rjmp	.+4      	; 0x15fe <GPIO_writePin+0x8c>
    15fa:	88 0f       	add	r24, r24
    15fc:	99 1f       	adc	r25, r25
    15fe:	0a 94       	dec	r0
    1600:	e2 f7       	brpl	.-8      	; 0x15fa <GPIO_writePin+0x88>
    1602:	84 2b       	or	r24, r20
    1604:	8c 93       	st	X, r24
    1606:	98 c0       	rjmp	.+304    	; 0x1738 <GPIO_writePin+0x1c6>
			}
			else
			{
				CLEAR_BIT(PORTA,pin_num);
    1608:	ab e3       	ldi	r26, 0x3B	; 59
    160a:	b0 e0       	ldi	r27, 0x00	; 0
    160c:	eb e3       	ldi	r30, 0x3B	; 59
    160e:	f0 e0       	ldi	r31, 0x00	; 0
    1610:	80 81       	ld	r24, Z
    1612:	48 2f       	mov	r20, r24
    1614:	8a 81       	ldd	r24, Y+2	; 0x02
    1616:	28 2f       	mov	r18, r24
    1618:	30 e0       	ldi	r19, 0x00	; 0
    161a:	81 e0       	ldi	r24, 0x01	; 1
    161c:	90 e0       	ldi	r25, 0x00	; 0
    161e:	02 2e       	mov	r0, r18
    1620:	02 c0       	rjmp	.+4      	; 0x1626 <GPIO_writePin+0xb4>
    1622:	88 0f       	add	r24, r24
    1624:	99 1f       	adc	r25, r25
    1626:	0a 94       	dec	r0
    1628:	e2 f7       	brpl	.-8      	; 0x1622 <GPIO_writePin+0xb0>
    162a:	80 95       	com	r24
    162c:	84 23       	and	r24, r20
    162e:	8c 93       	st	X, r24
    1630:	83 c0       	rjmp	.+262    	; 0x1738 <GPIO_writePin+0x1c6>
			}
			break;
		case PORTB_ID:
			if(value == LOGIC_HIGH)
    1632:	8b 81       	ldd	r24, Y+3	; 0x03
    1634:	81 30       	cpi	r24, 0x01	; 1
    1636:	a1 f4       	brne	.+40     	; 0x1660 <GPIO_writePin+0xee>
			{
				SET_BIT(PORTB,pin_num);
    1638:	a8 e3       	ldi	r26, 0x38	; 56
    163a:	b0 e0       	ldi	r27, 0x00	; 0
    163c:	e8 e3       	ldi	r30, 0x38	; 56
    163e:	f0 e0       	ldi	r31, 0x00	; 0
    1640:	80 81       	ld	r24, Z
    1642:	48 2f       	mov	r20, r24
    1644:	8a 81       	ldd	r24, Y+2	; 0x02
    1646:	28 2f       	mov	r18, r24
    1648:	30 e0       	ldi	r19, 0x00	; 0
    164a:	81 e0       	ldi	r24, 0x01	; 1
    164c:	90 e0       	ldi	r25, 0x00	; 0
    164e:	02 2e       	mov	r0, r18
    1650:	02 c0       	rjmp	.+4      	; 0x1656 <GPIO_writePin+0xe4>
    1652:	88 0f       	add	r24, r24
    1654:	99 1f       	adc	r25, r25
    1656:	0a 94       	dec	r0
    1658:	e2 f7       	brpl	.-8      	; 0x1652 <GPIO_writePin+0xe0>
    165a:	84 2b       	or	r24, r20
    165c:	8c 93       	st	X, r24
    165e:	6c c0       	rjmp	.+216    	; 0x1738 <GPIO_writePin+0x1c6>
			}
			else
			{
				CLEAR_BIT(PORTB,pin_num);
    1660:	a8 e3       	ldi	r26, 0x38	; 56
    1662:	b0 e0       	ldi	r27, 0x00	; 0
    1664:	e8 e3       	ldi	r30, 0x38	; 56
    1666:	f0 e0       	ldi	r31, 0x00	; 0
    1668:	80 81       	ld	r24, Z
    166a:	48 2f       	mov	r20, r24
    166c:	8a 81       	ldd	r24, Y+2	; 0x02
    166e:	28 2f       	mov	r18, r24
    1670:	30 e0       	ldi	r19, 0x00	; 0
    1672:	81 e0       	ldi	r24, 0x01	; 1
    1674:	90 e0       	ldi	r25, 0x00	; 0
    1676:	02 2e       	mov	r0, r18
    1678:	02 c0       	rjmp	.+4      	; 0x167e <GPIO_writePin+0x10c>
    167a:	88 0f       	add	r24, r24
    167c:	99 1f       	adc	r25, r25
    167e:	0a 94       	dec	r0
    1680:	e2 f7       	brpl	.-8      	; 0x167a <GPIO_writePin+0x108>
    1682:	80 95       	com	r24
    1684:	84 23       	and	r24, r20
    1686:	8c 93       	st	X, r24
    1688:	57 c0       	rjmp	.+174    	; 0x1738 <GPIO_writePin+0x1c6>
			}
			break;
		case PORTC_ID:
			if(value == LOGIC_HIGH)
    168a:	8b 81       	ldd	r24, Y+3	; 0x03
    168c:	81 30       	cpi	r24, 0x01	; 1
    168e:	a1 f4       	brne	.+40     	; 0x16b8 <GPIO_writePin+0x146>
			{
				SET_BIT(PORTC,pin_num);
    1690:	a5 e3       	ldi	r26, 0x35	; 53
    1692:	b0 e0       	ldi	r27, 0x00	; 0
    1694:	e5 e3       	ldi	r30, 0x35	; 53
    1696:	f0 e0       	ldi	r31, 0x00	; 0
    1698:	80 81       	ld	r24, Z
    169a:	48 2f       	mov	r20, r24
    169c:	8a 81       	ldd	r24, Y+2	; 0x02
    169e:	28 2f       	mov	r18, r24
    16a0:	30 e0       	ldi	r19, 0x00	; 0
    16a2:	81 e0       	ldi	r24, 0x01	; 1
    16a4:	90 e0       	ldi	r25, 0x00	; 0
    16a6:	02 2e       	mov	r0, r18
    16a8:	02 c0       	rjmp	.+4      	; 0x16ae <GPIO_writePin+0x13c>
    16aa:	88 0f       	add	r24, r24
    16ac:	99 1f       	adc	r25, r25
    16ae:	0a 94       	dec	r0
    16b0:	e2 f7       	brpl	.-8      	; 0x16aa <GPIO_writePin+0x138>
    16b2:	84 2b       	or	r24, r20
    16b4:	8c 93       	st	X, r24
    16b6:	40 c0       	rjmp	.+128    	; 0x1738 <GPIO_writePin+0x1c6>
			}
			else
			{
				CLEAR_BIT(PORTC,pin_num);
    16b8:	a5 e3       	ldi	r26, 0x35	; 53
    16ba:	b0 e0       	ldi	r27, 0x00	; 0
    16bc:	e5 e3       	ldi	r30, 0x35	; 53
    16be:	f0 e0       	ldi	r31, 0x00	; 0
    16c0:	80 81       	ld	r24, Z
    16c2:	48 2f       	mov	r20, r24
    16c4:	8a 81       	ldd	r24, Y+2	; 0x02
    16c6:	28 2f       	mov	r18, r24
    16c8:	30 e0       	ldi	r19, 0x00	; 0
    16ca:	81 e0       	ldi	r24, 0x01	; 1
    16cc:	90 e0       	ldi	r25, 0x00	; 0
    16ce:	02 2e       	mov	r0, r18
    16d0:	02 c0       	rjmp	.+4      	; 0x16d6 <GPIO_writePin+0x164>
    16d2:	88 0f       	add	r24, r24
    16d4:	99 1f       	adc	r25, r25
    16d6:	0a 94       	dec	r0
    16d8:	e2 f7       	brpl	.-8      	; 0x16d2 <GPIO_writePin+0x160>
    16da:	80 95       	com	r24
    16dc:	84 23       	and	r24, r20
    16de:	8c 93       	st	X, r24
    16e0:	2b c0       	rjmp	.+86     	; 0x1738 <GPIO_writePin+0x1c6>
			}
			break;
		case PORTD_ID:
			if(value == LOGIC_HIGH)
    16e2:	8b 81       	ldd	r24, Y+3	; 0x03
    16e4:	81 30       	cpi	r24, 0x01	; 1
    16e6:	a1 f4       	brne	.+40     	; 0x1710 <GPIO_writePin+0x19e>
			{
				SET_BIT(PORTD,pin_num);
    16e8:	a2 e3       	ldi	r26, 0x32	; 50
    16ea:	b0 e0       	ldi	r27, 0x00	; 0
    16ec:	e2 e3       	ldi	r30, 0x32	; 50
    16ee:	f0 e0       	ldi	r31, 0x00	; 0
    16f0:	80 81       	ld	r24, Z
    16f2:	48 2f       	mov	r20, r24
    16f4:	8a 81       	ldd	r24, Y+2	; 0x02
    16f6:	28 2f       	mov	r18, r24
    16f8:	30 e0       	ldi	r19, 0x00	; 0
    16fa:	81 e0       	ldi	r24, 0x01	; 1
    16fc:	90 e0       	ldi	r25, 0x00	; 0
    16fe:	02 2e       	mov	r0, r18
    1700:	02 c0       	rjmp	.+4      	; 0x1706 <GPIO_writePin+0x194>
    1702:	88 0f       	add	r24, r24
    1704:	99 1f       	adc	r25, r25
    1706:	0a 94       	dec	r0
    1708:	e2 f7       	brpl	.-8      	; 0x1702 <GPIO_writePin+0x190>
    170a:	84 2b       	or	r24, r20
    170c:	8c 93       	st	X, r24
    170e:	14 c0       	rjmp	.+40     	; 0x1738 <GPIO_writePin+0x1c6>
			}
			else
			{
				CLEAR_BIT(PORTD,pin_num);
    1710:	a2 e3       	ldi	r26, 0x32	; 50
    1712:	b0 e0       	ldi	r27, 0x00	; 0
    1714:	e2 e3       	ldi	r30, 0x32	; 50
    1716:	f0 e0       	ldi	r31, 0x00	; 0
    1718:	80 81       	ld	r24, Z
    171a:	48 2f       	mov	r20, r24
    171c:	8a 81       	ldd	r24, Y+2	; 0x02
    171e:	28 2f       	mov	r18, r24
    1720:	30 e0       	ldi	r19, 0x00	; 0
    1722:	81 e0       	ldi	r24, 0x01	; 1
    1724:	90 e0       	ldi	r25, 0x00	; 0
    1726:	02 2e       	mov	r0, r18
    1728:	02 c0       	rjmp	.+4      	; 0x172e <GPIO_writePin+0x1bc>
    172a:	88 0f       	add	r24, r24
    172c:	99 1f       	adc	r25, r25
    172e:	0a 94       	dec	r0
    1730:	e2 f7       	brpl	.-8      	; 0x172a <GPIO_writePin+0x1b8>
    1732:	80 95       	com	r24
    1734:	84 23       	and	r24, r20
    1736:	8c 93       	st	X, r24
			}
			break;
		}
	}
}
    1738:	0f 90       	pop	r0
    173a:	0f 90       	pop	r0
    173c:	0f 90       	pop	r0
    173e:	0f 90       	pop	r0
    1740:	0f 90       	pop	r0
    1742:	cf 91       	pop	r28
    1744:	df 91       	pop	r29
    1746:	08 95       	ret

00001748 <GPIO_readPin>:
 * Description :
 * Read and return the value for the required pin, it should be Logic High or Logic Low.
 * If the input port number or pin number are not correct, The function will return Logic Low.
 */
uint8 GPIO_readPin(uint8 port_num, uint8 pin_num)
{
    1748:	df 93       	push	r29
    174a:	cf 93       	push	r28
    174c:	00 d0       	rcall	.+0      	; 0x174e <GPIO_readPin+0x6>
    174e:	00 d0       	rcall	.+0      	; 0x1750 <GPIO_readPin+0x8>
    1750:	0f 92       	push	r0
    1752:	cd b7       	in	r28, 0x3d	; 61
    1754:	de b7       	in	r29, 0x3e	; 62
    1756:	8a 83       	std	Y+2, r24	; 0x02
    1758:	6b 83       	std	Y+3, r22	; 0x03
	uint8 pin_value = LOGIC_LOW;
    175a:	19 82       	std	Y+1, r1	; 0x01
	/*
	 * Check if the input port number is greater than NUM_OF_PINS_PER_PORT value.
	 * Or if the input pin number is greater than NUM_OF_PINS_PER_PORT value.
	 * In this case the input is not valid port/pin number
	 */
	if((pin_num >= NUM_OF_PINS_PER_PORT) || (port_num >= NUM_OF_PORTS))
    175c:	8b 81       	ldd	r24, Y+3	; 0x03
    175e:	88 30       	cpi	r24, 0x08	; 8
    1760:	08 f0       	brcs	.+2      	; 0x1764 <GPIO_readPin+0x1c>
    1762:	84 c0       	rjmp	.+264    	; 0x186c <GPIO_readPin+0x124>
    1764:	8a 81       	ldd	r24, Y+2	; 0x02
    1766:	84 30       	cpi	r24, 0x04	; 4
    1768:	08 f0       	brcs	.+2      	; 0x176c <GPIO_readPin+0x24>
    176a:	80 c0       	rjmp	.+256    	; 0x186c <GPIO_readPin+0x124>
		/* Do Nothing */
	}
	else
	{
		/* Read the pin value as required */
		switch(port_num)
    176c:	8a 81       	ldd	r24, Y+2	; 0x02
    176e:	28 2f       	mov	r18, r24
    1770:	30 e0       	ldi	r19, 0x00	; 0
    1772:	3d 83       	std	Y+5, r19	; 0x05
    1774:	2c 83       	std	Y+4, r18	; 0x04
    1776:	4c 81       	ldd	r20, Y+4	; 0x04
    1778:	5d 81       	ldd	r21, Y+5	; 0x05
    177a:	41 30       	cpi	r20, 0x01	; 1
    177c:	51 05       	cpc	r21, r1
    177e:	79 f1       	breq	.+94     	; 0x17de <GPIO_readPin+0x96>
    1780:	8c 81       	ldd	r24, Y+4	; 0x04
    1782:	9d 81       	ldd	r25, Y+5	; 0x05
    1784:	82 30       	cpi	r24, 0x02	; 2
    1786:	91 05       	cpc	r25, r1
    1788:	34 f4       	brge	.+12     	; 0x1796 <GPIO_readPin+0x4e>
    178a:	2c 81       	ldd	r18, Y+4	; 0x04
    178c:	3d 81       	ldd	r19, Y+5	; 0x05
    178e:	21 15       	cp	r18, r1
    1790:	31 05       	cpc	r19, r1
    1792:	69 f0       	breq	.+26     	; 0x17ae <GPIO_readPin+0x66>
    1794:	6b c0       	rjmp	.+214    	; 0x186c <GPIO_readPin+0x124>
    1796:	4c 81       	ldd	r20, Y+4	; 0x04
    1798:	5d 81       	ldd	r21, Y+5	; 0x05
    179a:	42 30       	cpi	r20, 0x02	; 2
    179c:	51 05       	cpc	r21, r1
    179e:	b9 f1       	breq	.+110    	; 0x180e <GPIO_readPin+0xc6>
    17a0:	8c 81       	ldd	r24, Y+4	; 0x04
    17a2:	9d 81       	ldd	r25, Y+5	; 0x05
    17a4:	83 30       	cpi	r24, 0x03	; 3
    17a6:	91 05       	cpc	r25, r1
    17a8:	09 f4       	brne	.+2      	; 0x17ac <GPIO_readPin+0x64>
    17aa:	49 c0       	rjmp	.+146    	; 0x183e <GPIO_readPin+0xf6>
    17ac:	5f c0       	rjmp	.+190    	; 0x186c <GPIO_readPin+0x124>
		{
		case PORTA_ID:
			if(BIT_IS_SET(PINA,pin_num))
    17ae:	e9 e3       	ldi	r30, 0x39	; 57
    17b0:	f0 e0       	ldi	r31, 0x00	; 0
    17b2:	80 81       	ld	r24, Z
    17b4:	28 2f       	mov	r18, r24
    17b6:	30 e0       	ldi	r19, 0x00	; 0
    17b8:	8b 81       	ldd	r24, Y+3	; 0x03
    17ba:	88 2f       	mov	r24, r24
    17bc:	90 e0       	ldi	r25, 0x00	; 0
    17be:	a9 01       	movw	r20, r18
    17c0:	02 c0       	rjmp	.+4      	; 0x17c6 <GPIO_readPin+0x7e>
    17c2:	55 95       	asr	r21
    17c4:	47 95       	ror	r20
    17c6:	8a 95       	dec	r24
    17c8:	e2 f7       	brpl	.-8      	; 0x17c2 <GPIO_readPin+0x7a>
    17ca:	ca 01       	movw	r24, r20
    17cc:	81 70       	andi	r24, 0x01	; 1
    17ce:	90 70       	andi	r25, 0x00	; 0
    17d0:	88 23       	and	r24, r24
    17d2:	19 f0       	breq	.+6      	; 0x17da <GPIO_readPin+0x92>
			{
				pin_value = LOGIC_HIGH;
    17d4:	81 e0       	ldi	r24, 0x01	; 1
    17d6:	89 83       	std	Y+1, r24	; 0x01
    17d8:	49 c0       	rjmp	.+146    	; 0x186c <GPIO_readPin+0x124>
			}
			else
			{
				pin_value = LOGIC_LOW;
    17da:	19 82       	std	Y+1, r1	; 0x01
    17dc:	47 c0       	rjmp	.+142    	; 0x186c <GPIO_readPin+0x124>
			}
			break;
		case PORTB_ID:
			if(BIT_IS_SET(PINB,pin_num))
    17de:	e6 e3       	ldi	r30, 0x36	; 54
    17e0:	f0 e0       	ldi	r31, 0x00	; 0
    17e2:	80 81       	ld	r24, Z
    17e4:	28 2f       	mov	r18, r24
    17e6:	30 e0       	ldi	r19, 0x00	; 0
    17e8:	8b 81       	ldd	r24, Y+3	; 0x03
    17ea:	88 2f       	mov	r24, r24
    17ec:	90 e0       	ldi	r25, 0x00	; 0
    17ee:	a9 01       	movw	r20, r18
    17f0:	02 c0       	rjmp	.+4      	; 0x17f6 <GPIO_readPin+0xae>
    17f2:	55 95       	asr	r21
    17f4:	47 95       	ror	r20
    17f6:	8a 95       	dec	r24
    17f8:	e2 f7       	brpl	.-8      	; 0x17f2 <GPIO_readPin+0xaa>
    17fa:	ca 01       	movw	r24, r20
    17fc:	81 70       	andi	r24, 0x01	; 1
    17fe:	90 70       	andi	r25, 0x00	; 0
    1800:	88 23       	and	r24, r24
    1802:	19 f0       	breq	.+6      	; 0x180a <GPIO_readPin+0xc2>
			{
				pin_value = LOGIC_HIGH;
    1804:	81 e0       	ldi	r24, 0x01	; 1
    1806:	89 83       	std	Y+1, r24	; 0x01
    1808:	31 c0       	rjmp	.+98     	; 0x186c <GPIO_readPin+0x124>
			}
			else
			{
				pin_value = LOGIC_LOW;
    180a:	19 82       	std	Y+1, r1	; 0x01
    180c:	2f c0       	rjmp	.+94     	; 0x186c <GPIO_readPin+0x124>
			}
			break;
		case PORTC_ID:
			if(BIT_IS_SET(PINC,pin_num))
    180e:	e3 e3       	ldi	r30, 0x33	; 51
    1810:	f0 e0       	ldi	r31, 0x00	; 0
    1812:	80 81       	ld	r24, Z
    1814:	28 2f       	mov	r18, r24
    1816:	30 e0       	ldi	r19, 0x00	; 0
    1818:	8b 81       	ldd	r24, Y+3	; 0x03
    181a:	88 2f       	mov	r24, r24
    181c:	90 e0       	ldi	r25, 0x00	; 0
    181e:	a9 01       	movw	r20, r18
    1820:	02 c0       	rjmp	.+4      	; 0x1826 <GPIO_readPin+0xde>
    1822:	55 95       	asr	r21
    1824:	47 95       	ror	r20
    1826:	8a 95       	dec	r24
    1828:	e2 f7       	brpl	.-8      	; 0x1822 <GPIO_readPin+0xda>
    182a:	ca 01       	movw	r24, r20
    182c:	81 70       	andi	r24, 0x01	; 1
    182e:	90 70       	andi	r25, 0x00	; 0
    1830:	88 23       	and	r24, r24
    1832:	19 f0       	breq	.+6      	; 0x183a <GPIO_readPin+0xf2>
			{
				pin_value = LOGIC_HIGH;
    1834:	81 e0       	ldi	r24, 0x01	; 1
    1836:	89 83       	std	Y+1, r24	; 0x01
    1838:	19 c0       	rjmp	.+50     	; 0x186c <GPIO_readPin+0x124>
			}
			else
			{
				pin_value = LOGIC_LOW;
    183a:	19 82       	std	Y+1, r1	; 0x01
    183c:	17 c0       	rjmp	.+46     	; 0x186c <GPIO_readPin+0x124>
			}
			break;
		case PORTD_ID:
			if(BIT_IS_SET(PIND,pin_num))
    183e:	e0 e3       	ldi	r30, 0x30	; 48
    1840:	f0 e0       	ldi	r31, 0x00	; 0
    1842:	80 81       	ld	r24, Z
    1844:	28 2f       	mov	r18, r24
    1846:	30 e0       	ldi	r19, 0x00	; 0
    1848:	8b 81       	ldd	r24, Y+3	; 0x03
    184a:	88 2f       	mov	r24, r24
    184c:	90 e0       	ldi	r25, 0x00	; 0
    184e:	a9 01       	movw	r20, r18
    1850:	02 c0       	rjmp	.+4      	; 0x1856 <GPIO_readPin+0x10e>
    1852:	55 95       	asr	r21
    1854:	47 95       	ror	r20
    1856:	8a 95       	dec	r24
    1858:	e2 f7       	brpl	.-8      	; 0x1852 <GPIO_readPin+0x10a>
    185a:	ca 01       	movw	r24, r20
    185c:	81 70       	andi	r24, 0x01	; 1
    185e:	90 70       	andi	r25, 0x00	; 0
    1860:	88 23       	and	r24, r24
    1862:	19 f0       	breq	.+6      	; 0x186a <GPIO_readPin+0x122>
			{
				pin_value = LOGIC_HIGH;
    1864:	81 e0       	ldi	r24, 0x01	; 1
    1866:	89 83       	std	Y+1, r24	; 0x01
    1868:	01 c0       	rjmp	.+2      	; 0x186c <GPIO_readPin+0x124>
			}
			else
			{
				pin_value = LOGIC_LOW;
    186a:	19 82       	std	Y+1, r1	; 0x01
			}
			break;
		}
	}

	return pin_value;
    186c:	89 81       	ldd	r24, Y+1	; 0x01
}
    186e:	0f 90       	pop	r0
    1870:	0f 90       	pop	r0
    1872:	0f 90       	pop	r0
    1874:	0f 90       	pop	r0
    1876:	0f 90       	pop	r0
    1878:	cf 91       	pop	r28
    187a:	df 91       	pop	r29
    187c:	08 95       	ret

0000187e <GPIO_setupPortDirection>:
 * If the direction value is PORT_INPUT all pins in this port should be input pins.
 * If the direction value is PORT_OUTPUT all pins in this port should be output pins.
 * If the input port number is not correct, The function will not handle the request.
 */
void GPIO_setupPortDirection(uint8 port_num, GPIO_PortDirectionType direction)
{
    187e:	df 93       	push	r29
    1880:	cf 93       	push	r28
    1882:	00 d0       	rcall	.+0      	; 0x1884 <GPIO_setupPortDirection+0x6>
    1884:	00 d0       	rcall	.+0      	; 0x1886 <GPIO_setupPortDirection+0x8>
    1886:	cd b7       	in	r28, 0x3d	; 61
    1888:	de b7       	in	r29, 0x3e	; 62
    188a:	89 83       	std	Y+1, r24	; 0x01
    188c:	6a 83       	std	Y+2, r22	; 0x02
	/*
	 * Check if the input number is greater than NUM_OF_PORTS value.
	 * In this case the input is not valid port number
	 */
	if(port_num >= NUM_OF_PORTS)
    188e:	89 81       	ldd	r24, Y+1	; 0x01
    1890:	84 30       	cpi	r24, 0x04	; 4
    1892:	90 f5       	brcc	.+100    	; 0x18f8 <GPIO_setupPortDirection+0x7a>
		/* Do Nothing */
	}
	else
	{
		/* Setup the port direction as required */
		switch(port_num)
    1894:	89 81       	ldd	r24, Y+1	; 0x01
    1896:	28 2f       	mov	r18, r24
    1898:	30 e0       	ldi	r19, 0x00	; 0
    189a:	3c 83       	std	Y+4, r19	; 0x04
    189c:	2b 83       	std	Y+3, r18	; 0x03
    189e:	8b 81       	ldd	r24, Y+3	; 0x03
    18a0:	9c 81       	ldd	r25, Y+4	; 0x04
    18a2:	81 30       	cpi	r24, 0x01	; 1
    18a4:	91 05       	cpc	r25, r1
    18a6:	d1 f0       	breq	.+52     	; 0x18dc <GPIO_setupPortDirection+0x5e>
    18a8:	2b 81       	ldd	r18, Y+3	; 0x03
    18aa:	3c 81       	ldd	r19, Y+4	; 0x04
    18ac:	22 30       	cpi	r18, 0x02	; 2
    18ae:	31 05       	cpc	r19, r1
    18b0:	2c f4       	brge	.+10     	; 0x18bc <GPIO_setupPortDirection+0x3e>
    18b2:	8b 81       	ldd	r24, Y+3	; 0x03
    18b4:	9c 81       	ldd	r25, Y+4	; 0x04
    18b6:	00 97       	sbiw	r24, 0x00	; 0
    18b8:	61 f0       	breq	.+24     	; 0x18d2 <GPIO_setupPortDirection+0x54>
    18ba:	1e c0       	rjmp	.+60     	; 0x18f8 <GPIO_setupPortDirection+0x7a>
    18bc:	2b 81       	ldd	r18, Y+3	; 0x03
    18be:	3c 81       	ldd	r19, Y+4	; 0x04
    18c0:	22 30       	cpi	r18, 0x02	; 2
    18c2:	31 05       	cpc	r19, r1
    18c4:	81 f0       	breq	.+32     	; 0x18e6 <GPIO_setupPortDirection+0x68>
    18c6:	8b 81       	ldd	r24, Y+3	; 0x03
    18c8:	9c 81       	ldd	r25, Y+4	; 0x04
    18ca:	83 30       	cpi	r24, 0x03	; 3
    18cc:	91 05       	cpc	r25, r1
    18ce:	81 f0       	breq	.+32     	; 0x18f0 <GPIO_setupPortDirection+0x72>
    18d0:	13 c0       	rjmp	.+38     	; 0x18f8 <GPIO_setupPortDirection+0x7a>
		{
		case PORTA_ID:
			DDRA = direction;
    18d2:	ea e3       	ldi	r30, 0x3A	; 58
    18d4:	f0 e0       	ldi	r31, 0x00	; 0
    18d6:	8a 81       	ldd	r24, Y+2	; 0x02
    18d8:	80 83       	st	Z, r24
    18da:	0e c0       	rjmp	.+28     	; 0x18f8 <GPIO_setupPortDirection+0x7a>
			break;
		case PORTB_ID:
			DDRB = direction;
    18dc:	e7 e3       	ldi	r30, 0x37	; 55
    18de:	f0 e0       	ldi	r31, 0x00	; 0
    18e0:	8a 81       	ldd	r24, Y+2	; 0x02
    18e2:	80 83       	st	Z, r24
    18e4:	09 c0       	rjmp	.+18     	; 0x18f8 <GPIO_setupPortDirection+0x7a>
			break;
		case PORTC_ID:
			DDRC = direction;
    18e6:	e4 e3       	ldi	r30, 0x34	; 52
    18e8:	f0 e0       	ldi	r31, 0x00	; 0
    18ea:	8a 81       	ldd	r24, Y+2	; 0x02
    18ec:	80 83       	st	Z, r24
    18ee:	04 c0       	rjmp	.+8      	; 0x18f8 <GPIO_setupPortDirection+0x7a>
			break;
		case PORTD_ID:
			DDRD = direction;
    18f0:	e1 e3       	ldi	r30, 0x31	; 49
    18f2:	f0 e0       	ldi	r31, 0x00	; 0
    18f4:	8a 81       	ldd	r24, Y+2	; 0x02
    18f6:	80 83       	st	Z, r24
			break;
		}
	}
}
    18f8:	0f 90       	pop	r0
    18fa:	0f 90       	pop	r0
    18fc:	0f 90       	pop	r0
    18fe:	0f 90       	pop	r0
    1900:	cf 91       	pop	r28
    1902:	df 91       	pop	r29
    1904:	08 95       	ret

00001906 <GPIO_writePort>:
 * If any pin in the port is output pin the value will be written.
 * If any pin in the port is input pin this will activate/deactivate the internal pull-up resistor.
 * If the input port number is not correct, The function will not handle the request.
 */
void GPIO_writePort(uint8 port_num, uint8 value)
{
    1906:	df 93       	push	r29
    1908:	cf 93       	push	r28
    190a:	00 d0       	rcall	.+0      	; 0x190c <GPIO_writePort+0x6>
    190c:	00 d0       	rcall	.+0      	; 0x190e <GPIO_writePort+0x8>
    190e:	cd b7       	in	r28, 0x3d	; 61
    1910:	de b7       	in	r29, 0x3e	; 62
    1912:	89 83       	std	Y+1, r24	; 0x01
    1914:	6a 83       	std	Y+2, r22	; 0x02
	/*
	 * Check if the input number is greater than NUM_OF_PORTS value.
	 * In this case the input is not valid port number
	 */
	if(port_num >= NUM_OF_PORTS)
    1916:	89 81       	ldd	r24, Y+1	; 0x01
    1918:	84 30       	cpi	r24, 0x04	; 4
    191a:	90 f5       	brcc	.+100    	; 0x1980 <GPIO_writePort+0x7a>
		/* Do Nothing */
	}
	else
	{
		/* Write the port value as required */
		switch(port_num)
    191c:	89 81       	ldd	r24, Y+1	; 0x01
    191e:	28 2f       	mov	r18, r24
    1920:	30 e0       	ldi	r19, 0x00	; 0
    1922:	3c 83       	std	Y+4, r19	; 0x04
    1924:	2b 83       	std	Y+3, r18	; 0x03
    1926:	8b 81       	ldd	r24, Y+3	; 0x03
    1928:	9c 81       	ldd	r25, Y+4	; 0x04
    192a:	81 30       	cpi	r24, 0x01	; 1
    192c:	91 05       	cpc	r25, r1
    192e:	d1 f0       	breq	.+52     	; 0x1964 <GPIO_writePort+0x5e>
    1930:	2b 81       	ldd	r18, Y+3	; 0x03
    1932:	3c 81       	ldd	r19, Y+4	; 0x04
    1934:	22 30       	cpi	r18, 0x02	; 2
    1936:	31 05       	cpc	r19, r1
    1938:	2c f4       	brge	.+10     	; 0x1944 <GPIO_writePort+0x3e>
    193a:	8b 81       	ldd	r24, Y+3	; 0x03
    193c:	9c 81       	ldd	r25, Y+4	; 0x04
    193e:	00 97       	sbiw	r24, 0x00	; 0
    1940:	61 f0       	breq	.+24     	; 0x195a <GPIO_writePort+0x54>
    1942:	1e c0       	rjmp	.+60     	; 0x1980 <GPIO_writePort+0x7a>
    1944:	2b 81       	ldd	r18, Y+3	; 0x03
    1946:	3c 81       	ldd	r19, Y+4	; 0x04
    1948:	22 30       	cpi	r18, 0x02	; 2
    194a:	31 05       	cpc	r19, r1
    194c:	81 f0       	breq	.+32     	; 0x196e <GPIO_writePort+0x68>
    194e:	8b 81       	ldd	r24, Y+3	; 0x03
    1950:	9c 81       	ldd	r25, Y+4	; 0x04
    1952:	83 30       	cpi	r24, 0x03	; 3
    1954:	91 05       	cpc	r25, r1
    1956:	81 f0       	breq	.+32     	; 0x1978 <GPIO_writePort+0x72>
    1958:	13 c0       	rjmp	.+38     	; 0x1980 <GPIO_writePort+0x7a>
		{
		case PORTA_ID:
			PORTA = value;
    195a:	eb e3       	ldi	r30, 0x3B	; 59
    195c:	f0 e0       	ldi	r31, 0x00	; 0
    195e:	8a 81       	ldd	r24, Y+2	; 0x02
    1960:	80 83       	st	Z, r24
    1962:	0e c0       	rjmp	.+28     	; 0x1980 <GPIO_writePort+0x7a>
			break;
		case PORTB_ID:
			PORTB = value;
    1964:	e8 e3       	ldi	r30, 0x38	; 56
    1966:	f0 e0       	ldi	r31, 0x00	; 0
    1968:	8a 81       	ldd	r24, Y+2	; 0x02
    196a:	80 83       	st	Z, r24
    196c:	09 c0       	rjmp	.+18     	; 0x1980 <GPIO_writePort+0x7a>
			break;
		case PORTC_ID:
			PORTC = value;
    196e:	e5 e3       	ldi	r30, 0x35	; 53
    1970:	f0 e0       	ldi	r31, 0x00	; 0
    1972:	8a 81       	ldd	r24, Y+2	; 0x02
    1974:	80 83       	st	Z, r24
    1976:	04 c0       	rjmp	.+8      	; 0x1980 <GPIO_writePort+0x7a>
			break;
		case PORTD_ID:
			PORTD = value;
    1978:	e2 e3       	ldi	r30, 0x32	; 50
    197a:	f0 e0       	ldi	r31, 0x00	; 0
    197c:	8a 81       	ldd	r24, Y+2	; 0x02
    197e:	80 83       	st	Z, r24
			break;
		}
	}
}
    1980:	0f 90       	pop	r0
    1982:	0f 90       	pop	r0
    1984:	0f 90       	pop	r0
    1986:	0f 90       	pop	r0
    1988:	cf 91       	pop	r28
    198a:	df 91       	pop	r29
    198c:	08 95       	ret

0000198e <GPIO_readPort>:
 * Description :
 * Read and return the value of the required port.
 * If the input port number is not correct, The function will return ZERO value.
 */
uint8 GPIO_readPort(uint8 port_num)
{
    198e:	df 93       	push	r29
    1990:	cf 93       	push	r28
    1992:	00 d0       	rcall	.+0      	; 0x1994 <GPIO_readPort+0x6>
    1994:	00 d0       	rcall	.+0      	; 0x1996 <GPIO_readPort+0x8>
    1996:	cd b7       	in	r28, 0x3d	; 61
    1998:	de b7       	in	r29, 0x3e	; 62
    199a:	8a 83       	std	Y+2, r24	; 0x02
	uint8 value = LOGIC_LOW;
    199c:	19 82       	std	Y+1, r1	; 0x01

	/*
	 * Check if the input number is greater than NUM_OF_PORTS value.
	 * In this case the input is not valid port number
	 */
	if(port_num >= NUM_OF_PORTS)
    199e:	8a 81       	ldd	r24, Y+2	; 0x02
    19a0:	84 30       	cpi	r24, 0x04	; 4
    19a2:	90 f5       	brcc	.+100    	; 0x1a08 <GPIO_readPort+0x7a>
		/* Do Nothing */
	}
	else
	{
		/* Read the port value as required */
		switch(port_num)
    19a4:	8a 81       	ldd	r24, Y+2	; 0x02
    19a6:	28 2f       	mov	r18, r24
    19a8:	30 e0       	ldi	r19, 0x00	; 0
    19aa:	3c 83       	std	Y+4, r19	; 0x04
    19ac:	2b 83       	std	Y+3, r18	; 0x03
    19ae:	8b 81       	ldd	r24, Y+3	; 0x03
    19b0:	9c 81       	ldd	r25, Y+4	; 0x04
    19b2:	81 30       	cpi	r24, 0x01	; 1
    19b4:	91 05       	cpc	r25, r1
    19b6:	d1 f0       	breq	.+52     	; 0x19ec <GPIO_readPort+0x5e>
    19b8:	2b 81       	ldd	r18, Y+3	; 0x03
    19ba:	3c 81       	ldd	r19, Y+4	; 0x04
    19bc:	22 30       	cpi	r18, 0x02	; 2
    19be:	31 05       	cpc	r19, r1
    19c0:	2c f4       	brge	.+10     	; 0x19cc <GPIO_readPort+0x3e>
    19c2:	8b 81       	ldd	r24, Y+3	; 0x03
    19c4:	9c 81       	ldd	r25, Y+4	; 0x04
    19c6:	00 97       	sbiw	r24, 0x00	; 0
    19c8:	61 f0       	breq	.+24     	; 0x19e2 <GPIO_readPort+0x54>
    19ca:	1e c0       	rjmp	.+60     	; 0x1a08 <GPIO_readPort+0x7a>
    19cc:	2b 81       	ldd	r18, Y+3	; 0x03
    19ce:	3c 81       	ldd	r19, Y+4	; 0x04
    19d0:	22 30       	cpi	r18, 0x02	; 2
    19d2:	31 05       	cpc	r19, r1
    19d4:	81 f0       	breq	.+32     	; 0x19f6 <GPIO_readPort+0x68>
    19d6:	8b 81       	ldd	r24, Y+3	; 0x03
    19d8:	9c 81       	ldd	r25, Y+4	; 0x04
    19da:	83 30       	cpi	r24, 0x03	; 3
    19dc:	91 05       	cpc	r25, r1
    19de:	81 f0       	breq	.+32     	; 0x1a00 <GPIO_readPort+0x72>
    19e0:	13 c0       	rjmp	.+38     	; 0x1a08 <GPIO_readPort+0x7a>
		{
		case PORTA_ID:
			value = PINA;
    19e2:	e9 e3       	ldi	r30, 0x39	; 57
    19e4:	f0 e0       	ldi	r31, 0x00	; 0
    19e6:	80 81       	ld	r24, Z
    19e8:	89 83       	std	Y+1, r24	; 0x01
    19ea:	0e c0       	rjmp	.+28     	; 0x1a08 <GPIO_readPort+0x7a>
			break;
		case PORTB_ID:
			value = PINB;
    19ec:	e6 e3       	ldi	r30, 0x36	; 54
    19ee:	f0 e0       	ldi	r31, 0x00	; 0
    19f0:	80 81       	ld	r24, Z
    19f2:	89 83       	std	Y+1, r24	; 0x01
    19f4:	09 c0       	rjmp	.+18     	; 0x1a08 <GPIO_readPort+0x7a>
			break;
		case PORTC_ID:
			value = PINC;
    19f6:	e3 e3       	ldi	r30, 0x33	; 51
    19f8:	f0 e0       	ldi	r31, 0x00	; 0
    19fa:	80 81       	ld	r24, Z
    19fc:	89 83       	std	Y+1, r24	; 0x01
    19fe:	04 c0       	rjmp	.+8      	; 0x1a08 <GPIO_readPort+0x7a>
			break;
		case PORTD_ID:
			value = PIND;
    1a00:	e0 e3       	ldi	r30, 0x30	; 48
    1a02:	f0 e0       	ldi	r31, 0x00	; 0
    1a04:	80 81       	ld	r24, Z
    1a06:	89 83       	std	Y+1, r24	; 0x01
			break;
		}
	}

	return value;
    1a08:	89 81       	ldd	r24, Y+1	; 0x01
}
    1a0a:	0f 90       	pop	r0
    1a0c:	0f 90       	pop	r0
    1a0e:	0f 90       	pop	r0
    1a10:	0f 90       	pop	r0
    1a12:	cf 91       	pop	r28
    1a14:	df 91       	pop	r29
    1a16:	08 95       	ret

00001a18 <KEYPAD_getPressedKey>:
/*******************************************************************************
 *                      Functions Definitions                                  *
 *******************************************************************************/

uint8 KEYPAD_getPressedKey(void)
{
    1a18:	df 93       	push	r29
    1a1a:	cf 93       	push	r28
    1a1c:	00 d0       	rcall	.+0      	; 0x1a1e <KEYPAD_getPressedKey+0x6>
    1a1e:	cd b7       	in	r28, 0x3d	; 61
    1a20:	de b7       	in	r29, 0x3e	; 62
	uint8 col,row;
	GPIO_setupPinDirection(KEYPAD_ROW_PORT_ID, KEYPAD_FIRST_ROW_PIN_ID, PIN_OUTPUT);
    1a22:	80 e0       	ldi	r24, 0x00	; 0
    1a24:	60 e0       	ldi	r22, 0x00	; 0
    1a26:	41 e0       	ldi	r20, 0x01	; 1
    1a28:	0e 94 ce 09 	call	0x139c	; 0x139c <GPIO_setupPinDirection>
	GPIO_setupPinDirection(KEYPAD_ROW_PORT_ID, KEYPAD_FIRST_ROW_PIN_ID+1, PIN_OUTPUT);
    1a2c:	80 e0       	ldi	r24, 0x00	; 0
    1a2e:	61 e0       	ldi	r22, 0x01	; 1
    1a30:	41 e0       	ldi	r20, 0x01	; 1
    1a32:	0e 94 ce 09 	call	0x139c	; 0x139c <GPIO_setupPinDirection>
	GPIO_setupPinDirection(KEYPAD_ROW_PORT_ID, KEYPAD_FIRST_ROW_PIN_ID+2, PIN_OUTPUT);
    1a36:	80 e0       	ldi	r24, 0x00	; 0
    1a38:	62 e0       	ldi	r22, 0x02	; 2
    1a3a:	41 e0       	ldi	r20, 0x01	; 1
    1a3c:	0e 94 ce 09 	call	0x139c	; 0x139c <GPIO_setupPinDirection>
	GPIO_setupPinDirection(KEYPAD_ROW_PORT_ID, KEYPAD_FIRST_ROW_PIN_ID+3, PIN_OUTPUT);
    1a40:	80 e0       	ldi	r24, 0x00	; 0
    1a42:	63 e0       	ldi	r22, 0x03	; 3
    1a44:	41 e0       	ldi	r20, 0x01	; 1
    1a46:	0e 94 ce 09 	call	0x139c	; 0x139c <GPIO_setupPinDirection>

	/* Set/Clear the row output pin */
	GPIO_writePin(KEYPAD_ROW_PORT_ID, KEYPAD_FIRST_ROW_PIN_ID, KEYPAD_BUTTON_RELEASED);
    1a4a:	80 e0       	ldi	r24, 0x00	; 0
    1a4c:	60 e0       	ldi	r22, 0x00	; 0
    1a4e:	41 e0       	ldi	r20, 0x01	; 1
    1a50:	0e 94 b9 0a 	call	0x1572	; 0x1572 <GPIO_writePin>
	GPIO_writePin(KEYPAD_ROW_PORT_ID, KEYPAD_FIRST_ROW_PIN_ID+1, KEYPAD_BUTTON_RELEASED);
    1a54:	80 e0       	ldi	r24, 0x00	; 0
    1a56:	61 e0       	ldi	r22, 0x01	; 1
    1a58:	41 e0       	ldi	r20, 0x01	; 1
    1a5a:	0e 94 b9 0a 	call	0x1572	; 0x1572 <GPIO_writePin>
	GPIO_writePin(KEYPAD_ROW_PORT_ID, KEYPAD_FIRST_ROW_PIN_ID+2, KEYPAD_BUTTON_RELEASED);
    1a5e:	80 e0       	ldi	r24, 0x00	; 0
    1a60:	62 e0       	ldi	r22, 0x02	; 2
    1a62:	41 e0       	ldi	r20, 0x01	; 1
    1a64:	0e 94 b9 0a 	call	0x1572	; 0x1572 <GPIO_writePin>
	GPIO_writePin(KEYPAD_ROW_PORT_ID, KEYPAD_FIRST_ROW_PIN_ID+3, KEYPAD_BUTTON_RELEASED);
    1a68:	80 e0       	ldi	r24, 0x00	; 0
    1a6a:	63 e0       	ldi	r22, 0x03	; 3
    1a6c:	41 e0       	ldi	r20, 0x01	; 1
    1a6e:	0e 94 b9 0a 	call	0x1572	; 0x1572 <GPIO_writePin>

	GPIO_setupPinDirection(KEYPAD_COL_PORT_ID, KEYPAD_FIRST_COL_PIN_ID, PIN_INPUT);
    1a72:	80 e0       	ldi	r24, 0x00	; 0
    1a74:	64 e0       	ldi	r22, 0x04	; 4
    1a76:	40 e0       	ldi	r20, 0x00	; 0
    1a78:	0e 94 ce 09 	call	0x139c	; 0x139c <GPIO_setupPinDirection>
	GPIO_setupPinDirection(KEYPAD_COL_PORT_ID, KEYPAD_FIRST_COL_PIN_ID+1, PIN_INPUT);
    1a7c:	80 e0       	ldi	r24, 0x00	; 0
    1a7e:	65 e0       	ldi	r22, 0x05	; 5
    1a80:	40 e0       	ldi	r20, 0x00	; 0
    1a82:	0e 94 ce 09 	call	0x139c	; 0x139c <GPIO_setupPinDirection>
	GPIO_setupPinDirection(KEYPAD_COL_PORT_ID, KEYPAD_FIRST_COL_PIN_ID+2, PIN_INPUT);
    1a86:	80 e0       	ldi	r24, 0x00	; 0
    1a88:	66 e0       	ldi	r22, 0x06	; 6
    1a8a:	40 e0       	ldi	r20, 0x00	; 0
    1a8c:	0e 94 ce 09 	call	0x139c	; 0x139c <GPIO_setupPinDirection>
#if(KEYPAD_NUM_COLS == 4)
	GPIO_setupPinDirection(KEYPAD_COL_PORT_ID, KEYPAD_FIRST_COL_PIN_ID+3, PIN_INPUT);
    1a90:	80 e0       	ldi	r24, 0x00	; 0
    1a92:	67 e0       	ldi	r22, 0x07	; 7
    1a94:	40 e0       	ldi	r20, 0x00	; 0
    1a96:	0e 94 ce 09 	call	0x139c	; 0x139c <GPIO_setupPinDirection>
#endif
	while(1)
	{
		for(row=0 ; row<KEYPAD_NUM_ROWS ; row++) /* loop for rows */
    1a9a:	19 82       	std	Y+1, r1	; 0x01
    1a9c:	35 c0       	rjmp	.+106    	; 0x1b08 <KEYPAD_getPressedKey+0xf0>
			 * except this row will be output pin
			 */
//			GPIO_setupPinDirection(KEYPAD_ROW_PORT_ID,KEYPAD_FIRST_ROW_PIN_ID+row,PIN_OUTPUT);

			/* Set/Clear the row output pin */
			GPIO_writePin(KEYPAD_ROW_PORT_ID, KEYPAD_FIRST_ROW_PIN_ID+row, KEYPAD_BUTTON_PRESSED);
    1a9e:	80 e0       	ldi	r24, 0x00	; 0
    1aa0:	69 81       	ldd	r22, Y+1	; 0x01
    1aa2:	40 e0       	ldi	r20, 0x00	; 0
    1aa4:	0e 94 b9 0a 	call	0x1572	; 0x1572 <GPIO_writePin>

			for(col=0 ; col<KEYPAD_NUM_COLS ; col++) /* loop for columns */
    1aa8:	1a 82       	std	Y+2, r1	; 0x02
    1aaa:	23 c0       	rjmp	.+70     	; 0x1af2 <KEYPAD_getPressedKey+0xda>
			{
				/* Check if the switch is pressed in this column */
				if(GPIO_readPin(KEYPAD_COL_PORT_ID,KEYPAD_FIRST_COL_PIN_ID+col) == KEYPAD_BUTTON_PRESSED)
    1aac:	8a 81       	ldd	r24, Y+2	; 0x02
    1aae:	98 2f       	mov	r25, r24
    1ab0:	9c 5f       	subi	r25, 0xFC	; 252
    1ab2:	80 e0       	ldi	r24, 0x00	; 0
    1ab4:	69 2f       	mov	r22, r25
    1ab6:	0e 94 a4 0b 	call	0x1748	; 0x1748 <GPIO_readPin>
    1aba:	88 23       	and	r24, r24
    1abc:	b9 f4       	brne	.+46     	; 0x1aec <KEYPAD_getPressedKey+0xd4>
				{
//					GPIO_setupPinDirection(KEYPAD_ROW_PORT_ID,KEYPAD_FIRST_ROW_PIN_ID+row,PIN_INPUT);
					GPIO_writePin(KEYPAD_ROW_PORT_ID, KEYPAD_FIRST_ROW_PIN_ID+row, KEYPAD_BUTTON_RELEASED);
    1abe:	80 e0       	ldi	r24, 0x00	; 0
    1ac0:	69 81       	ldd	r22, Y+1	; 0x01
    1ac2:	41 e0       	ldi	r20, 0x01	; 1
    1ac4:	0e 94 b9 0a 	call	0x1572	; 0x1572 <GPIO_writePin>
						#endif
					#elif (KEYPAD_NUM_COLS == 4)
						#ifdef STANDARD_KEYPAD
							return ((row*KEYPAD_NUM_COLS)+col+1);
						#else
							return KEYPAD_4x4_adjustKeyNumber((row*KEYPAD_NUM_COLS)+col+1);
    1ac8:	89 81       	ldd	r24, Y+1	; 0x01
    1aca:	88 2f       	mov	r24, r24
    1acc:	90 e0       	ldi	r25, 0x00	; 0
    1ace:	88 0f       	add	r24, r24
    1ad0:	99 1f       	adc	r25, r25
    1ad2:	88 0f       	add	r24, r24
    1ad4:	99 1f       	adc	r25, r25
    1ad6:	98 2f       	mov	r25, r24
    1ad8:	8a 81       	ldd	r24, Y+2	; 0x02
    1ada:	89 0f       	add	r24, r25
    1adc:	8f 5f       	subi	r24, 0xFF	; 255
    1ade:	0e 94 88 0d 	call	0x1b10	; 0x1b10 <KEYPAD_4x4_adjustKeyNumber>
			}
//			GPIO_setupPinDirection(KEYPAD_ROW_PORT_ID,KEYPAD_FIRST_ROW_PIN_ID+row,PIN_INPUT);
			GPIO_writePin(KEYPAD_ROW_PORT_ID, KEYPAD_FIRST_ROW_PIN_ID+row, KEYPAD_BUTTON_RELEASED);
		}
	}
}
    1ae2:	0f 90       	pop	r0
    1ae4:	0f 90       	pop	r0
    1ae6:	cf 91       	pop	r28
    1ae8:	df 91       	pop	r29
    1aea:	08 95       	ret
//			GPIO_setupPinDirection(KEYPAD_ROW_PORT_ID,KEYPAD_FIRST_ROW_PIN_ID+row,PIN_OUTPUT);

			/* Set/Clear the row output pin */
			GPIO_writePin(KEYPAD_ROW_PORT_ID, KEYPAD_FIRST_ROW_PIN_ID+row, KEYPAD_BUTTON_PRESSED);

			for(col=0 ; col<KEYPAD_NUM_COLS ; col++) /* loop for columns */
    1aec:	8a 81       	ldd	r24, Y+2	; 0x02
    1aee:	8f 5f       	subi	r24, 0xFF	; 255
    1af0:	8a 83       	std	Y+2, r24	; 0x02
    1af2:	8a 81       	ldd	r24, Y+2	; 0x02
    1af4:	84 30       	cpi	r24, 0x04	; 4
    1af6:	d0 f2       	brcs	.-76     	; 0x1aac <KEYPAD_getPressedKey+0x94>
						#endif
					#endif
				}
			}
//			GPIO_setupPinDirection(KEYPAD_ROW_PORT_ID,KEYPAD_FIRST_ROW_PIN_ID+row,PIN_INPUT);
			GPIO_writePin(KEYPAD_ROW_PORT_ID, KEYPAD_FIRST_ROW_PIN_ID+row, KEYPAD_BUTTON_RELEASED);
    1af8:	80 e0       	ldi	r24, 0x00	; 0
    1afa:	69 81       	ldd	r22, Y+1	; 0x01
    1afc:	41 e0       	ldi	r20, 0x01	; 1
    1afe:	0e 94 b9 0a 	call	0x1572	; 0x1572 <GPIO_writePin>
#if(KEYPAD_NUM_COLS == 4)
	GPIO_setupPinDirection(KEYPAD_COL_PORT_ID, KEYPAD_FIRST_COL_PIN_ID+3, PIN_INPUT);
#endif
	while(1)
	{
		for(row=0 ; row<KEYPAD_NUM_ROWS ; row++) /* loop for rows */
    1b02:	89 81       	ldd	r24, Y+1	; 0x01
    1b04:	8f 5f       	subi	r24, 0xFF	; 255
    1b06:	89 83       	std	Y+1, r24	; 0x01
    1b08:	89 81       	ldd	r24, Y+1	; 0x01
    1b0a:	84 30       	cpi	r24, 0x04	; 4
    1b0c:	40 f2       	brcs	.-112    	; 0x1a9e <KEYPAD_getPressedKey+0x86>
    1b0e:	c5 cf       	rjmp	.-118    	; 0x1a9a <KEYPAD_getPressedKey+0x82>

00001b10 <KEYPAD_4x4_adjustKeyNumber>:
/*
 * Description :
 * Update the keypad pressed button value with the correct one in keypad 4x4 shape
 */
static uint8 KEYPAD_4x4_adjustKeyNumber(uint8 button_number)
{
    1b10:	df 93       	push	r29
    1b12:	cf 93       	push	r28
    1b14:	00 d0       	rcall	.+0      	; 0x1b16 <KEYPAD_4x4_adjustKeyNumber+0x6>
    1b16:	00 d0       	rcall	.+0      	; 0x1b18 <KEYPAD_4x4_adjustKeyNumber+0x8>
    1b18:	cd b7       	in	r28, 0x3d	; 61
    1b1a:	de b7       	in	r29, 0x3e	; 62
    1b1c:	8a 83       	std	Y+2, r24	; 0x02
	uint8 keypad_button = 0;
    1b1e:	19 82       	std	Y+1, r1	; 0x01
	switch(button_number)
    1b20:	8a 81       	ldd	r24, Y+2	; 0x02
    1b22:	28 2f       	mov	r18, r24
    1b24:	30 e0       	ldi	r19, 0x00	; 0
    1b26:	3c 83       	std	Y+4, r19	; 0x04
    1b28:	2b 83       	std	Y+3, r18	; 0x03
    1b2a:	8b 81       	ldd	r24, Y+3	; 0x03
    1b2c:	9c 81       	ldd	r25, Y+4	; 0x04
    1b2e:	88 30       	cpi	r24, 0x08	; 8
    1b30:	91 05       	cpc	r25, r1
    1b32:	09 f4       	brne	.+2      	; 0x1b36 <KEYPAD_4x4_adjustKeyNumber+0x26>
    1b34:	70 c0       	rjmp	.+224    	; 0x1c16 <KEYPAD_4x4_adjustKeyNumber+0x106>
    1b36:	2b 81       	ldd	r18, Y+3	; 0x03
    1b38:	3c 81       	ldd	r19, Y+4	; 0x04
    1b3a:	29 30       	cpi	r18, 0x09	; 9
    1b3c:	31 05       	cpc	r19, r1
    1b3e:	5c f5       	brge	.+86     	; 0x1b96 <KEYPAD_4x4_adjustKeyNumber+0x86>
    1b40:	8b 81       	ldd	r24, Y+3	; 0x03
    1b42:	9c 81       	ldd	r25, Y+4	; 0x04
    1b44:	84 30       	cpi	r24, 0x04	; 4
    1b46:	91 05       	cpc	r25, r1
    1b48:	09 f4       	brne	.+2      	; 0x1b4c <KEYPAD_4x4_adjustKeyNumber+0x3c>
    1b4a:	59 c0       	rjmp	.+178    	; 0x1bfe <KEYPAD_4x4_adjustKeyNumber+0xee>
    1b4c:	2b 81       	ldd	r18, Y+3	; 0x03
    1b4e:	3c 81       	ldd	r19, Y+4	; 0x04
    1b50:	25 30       	cpi	r18, 0x05	; 5
    1b52:	31 05       	cpc	r19, r1
    1b54:	9c f4       	brge	.+38     	; 0x1b7c <KEYPAD_4x4_adjustKeyNumber+0x6c>
    1b56:	8b 81       	ldd	r24, Y+3	; 0x03
    1b58:	9c 81       	ldd	r25, Y+4	; 0x04
    1b5a:	82 30       	cpi	r24, 0x02	; 2
    1b5c:	91 05       	cpc	r25, r1
    1b5e:	09 f4       	brne	.+2      	; 0x1b62 <KEYPAD_4x4_adjustKeyNumber+0x52>
    1b60:	48 c0       	rjmp	.+144    	; 0x1bf2 <KEYPAD_4x4_adjustKeyNumber+0xe2>
    1b62:	2b 81       	ldd	r18, Y+3	; 0x03
    1b64:	3c 81       	ldd	r19, Y+4	; 0x04
    1b66:	23 30       	cpi	r18, 0x03	; 3
    1b68:	31 05       	cpc	r19, r1
    1b6a:	0c f0       	brlt	.+2      	; 0x1b6e <KEYPAD_4x4_adjustKeyNumber+0x5e>
    1b6c:	45 c0       	rjmp	.+138    	; 0x1bf8 <KEYPAD_4x4_adjustKeyNumber+0xe8>
    1b6e:	8b 81       	ldd	r24, Y+3	; 0x03
    1b70:	9c 81       	ldd	r25, Y+4	; 0x04
    1b72:	81 30       	cpi	r24, 0x01	; 1
    1b74:	91 05       	cpc	r25, r1
    1b76:	09 f4       	brne	.+2      	; 0x1b7a <KEYPAD_4x4_adjustKeyNumber+0x6a>
    1b78:	39 c0       	rjmp	.+114    	; 0x1bec <KEYPAD_4x4_adjustKeyNumber+0xdc>
    1b7a:	67 c0       	rjmp	.+206    	; 0x1c4a <KEYPAD_4x4_adjustKeyNumber+0x13a>
    1b7c:	2b 81       	ldd	r18, Y+3	; 0x03
    1b7e:	3c 81       	ldd	r19, Y+4	; 0x04
    1b80:	26 30       	cpi	r18, 0x06	; 6
    1b82:	31 05       	cpc	r19, r1
    1b84:	09 f4       	brne	.+2      	; 0x1b88 <KEYPAD_4x4_adjustKeyNumber+0x78>
    1b86:	41 c0       	rjmp	.+130    	; 0x1c0a <KEYPAD_4x4_adjustKeyNumber+0xfa>
    1b88:	8b 81       	ldd	r24, Y+3	; 0x03
    1b8a:	9c 81       	ldd	r25, Y+4	; 0x04
    1b8c:	87 30       	cpi	r24, 0x07	; 7
    1b8e:	91 05       	cpc	r25, r1
    1b90:	0c f0       	brlt	.+2      	; 0x1b94 <KEYPAD_4x4_adjustKeyNumber+0x84>
    1b92:	3e c0       	rjmp	.+124    	; 0x1c10 <KEYPAD_4x4_adjustKeyNumber+0x100>
    1b94:	37 c0       	rjmp	.+110    	; 0x1c04 <KEYPAD_4x4_adjustKeyNumber+0xf4>
    1b96:	2b 81       	ldd	r18, Y+3	; 0x03
    1b98:	3c 81       	ldd	r19, Y+4	; 0x04
    1b9a:	2c 30       	cpi	r18, 0x0C	; 12
    1b9c:	31 05       	cpc	r19, r1
    1b9e:	09 f4       	brne	.+2      	; 0x1ba2 <KEYPAD_4x4_adjustKeyNumber+0x92>
    1ba0:	46 c0       	rjmp	.+140    	; 0x1c2e <KEYPAD_4x4_adjustKeyNumber+0x11e>
    1ba2:	8b 81       	ldd	r24, Y+3	; 0x03
    1ba4:	9c 81       	ldd	r25, Y+4	; 0x04
    1ba6:	8d 30       	cpi	r24, 0x0D	; 13
    1ba8:	91 05       	cpc	r25, r1
    1baa:	5c f4       	brge	.+22     	; 0x1bc2 <KEYPAD_4x4_adjustKeyNumber+0xb2>
    1bac:	2b 81       	ldd	r18, Y+3	; 0x03
    1bae:	3c 81       	ldd	r19, Y+4	; 0x04
    1bb0:	2a 30       	cpi	r18, 0x0A	; 10
    1bb2:	31 05       	cpc	r19, r1
    1bb4:	b1 f1       	breq	.+108    	; 0x1c22 <KEYPAD_4x4_adjustKeyNumber+0x112>
    1bb6:	8b 81       	ldd	r24, Y+3	; 0x03
    1bb8:	9c 81       	ldd	r25, Y+4	; 0x04
    1bba:	8b 30       	cpi	r24, 0x0B	; 11
    1bbc:	91 05       	cpc	r25, r1
    1bbe:	a4 f5       	brge	.+104    	; 0x1c28 <KEYPAD_4x4_adjustKeyNumber+0x118>
    1bc0:	2d c0       	rjmp	.+90     	; 0x1c1c <KEYPAD_4x4_adjustKeyNumber+0x10c>
    1bc2:	2b 81       	ldd	r18, Y+3	; 0x03
    1bc4:	3c 81       	ldd	r19, Y+4	; 0x04
    1bc6:	2e 30       	cpi	r18, 0x0E	; 14
    1bc8:	31 05       	cpc	r19, r1
    1bca:	b9 f1       	breq	.+110    	; 0x1c3a <KEYPAD_4x4_adjustKeyNumber+0x12a>
    1bcc:	8b 81       	ldd	r24, Y+3	; 0x03
    1bce:	9c 81       	ldd	r25, Y+4	; 0x04
    1bd0:	8e 30       	cpi	r24, 0x0E	; 14
    1bd2:	91 05       	cpc	r25, r1
    1bd4:	7c f1       	brlt	.+94     	; 0x1c34 <KEYPAD_4x4_adjustKeyNumber+0x124>
    1bd6:	2b 81       	ldd	r18, Y+3	; 0x03
    1bd8:	3c 81       	ldd	r19, Y+4	; 0x04
    1bda:	2f 30       	cpi	r18, 0x0F	; 15
    1bdc:	31 05       	cpc	r19, r1
    1bde:	79 f1       	breq	.+94     	; 0x1c3e <KEYPAD_4x4_adjustKeyNumber+0x12e>
    1be0:	8b 81       	ldd	r24, Y+3	; 0x03
    1be2:	9c 81       	ldd	r25, Y+4	; 0x04
    1be4:	80 31       	cpi	r24, 0x10	; 16
    1be6:	91 05       	cpc	r25, r1
    1be8:	69 f1       	breq	.+90     	; 0x1c44 <KEYPAD_4x4_adjustKeyNumber+0x134>
    1bea:	2f c0       	rjmp	.+94     	; 0x1c4a <KEYPAD_4x4_adjustKeyNumber+0x13a>
	{
		case 1: keypad_button = 7;
    1bec:	87 e0       	ldi	r24, 0x07	; 7
    1bee:	89 83       	std	Y+1, r24	; 0x01
    1bf0:	2e c0       	rjmp	.+92     	; 0x1c4e <KEYPAD_4x4_adjustKeyNumber+0x13e>
				break;
		case 2: keypad_button = 8;
    1bf2:	88 e0       	ldi	r24, 0x08	; 8
    1bf4:	89 83       	std	Y+1, r24	; 0x01
    1bf6:	2b c0       	rjmp	.+86     	; 0x1c4e <KEYPAD_4x4_adjustKeyNumber+0x13e>
				break;
		case 3: keypad_button = 9;
    1bf8:	89 e0       	ldi	r24, 0x09	; 9
    1bfa:	89 83       	std	Y+1, r24	; 0x01
    1bfc:	28 c0       	rjmp	.+80     	; 0x1c4e <KEYPAD_4x4_adjustKeyNumber+0x13e>
				break;
		case 4: keypad_button = '%'; // ASCII Code of %
    1bfe:	85 e2       	ldi	r24, 0x25	; 37
    1c00:	89 83       	std	Y+1, r24	; 0x01
    1c02:	25 c0       	rjmp	.+74     	; 0x1c4e <KEYPAD_4x4_adjustKeyNumber+0x13e>
				break;
		case 5: keypad_button = 4;
    1c04:	84 e0       	ldi	r24, 0x04	; 4
    1c06:	89 83       	std	Y+1, r24	; 0x01
    1c08:	22 c0       	rjmp	.+68     	; 0x1c4e <KEYPAD_4x4_adjustKeyNumber+0x13e>
				break;
		case 6: keypad_button = 5;
    1c0a:	85 e0       	ldi	r24, 0x05	; 5
    1c0c:	89 83       	std	Y+1, r24	; 0x01
    1c0e:	1f c0       	rjmp	.+62     	; 0x1c4e <KEYPAD_4x4_adjustKeyNumber+0x13e>
				break;
		case 7: keypad_button = 6;
    1c10:	86 e0       	ldi	r24, 0x06	; 6
    1c12:	89 83       	std	Y+1, r24	; 0x01
    1c14:	1c c0       	rjmp	.+56     	; 0x1c4e <KEYPAD_4x4_adjustKeyNumber+0x13e>
				break;
		case 8: keypad_button = '*'; /* ASCII Code of '*' */
    1c16:	8a e2       	ldi	r24, 0x2A	; 42
    1c18:	89 83       	std	Y+1, r24	; 0x01
    1c1a:	19 c0       	rjmp	.+50     	; 0x1c4e <KEYPAD_4x4_adjustKeyNumber+0x13e>
				break;
		case 9: keypad_button = 1;
    1c1c:	81 e0       	ldi	r24, 0x01	; 1
    1c1e:	89 83       	std	Y+1, r24	; 0x01
    1c20:	16 c0       	rjmp	.+44     	; 0x1c4e <KEYPAD_4x4_adjustKeyNumber+0x13e>
				break;
		case 10: keypad_button = 2;
    1c22:	82 e0       	ldi	r24, 0x02	; 2
    1c24:	89 83       	std	Y+1, r24	; 0x01
    1c26:	13 c0       	rjmp	.+38     	; 0x1c4e <KEYPAD_4x4_adjustKeyNumber+0x13e>
				break;
		case 11: keypad_button = 3;
    1c28:	83 e0       	ldi	r24, 0x03	; 3
    1c2a:	89 83       	std	Y+1, r24	; 0x01
    1c2c:	10 c0       	rjmp	.+32     	; 0x1c4e <KEYPAD_4x4_adjustKeyNumber+0x13e>
				break;
		case 12: keypad_button = '-'; /* ASCII Code of '-' */
    1c2e:	8d e2       	ldi	r24, 0x2D	; 45
    1c30:	89 83       	std	Y+1, r24	; 0x01
    1c32:	0d c0       	rjmp	.+26     	; 0x1c4e <KEYPAD_4x4_adjustKeyNumber+0x13e>
				break;
		case 13: keypad_button = 13;  /* ASCII of Enter */
    1c34:	8d e0       	ldi	r24, 0x0D	; 13
    1c36:	89 83       	std	Y+1, r24	; 0x01
    1c38:	0a c0       	rjmp	.+20     	; 0x1c4e <KEYPAD_4x4_adjustKeyNumber+0x13e>
				break;
		case 14: keypad_button = 0;
    1c3a:	19 82       	std	Y+1, r1	; 0x01
    1c3c:	08 c0       	rjmp	.+16     	; 0x1c4e <KEYPAD_4x4_adjustKeyNumber+0x13e>
				break;
		case 15: keypad_button = '='; /* ASCII Code of '=' */
    1c3e:	8d e3       	ldi	r24, 0x3D	; 61
    1c40:	89 83       	std	Y+1, r24	; 0x01
    1c42:	05 c0       	rjmp	.+10     	; 0x1c4e <KEYPAD_4x4_adjustKeyNumber+0x13e>
				break;
		case 16: keypad_button = '+'; /* ASCII Code of '+' */
    1c44:	8b e2       	ldi	r24, 0x2B	; 43
    1c46:	89 83       	std	Y+1, r24	; 0x01
    1c48:	02 c0       	rjmp	.+4      	; 0x1c4e <KEYPAD_4x4_adjustKeyNumber+0x13e>
				break;
		default: keypad_button = button_number;
    1c4a:	8a 81       	ldd	r24, Y+2	; 0x02
    1c4c:	89 83       	std	Y+1, r24	; 0x01
				break;
	}
	return keypad_button;
    1c4e:	89 81       	ldd	r24, Y+1	; 0x01
}
    1c50:	0f 90       	pop	r0
    1c52:	0f 90       	pop	r0
    1c54:	0f 90       	pop	r0
    1c56:	0f 90       	pop	r0
    1c58:	cf 91       	pop	r28
    1c5a:	df 91       	pop	r29
    1c5c:	08 95       	ret

00001c5e <LCD_init>:
 * Initialize the LCD:
 * 1. Setup the LCD pins directions by use the GPIO driver.
 * 2. Setup the LCD Data Mode 4-bits or 8-bits.
 */
void LCD_init(void)
{
    1c5e:	df 93       	push	r29
    1c60:	cf 93       	push	r28
    1c62:	cd b7       	in	r28, 0x3d	; 61
    1c64:	de b7       	in	r29, 0x3e	; 62
    1c66:	2e 97       	sbiw	r28, 0x0e	; 14
    1c68:	0f b6       	in	r0, 0x3f	; 63
    1c6a:	f8 94       	cli
    1c6c:	de bf       	out	0x3e, r29	; 62
    1c6e:	0f be       	out	0x3f, r0	; 63
    1c70:	cd bf       	out	0x3d, r28	; 61
	/* Configure the direction for RS and E pins as output pins */
	GPIO_setupPinDirection(LCD_RS_PORT_ID,LCD_RS_PIN_ID,PIN_OUTPUT);
    1c72:	83 e0       	ldi	r24, 0x03	; 3
    1c74:	64 e0       	ldi	r22, 0x04	; 4
    1c76:	41 e0       	ldi	r20, 0x01	; 1
    1c78:	0e 94 ce 09 	call	0x139c	; 0x139c <GPIO_setupPinDirection>
	GPIO_setupPinDirection(LCD_E_PORT_ID,LCD_E_PIN_ID,PIN_OUTPUT);
    1c7c:	83 e0       	ldi	r24, 0x03	; 3
    1c7e:	65 e0       	ldi	r22, 0x05	; 5
    1c80:	41 e0       	ldi	r20, 0x01	; 1
    1c82:	0e 94 ce 09 	call	0x139c	; 0x139c <GPIO_setupPinDirection>
    1c86:	80 e0       	ldi	r24, 0x00	; 0
    1c88:	90 e0       	ldi	r25, 0x00	; 0
    1c8a:	a0 ea       	ldi	r26, 0xA0	; 160
    1c8c:	b1 e4       	ldi	r27, 0x41	; 65
    1c8e:	8b 87       	std	Y+11, r24	; 0x0b
    1c90:	9c 87       	std	Y+12, r25	; 0x0c
    1c92:	ad 87       	std	Y+13, r26	; 0x0d
    1c94:	be 87       	std	Y+14, r27	; 0x0e
 */
void
_delay_ms(double __ms)
{
	uint16_t __ticks;
	double __tmp = ((F_CPU) / 4e3) * __ms;
    1c96:	6b 85       	ldd	r22, Y+11	; 0x0b
    1c98:	7c 85       	ldd	r23, Y+12	; 0x0c
    1c9a:	8d 85       	ldd	r24, Y+13	; 0x0d
    1c9c:	9e 85       	ldd	r25, Y+14	; 0x0e
    1c9e:	20 e0       	ldi	r18, 0x00	; 0
    1ca0:	30 e0       	ldi	r19, 0x00	; 0
    1ca2:	4a e7       	ldi	r20, 0x7A	; 122
    1ca4:	53 e4       	ldi	r21, 0x43	; 67
    1ca6:	0e 94 1f 02 	call	0x43e	; 0x43e <__mulsf3>
    1caa:	dc 01       	movw	r26, r24
    1cac:	cb 01       	movw	r24, r22
    1cae:	8f 83       	std	Y+7, r24	; 0x07
    1cb0:	98 87       	std	Y+8, r25	; 0x08
    1cb2:	a9 87       	std	Y+9, r26	; 0x09
    1cb4:	ba 87       	std	Y+10, r27	; 0x0a
	if (__tmp < 1.0)
    1cb6:	6f 81       	ldd	r22, Y+7	; 0x07
    1cb8:	78 85       	ldd	r23, Y+8	; 0x08
    1cba:	89 85       	ldd	r24, Y+9	; 0x09
    1cbc:	9a 85       	ldd	r25, Y+10	; 0x0a
    1cbe:	20 e0       	ldi	r18, 0x00	; 0
    1cc0:	30 e0       	ldi	r19, 0x00	; 0
    1cc2:	40 e8       	ldi	r20, 0x80	; 128
    1cc4:	5f e3       	ldi	r21, 0x3F	; 63
    1cc6:	0e 94 79 03 	call	0x6f2	; 0x6f2 <__ltsf2>
    1cca:	88 23       	and	r24, r24
    1ccc:	2c f4       	brge	.+10     	; 0x1cd8 <LCD_init+0x7a>
		__ticks = 1;
    1cce:	81 e0       	ldi	r24, 0x01	; 1
    1cd0:	90 e0       	ldi	r25, 0x00	; 0
    1cd2:	9e 83       	std	Y+6, r25	; 0x06
    1cd4:	8d 83       	std	Y+5, r24	; 0x05
    1cd6:	3f c0       	rjmp	.+126    	; 0x1d56 <LCD_init+0xf8>
	else if (__tmp > 65535)
    1cd8:	6f 81       	ldd	r22, Y+7	; 0x07
    1cda:	78 85       	ldd	r23, Y+8	; 0x08
    1cdc:	89 85       	ldd	r24, Y+9	; 0x09
    1cde:	9a 85       	ldd	r25, Y+10	; 0x0a
    1ce0:	20 e0       	ldi	r18, 0x00	; 0
    1ce2:	3f ef       	ldi	r19, 0xFF	; 255
    1ce4:	4f e7       	ldi	r20, 0x7F	; 127
    1ce6:	57 e4       	ldi	r21, 0x47	; 71
    1ce8:	0e 94 19 03 	call	0x632	; 0x632 <__gtsf2>
    1cec:	18 16       	cp	r1, r24
    1cee:	4c f5       	brge	.+82     	; 0x1d42 <LCD_init+0xe4>
	{
		//	__ticks = requested delay in 1/10 ms
		__ticks = (uint16_t) (__ms * 10.0);
    1cf0:	6b 85       	ldd	r22, Y+11	; 0x0b
    1cf2:	7c 85       	ldd	r23, Y+12	; 0x0c
    1cf4:	8d 85       	ldd	r24, Y+13	; 0x0d
    1cf6:	9e 85       	ldd	r25, Y+14	; 0x0e
    1cf8:	20 e0       	ldi	r18, 0x00	; 0
    1cfa:	30 e0       	ldi	r19, 0x00	; 0
    1cfc:	40 e2       	ldi	r20, 0x20	; 32
    1cfe:	51 e4       	ldi	r21, 0x41	; 65
    1d00:	0e 94 1f 02 	call	0x43e	; 0x43e <__mulsf3>
    1d04:	dc 01       	movw	r26, r24
    1d06:	cb 01       	movw	r24, r22
    1d08:	bc 01       	movw	r22, r24
    1d0a:	cd 01       	movw	r24, r26
    1d0c:	0e 94 49 00 	call	0x92	; 0x92 <__fixunssfsi>
    1d10:	dc 01       	movw	r26, r24
    1d12:	cb 01       	movw	r24, r22
    1d14:	9e 83       	std	Y+6, r25	; 0x06
    1d16:	8d 83       	std	Y+5, r24	; 0x05
    1d18:	0f c0       	rjmp	.+30     	; 0x1d38 <LCD_init+0xda>
    1d1a:	89 e1       	ldi	r24, 0x19	; 25
    1d1c:	90 e0       	ldi	r25, 0x00	; 0
    1d1e:	9c 83       	std	Y+4, r25	; 0x04
    1d20:	8b 83       	std	Y+3, r24	; 0x03
    1d22:	8b 81       	ldd	r24, Y+3	; 0x03
    1d24:	9c 81       	ldd	r25, Y+4	; 0x04
    1d26:	01 97       	sbiw	r24, 0x01	; 1
    1d28:	f1 f7       	brne	.-4      	; 0x1d26 <LCD_init+0xc8>
    1d2a:	9c 83       	std	Y+4, r25	; 0x04
    1d2c:	8b 83       	std	Y+3, r24	; 0x03
		while(__ticks)
		{
			// wait 1/10 ms
			_delay_loop_2(((F_CPU) / 4e3) / 10);
			__ticks --;
    1d2e:	8d 81       	ldd	r24, Y+5	; 0x05
    1d30:	9e 81       	ldd	r25, Y+6	; 0x06
    1d32:	01 97       	sbiw	r24, 0x01	; 1
    1d34:	9e 83       	std	Y+6, r25	; 0x06
    1d36:	8d 83       	std	Y+5, r24	; 0x05
		__ticks = 1;
	else if (__tmp > 65535)
	{
		//	__ticks = requested delay in 1/10 ms
		__ticks = (uint16_t) (__ms * 10.0);
		while(__ticks)
    1d38:	8d 81       	ldd	r24, Y+5	; 0x05
    1d3a:	9e 81       	ldd	r25, Y+6	; 0x06
    1d3c:	00 97       	sbiw	r24, 0x00	; 0
    1d3e:	69 f7       	brne	.-38     	; 0x1d1a <LCD_init+0xbc>
    1d40:	14 c0       	rjmp	.+40     	; 0x1d6a <LCD_init+0x10c>
			__ticks --;
		}
		return;
	}
	else
		__ticks = (uint16_t)__tmp;
    1d42:	6f 81       	ldd	r22, Y+7	; 0x07
    1d44:	78 85       	ldd	r23, Y+8	; 0x08
    1d46:	89 85       	ldd	r24, Y+9	; 0x09
    1d48:	9a 85       	ldd	r25, Y+10	; 0x0a
    1d4a:	0e 94 49 00 	call	0x92	; 0x92 <__fixunssfsi>
    1d4e:	dc 01       	movw	r26, r24
    1d50:	cb 01       	movw	r24, r22
    1d52:	9e 83       	std	Y+6, r25	; 0x06
    1d54:	8d 83       	std	Y+5, r24	; 0x05
    1d56:	8d 81       	ldd	r24, Y+5	; 0x05
    1d58:	9e 81       	ldd	r25, Y+6	; 0x06
    1d5a:	9a 83       	std	Y+2, r25	; 0x02
    1d5c:	89 83       	std	Y+1, r24	; 0x01
    1d5e:	89 81       	ldd	r24, Y+1	; 0x01
    1d60:	9a 81       	ldd	r25, Y+2	; 0x02
    1d62:	01 97       	sbiw	r24, 0x01	; 1
    1d64:	f1 f7       	brne	.-4      	; 0x1d62 <LCD_init+0x104>
    1d66:	9a 83       	std	Y+2, r25	; 0x02
    1d68:	89 83       	std	Y+1, r24	; 0x01
	/* use 2-lines LCD + 4-bits Data Mode + 5*7 dot display Mode */
	LCD_sendCommand(LCD_TWO_LINES_FOUR_BITS_MODE);

#elif(LCD_DATA_BITS_MODE == 8)
	/* Configure the data port as output port */
	GPIO_setupPortDirection(LCD_DATA_PORT_ID,PORT_OUTPUT);
    1d6a:	82 e0       	ldi	r24, 0x02	; 2
    1d6c:	6f ef       	ldi	r22, 0xFF	; 255
    1d6e:	0e 94 3f 0c 	call	0x187e	; 0x187e <GPIO_setupPortDirection>

	/* use 2-lines LCD + 8-bits Data Mode + 5*7 dot display Mode */
	LCD_sendCommand(LCD_TWO_LINES_EIGHT_BITS_MODE);
    1d72:	88 e3       	ldi	r24, 0x38	; 56
    1d74:	0e 94 cb 0e 	call	0x1d96	; 0x1d96 <LCD_sendCommand>

#endif

	LCD_sendCommand(LCD_CURSOR_OFF); /* cursor off */
    1d78:	8c e0       	ldi	r24, 0x0C	; 12
    1d7a:	0e 94 cb 0e 	call	0x1d96	; 0x1d96 <LCD_sendCommand>
	LCD_sendCommand(LCD_CLEAR_COMMAND); /* clear LCD at the beginning */
    1d7e:	81 e0       	ldi	r24, 0x01	; 1
    1d80:	0e 94 cb 0e 	call	0x1d96	; 0x1d96 <LCD_sendCommand>
}
    1d84:	2e 96       	adiw	r28, 0x0e	; 14
    1d86:	0f b6       	in	r0, 0x3f	; 63
    1d88:	f8 94       	cli
    1d8a:	de bf       	out	0x3e, r29	; 62
    1d8c:	0f be       	out	0x3f, r0	; 63
    1d8e:	cd bf       	out	0x3d, r28	; 61
    1d90:	cf 91       	pop	r28
    1d92:	df 91       	pop	r29
    1d94:	08 95       	ret

00001d96 <LCD_sendCommand>:
/*
 * Description :
 * Send the required command to the screen
 */
void LCD_sendCommand(uint8 command)
{
    1d96:	df 93       	push	r29
    1d98:	cf 93       	push	r28
    1d9a:	cd b7       	in	r28, 0x3d	; 61
    1d9c:	de b7       	in	r29, 0x3e	; 62
    1d9e:	e9 97       	sbiw	r28, 0x39	; 57
    1da0:	0f b6       	in	r0, 0x3f	; 63
    1da2:	f8 94       	cli
    1da4:	de bf       	out	0x3e, r29	; 62
    1da6:	0f be       	out	0x3f, r0	; 63
    1da8:	cd bf       	out	0x3d, r28	; 61
    1daa:	89 af       	std	Y+57, r24	; 0x39
	GPIO_writePin(LCD_RS_PORT_ID,LCD_RS_PIN_ID,LOGIC_LOW); /* Instruction Mode RS=0 */
    1dac:	83 e0       	ldi	r24, 0x03	; 3
    1dae:	64 e0       	ldi	r22, 0x04	; 4
    1db0:	40 e0       	ldi	r20, 0x00	; 0
    1db2:	0e 94 b9 0a 	call	0x1572	; 0x1572 <GPIO_writePin>
    1db6:	80 e0       	ldi	r24, 0x00	; 0
    1db8:	90 e0       	ldi	r25, 0x00	; 0
    1dba:	a0 e8       	ldi	r26, 0x80	; 128
    1dbc:	bf e3       	ldi	r27, 0x3F	; 63
    1dbe:	8d ab       	std	Y+53, r24	; 0x35
    1dc0:	9e ab       	std	Y+54, r25	; 0x36
    1dc2:	af ab       	std	Y+55, r26	; 0x37
    1dc4:	b8 af       	std	Y+56, r27	; 0x38
 */
void
_delay_ms(double __ms)
{
	uint16_t __ticks;
	double __tmp = ((F_CPU) / 4e3) * __ms;
    1dc6:	6d a9       	ldd	r22, Y+53	; 0x35
    1dc8:	7e a9       	ldd	r23, Y+54	; 0x36
    1dca:	8f a9       	ldd	r24, Y+55	; 0x37
    1dcc:	98 ad       	ldd	r25, Y+56	; 0x38
    1dce:	20 e0       	ldi	r18, 0x00	; 0
    1dd0:	30 e0       	ldi	r19, 0x00	; 0
    1dd2:	4a e7       	ldi	r20, 0x7A	; 122
    1dd4:	53 e4       	ldi	r21, 0x43	; 67
    1dd6:	0e 94 1f 02 	call	0x43e	; 0x43e <__mulsf3>
    1dda:	dc 01       	movw	r26, r24
    1ddc:	cb 01       	movw	r24, r22
    1dde:	89 ab       	std	Y+49, r24	; 0x31
    1de0:	9a ab       	std	Y+50, r25	; 0x32
    1de2:	ab ab       	std	Y+51, r26	; 0x33
    1de4:	bc ab       	std	Y+52, r27	; 0x34
	if (__tmp < 1.0)
    1de6:	69 a9       	ldd	r22, Y+49	; 0x31
    1de8:	7a a9       	ldd	r23, Y+50	; 0x32
    1dea:	8b a9       	ldd	r24, Y+51	; 0x33
    1dec:	9c a9       	ldd	r25, Y+52	; 0x34
    1dee:	20 e0       	ldi	r18, 0x00	; 0
    1df0:	30 e0       	ldi	r19, 0x00	; 0
    1df2:	40 e8       	ldi	r20, 0x80	; 128
    1df4:	5f e3       	ldi	r21, 0x3F	; 63
    1df6:	0e 94 79 03 	call	0x6f2	; 0x6f2 <__ltsf2>
    1dfa:	88 23       	and	r24, r24
    1dfc:	2c f4       	brge	.+10     	; 0x1e08 <LCD_sendCommand+0x72>
		__ticks = 1;
    1dfe:	81 e0       	ldi	r24, 0x01	; 1
    1e00:	90 e0       	ldi	r25, 0x00	; 0
    1e02:	98 ab       	std	Y+48, r25	; 0x30
    1e04:	8f a7       	std	Y+47, r24	; 0x2f
    1e06:	3f c0       	rjmp	.+126    	; 0x1e86 <LCD_sendCommand+0xf0>
	else if (__tmp > 65535)
    1e08:	69 a9       	ldd	r22, Y+49	; 0x31
    1e0a:	7a a9       	ldd	r23, Y+50	; 0x32
    1e0c:	8b a9       	ldd	r24, Y+51	; 0x33
    1e0e:	9c a9       	ldd	r25, Y+52	; 0x34
    1e10:	20 e0       	ldi	r18, 0x00	; 0
    1e12:	3f ef       	ldi	r19, 0xFF	; 255
    1e14:	4f e7       	ldi	r20, 0x7F	; 127
    1e16:	57 e4       	ldi	r21, 0x47	; 71
    1e18:	0e 94 19 03 	call	0x632	; 0x632 <__gtsf2>
    1e1c:	18 16       	cp	r1, r24
    1e1e:	4c f5       	brge	.+82     	; 0x1e72 <LCD_sendCommand+0xdc>
	{
		//	__ticks = requested delay in 1/10 ms
		__ticks = (uint16_t) (__ms * 10.0);
    1e20:	6d a9       	ldd	r22, Y+53	; 0x35
    1e22:	7e a9       	ldd	r23, Y+54	; 0x36
    1e24:	8f a9       	ldd	r24, Y+55	; 0x37
    1e26:	98 ad       	ldd	r25, Y+56	; 0x38
    1e28:	20 e0       	ldi	r18, 0x00	; 0
    1e2a:	30 e0       	ldi	r19, 0x00	; 0
    1e2c:	40 e2       	ldi	r20, 0x20	; 32
    1e2e:	51 e4       	ldi	r21, 0x41	; 65
    1e30:	0e 94 1f 02 	call	0x43e	; 0x43e <__mulsf3>
    1e34:	dc 01       	movw	r26, r24
    1e36:	cb 01       	movw	r24, r22
    1e38:	bc 01       	movw	r22, r24
    1e3a:	cd 01       	movw	r24, r26
    1e3c:	0e 94 49 00 	call	0x92	; 0x92 <__fixunssfsi>
    1e40:	dc 01       	movw	r26, r24
    1e42:	cb 01       	movw	r24, r22
    1e44:	98 ab       	std	Y+48, r25	; 0x30
    1e46:	8f a7       	std	Y+47, r24	; 0x2f
    1e48:	0f c0       	rjmp	.+30     	; 0x1e68 <LCD_sendCommand+0xd2>
    1e4a:	89 e1       	ldi	r24, 0x19	; 25
    1e4c:	90 e0       	ldi	r25, 0x00	; 0
    1e4e:	9e a7       	std	Y+46, r25	; 0x2e
    1e50:	8d a7       	std	Y+45, r24	; 0x2d
    1e52:	8d a5       	ldd	r24, Y+45	; 0x2d
    1e54:	9e a5       	ldd	r25, Y+46	; 0x2e
    1e56:	01 97       	sbiw	r24, 0x01	; 1
    1e58:	f1 f7       	brne	.-4      	; 0x1e56 <LCD_sendCommand+0xc0>
    1e5a:	9e a7       	std	Y+46, r25	; 0x2e
    1e5c:	8d a7       	std	Y+45, r24	; 0x2d
		while(__ticks)
		{
			// wait 1/10 ms
			_delay_loop_2(((F_CPU) / 4e3) / 10);
			__ticks --;
    1e5e:	8f a5       	ldd	r24, Y+47	; 0x2f
    1e60:	98 a9       	ldd	r25, Y+48	; 0x30
    1e62:	01 97       	sbiw	r24, 0x01	; 1
    1e64:	98 ab       	std	Y+48, r25	; 0x30
    1e66:	8f a7       	std	Y+47, r24	; 0x2f
		__ticks = 1;
	else if (__tmp > 65535)
	{
		//	__ticks = requested delay in 1/10 ms
		__ticks = (uint16_t) (__ms * 10.0);
		while(__ticks)
    1e68:	8f a5       	ldd	r24, Y+47	; 0x2f
    1e6a:	98 a9       	ldd	r25, Y+48	; 0x30
    1e6c:	00 97       	sbiw	r24, 0x00	; 0
    1e6e:	69 f7       	brne	.-38     	; 0x1e4a <LCD_sendCommand+0xb4>
    1e70:	14 c0       	rjmp	.+40     	; 0x1e9a <LCD_sendCommand+0x104>
			__ticks --;
		}
		return;
	}
	else
		__ticks = (uint16_t)__tmp;
    1e72:	69 a9       	ldd	r22, Y+49	; 0x31
    1e74:	7a a9       	ldd	r23, Y+50	; 0x32
    1e76:	8b a9       	ldd	r24, Y+51	; 0x33
    1e78:	9c a9       	ldd	r25, Y+52	; 0x34
    1e7a:	0e 94 49 00 	call	0x92	; 0x92 <__fixunssfsi>
    1e7e:	dc 01       	movw	r26, r24
    1e80:	cb 01       	movw	r24, r22
    1e82:	98 ab       	std	Y+48, r25	; 0x30
    1e84:	8f a7       	std	Y+47, r24	; 0x2f
    1e86:	8f a5       	ldd	r24, Y+47	; 0x2f
    1e88:	98 a9       	ldd	r25, Y+48	; 0x30
    1e8a:	9c a7       	std	Y+44, r25	; 0x2c
    1e8c:	8b a7       	std	Y+43, r24	; 0x2b
    1e8e:	8b a5       	ldd	r24, Y+43	; 0x2b
    1e90:	9c a5       	ldd	r25, Y+44	; 0x2c
    1e92:	01 97       	sbiw	r24, 0x01	; 1
    1e94:	f1 f7       	brne	.-4      	; 0x1e92 <LCD_sendCommand+0xfc>
    1e96:	9c a7       	std	Y+44, r25	; 0x2c
    1e98:	8b a7       	std	Y+43, r24	; 0x2b
	_delay_ms(1); /* delay for processing Tas = 50ns */
	GPIO_writePin(LCD_E_PORT_ID,LCD_E_PIN_ID,LOGIC_HIGH); /* Enable LCD E=1 */
    1e9a:	83 e0       	ldi	r24, 0x03	; 3
    1e9c:	65 e0       	ldi	r22, 0x05	; 5
    1e9e:	41 e0       	ldi	r20, 0x01	; 1
    1ea0:	0e 94 b9 0a 	call	0x1572	; 0x1572 <GPIO_writePin>
    1ea4:	80 e0       	ldi	r24, 0x00	; 0
    1ea6:	90 e0       	ldi	r25, 0x00	; 0
    1ea8:	a0 e8       	ldi	r26, 0x80	; 128
    1eaa:	bf e3       	ldi	r27, 0x3F	; 63
    1eac:	8f a3       	std	Y+39, r24	; 0x27
    1eae:	98 a7       	std	Y+40, r25	; 0x28
    1eb0:	a9 a7       	std	Y+41, r26	; 0x29
    1eb2:	ba a7       	std	Y+42, r27	; 0x2a
 */
void
_delay_ms(double __ms)
{
	uint16_t __ticks;
	double __tmp = ((F_CPU) / 4e3) * __ms;
    1eb4:	6f a1       	ldd	r22, Y+39	; 0x27
    1eb6:	78 a5       	ldd	r23, Y+40	; 0x28
    1eb8:	89 a5       	ldd	r24, Y+41	; 0x29
    1eba:	9a a5       	ldd	r25, Y+42	; 0x2a
    1ebc:	20 e0       	ldi	r18, 0x00	; 0
    1ebe:	30 e0       	ldi	r19, 0x00	; 0
    1ec0:	4a e7       	ldi	r20, 0x7A	; 122
    1ec2:	53 e4       	ldi	r21, 0x43	; 67
    1ec4:	0e 94 1f 02 	call	0x43e	; 0x43e <__mulsf3>
    1ec8:	dc 01       	movw	r26, r24
    1eca:	cb 01       	movw	r24, r22
    1ecc:	8b a3       	std	Y+35, r24	; 0x23
    1ece:	9c a3       	std	Y+36, r25	; 0x24
    1ed0:	ad a3       	std	Y+37, r26	; 0x25
    1ed2:	be a3       	std	Y+38, r27	; 0x26
	if (__tmp < 1.0)
    1ed4:	6b a1       	ldd	r22, Y+35	; 0x23
    1ed6:	7c a1       	ldd	r23, Y+36	; 0x24
    1ed8:	8d a1       	ldd	r24, Y+37	; 0x25
    1eda:	9e a1       	ldd	r25, Y+38	; 0x26
    1edc:	20 e0       	ldi	r18, 0x00	; 0
    1ede:	30 e0       	ldi	r19, 0x00	; 0
    1ee0:	40 e8       	ldi	r20, 0x80	; 128
    1ee2:	5f e3       	ldi	r21, 0x3F	; 63
    1ee4:	0e 94 79 03 	call	0x6f2	; 0x6f2 <__ltsf2>
    1ee8:	88 23       	and	r24, r24
    1eea:	2c f4       	brge	.+10     	; 0x1ef6 <LCD_sendCommand+0x160>
		__ticks = 1;
    1eec:	81 e0       	ldi	r24, 0x01	; 1
    1eee:	90 e0       	ldi	r25, 0x00	; 0
    1ef0:	9a a3       	std	Y+34, r25	; 0x22
    1ef2:	89 a3       	std	Y+33, r24	; 0x21
    1ef4:	3f c0       	rjmp	.+126    	; 0x1f74 <LCD_sendCommand+0x1de>
	else if (__tmp > 65535)
    1ef6:	6b a1       	ldd	r22, Y+35	; 0x23
    1ef8:	7c a1       	ldd	r23, Y+36	; 0x24
    1efa:	8d a1       	ldd	r24, Y+37	; 0x25
    1efc:	9e a1       	ldd	r25, Y+38	; 0x26
    1efe:	20 e0       	ldi	r18, 0x00	; 0
    1f00:	3f ef       	ldi	r19, 0xFF	; 255
    1f02:	4f e7       	ldi	r20, 0x7F	; 127
    1f04:	57 e4       	ldi	r21, 0x47	; 71
    1f06:	0e 94 19 03 	call	0x632	; 0x632 <__gtsf2>
    1f0a:	18 16       	cp	r1, r24
    1f0c:	4c f5       	brge	.+82     	; 0x1f60 <LCD_sendCommand+0x1ca>
	{
		//	__ticks = requested delay in 1/10 ms
		__ticks = (uint16_t) (__ms * 10.0);
    1f0e:	6f a1       	ldd	r22, Y+39	; 0x27
    1f10:	78 a5       	ldd	r23, Y+40	; 0x28
    1f12:	89 a5       	ldd	r24, Y+41	; 0x29
    1f14:	9a a5       	ldd	r25, Y+42	; 0x2a
    1f16:	20 e0       	ldi	r18, 0x00	; 0
    1f18:	30 e0       	ldi	r19, 0x00	; 0
    1f1a:	40 e2       	ldi	r20, 0x20	; 32
    1f1c:	51 e4       	ldi	r21, 0x41	; 65
    1f1e:	0e 94 1f 02 	call	0x43e	; 0x43e <__mulsf3>
    1f22:	dc 01       	movw	r26, r24
    1f24:	cb 01       	movw	r24, r22
    1f26:	bc 01       	movw	r22, r24
    1f28:	cd 01       	movw	r24, r26
    1f2a:	0e 94 49 00 	call	0x92	; 0x92 <__fixunssfsi>
    1f2e:	dc 01       	movw	r26, r24
    1f30:	cb 01       	movw	r24, r22
    1f32:	9a a3       	std	Y+34, r25	; 0x22
    1f34:	89 a3       	std	Y+33, r24	; 0x21
    1f36:	0f c0       	rjmp	.+30     	; 0x1f56 <LCD_sendCommand+0x1c0>
    1f38:	89 e1       	ldi	r24, 0x19	; 25
    1f3a:	90 e0       	ldi	r25, 0x00	; 0
    1f3c:	98 a3       	std	Y+32, r25	; 0x20
    1f3e:	8f 8f       	std	Y+31, r24	; 0x1f
    1f40:	8f 8d       	ldd	r24, Y+31	; 0x1f
    1f42:	98 a1       	ldd	r25, Y+32	; 0x20
    1f44:	01 97       	sbiw	r24, 0x01	; 1
    1f46:	f1 f7       	brne	.-4      	; 0x1f44 <LCD_sendCommand+0x1ae>
    1f48:	98 a3       	std	Y+32, r25	; 0x20
    1f4a:	8f 8f       	std	Y+31, r24	; 0x1f
		while(__ticks)
		{
			// wait 1/10 ms
			_delay_loop_2(((F_CPU) / 4e3) / 10);
			__ticks --;
    1f4c:	89 a1       	ldd	r24, Y+33	; 0x21
    1f4e:	9a a1       	ldd	r25, Y+34	; 0x22
    1f50:	01 97       	sbiw	r24, 0x01	; 1
    1f52:	9a a3       	std	Y+34, r25	; 0x22
    1f54:	89 a3       	std	Y+33, r24	; 0x21
		__ticks = 1;
	else if (__tmp > 65535)
	{
		//	__ticks = requested delay in 1/10 ms
		__ticks = (uint16_t) (__ms * 10.0);
		while(__ticks)
    1f56:	89 a1       	ldd	r24, Y+33	; 0x21
    1f58:	9a a1       	ldd	r25, Y+34	; 0x22
    1f5a:	00 97       	sbiw	r24, 0x00	; 0
    1f5c:	69 f7       	brne	.-38     	; 0x1f38 <LCD_sendCommand+0x1a2>
    1f5e:	14 c0       	rjmp	.+40     	; 0x1f88 <LCD_sendCommand+0x1f2>
			__ticks --;
		}
		return;
	}
	else
		__ticks = (uint16_t)__tmp;
    1f60:	6b a1       	ldd	r22, Y+35	; 0x23
    1f62:	7c a1       	ldd	r23, Y+36	; 0x24
    1f64:	8d a1       	ldd	r24, Y+37	; 0x25
    1f66:	9e a1       	ldd	r25, Y+38	; 0x26
    1f68:	0e 94 49 00 	call	0x92	; 0x92 <__fixunssfsi>
    1f6c:	dc 01       	movw	r26, r24
    1f6e:	cb 01       	movw	r24, r22
    1f70:	9a a3       	std	Y+34, r25	; 0x22
    1f72:	89 a3       	std	Y+33, r24	; 0x21
    1f74:	89 a1       	ldd	r24, Y+33	; 0x21
    1f76:	9a a1       	ldd	r25, Y+34	; 0x22
    1f78:	9e 8f       	std	Y+30, r25	; 0x1e
    1f7a:	8d 8f       	std	Y+29, r24	; 0x1d
    1f7c:	8d 8d       	ldd	r24, Y+29	; 0x1d
    1f7e:	9e 8d       	ldd	r25, Y+30	; 0x1e
    1f80:	01 97       	sbiw	r24, 0x01	; 1
    1f82:	f1 f7       	brne	.-4      	; 0x1f80 <LCD_sendCommand+0x1ea>
    1f84:	9e 8f       	std	Y+30, r25	; 0x1e
    1f86:	8d 8f       	std	Y+29, r24	; 0x1d
	_delay_ms(1); /* delay for processing Tdsw = 100ns */
	GPIO_writePin(LCD_E_PORT_ID,LCD_E_PIN_ID,LOGIC_LOW); /* Disable LCD E=0 */
	_delay_ms(1); /* delay for processing Th = 13ns */

#elif(LCD_DATA_BITS_MODE == 8)
	GPIO_writePort(LCD_DATA_PORT_ID,command); /* out the required command to the data bus D0 --> D7 */
    1f88:	82 e0       	ldi	r24, 0x02	; 2
    1f8a:	69 ad       	ldd	r22, Y+57	; 0x39
    1f8c:	0e 94 83 0c 	call	0x1906	; 0x1906 <GPIO_writePort>
    1f90:	80 e0       	ldi	r24, 0x00	; 0
    1f92:	90 e0       	ldi	r25, 0x00	; 0
    1f94:	a0 e8       	ldi	r26, 0x80	; 128
    1f96:	bf e3       	ldi	r27, 0x3F	; 63
    1f98:	89 8f       	std	Y+25, r24	; 0x19
    1f9a:	9a 8f       	std	Y+26, r25	; 0x1a
    1f9c:	ab 8f       	std	Y+27, r26	; 0x1b
    1f9e:	bc 8f       	std	Y+28, r27	; 0x1c
 */
void
_delay_ms(double __ms)
{
	uint16_t __ticks;
	double __tmp = ((F_CPU) / 4e3) * __ms;
    1fa0:	69 8d       	ldd	r22, Y+25	; 0x19
    1fa2:	7a 8d       	ldd	r23, Y+26	; 0x1a
    1fa4:	8b 8d       	ldd	r24, Y+27	; 0x1b
    1fa6:	9c 8d       	ldd	r25, Y+28	; 0x1c
    1fa8:	20 e0       	ldi	r18, 0x00	; 0
    1faa:	30 e0       	ldi	r19, 0x00	; 0
    1fac:	4a e7       	ldi	r20, 0x7A	; 122
    1fae:	53 e4       	ldi	r21, 0x43	; 67
    1fb0:	0e 94 1f 02 	call	0x43e	; 0x43e <__mulsf3>
    1fb4:	dc 01       	movw	r26, r24
    1fb6:	cb 01       	movw	r24, r22
    1fb8:	8d 8b       	std	Y+21, r24	; 0x15
    1fba:	9e 8b       	std	Y+22, r25	; 0x16
    1fbc:	af 8b       	std	Y+23, r26	; 0x17
    1fbe:	b8 8f       	std	Y+24, r27	; 0x18
	if (__tmp < 1.0)
    1fc0:	6d 89       	ldd	r22, Y+21	; 0x15
    1fc2:	7e 89       	ldd	r23, Y+22	; 0x16
    1fc4:	8f 89       	ldd	r24, Y+23	; 0x17
    1fc6:	98 8d       	ldd	r25, Y+24	; 0x18
    1fc8:	20 e0       	ldi	r18, 0x00	; 0
    1fca:	30 e0       	ldi	r19, 0x00	; 0
    1fcc:	40 e8       	ldi	r20, 0x80	; 128
    1fce:	5f e3       	ldi	r21, 0x3F	; 63
    1fd0:	0e 94 79 03 	call	0x6f2	; 0x6f2 <__ltsf2>
    1fd4:	88 23       	and	r24, r24
    1fd6:	2c f4       	brge	.+10     	; 0x1fe2 <LCD_sendCommand+0x24c>
		__ticks = 1;
    1fd8:	81 e0       	ldi	r24, 0x01	; 1
    1fda:	90 e0       	ldi	r25, 0x00	; 0
    1fdc:	9c 8b       	std	Y+20, r25	; 0x14
    1fde:	8b 8b       	std	Y+19, r24	; 0x13
    1fe0:	3f c0       	rjmp	.+126    	; 0x2060 <LCD_sendCommand+0x2ca>
	else if (__tmp > 65535)
    1fe2:	6d 89       	ldd	r22, Y+21	; 0x15
    1fe4:	7e 89       	ldd	r23, Y+22	; 0x16
    1fe6:	8f 89       	ldd	r24, Y+23	; 0x17
    1fe8:	98 8d       	ldd	r25, Y+24	; 0x18
    1fea:	20 e0       	ldi	r18, 0x00	; 0
    1fec:	3f ef       	ldi	r19, 0xFF	; 255
    1fee:	4f e7       	ldi	r20, 0x7F	; 127
    1ff0:	57 e4       	ldi	r21, 0x47	; 71
    1ff2:	0e 94 19 03 	call	0x632	; 0x632 <__gtsf2>
    1ff6:	18 16       	cp	r1, r24
    1ff8:	4c f5       	brge	.+82     	; 0x204c <LCD_sendCommand+0x2b6>
	{
		//	__ticks = requested delay in 1/10 ms
		__ticks = (uint16_t) (__ms * 10.0);
    1ffa:	69 8d       	ldd	r22, Y+25	; 0x19
    1ffc:	7a 8d       	ldd	r23, Y+26	; 0x1a
    1ffe:	8b 8d       	ldd	r24, Y+27	; 0x1b
    2000:	9c 8d       	ldd	r25, Y+28	; 0x1c
    2002:	20 e0       	ldi	r18, 0x00	; 0
    2004:	30 e0       	ldi	r19, 0x00	; 0
    2006:	40 e2       	ldi	r20, 0x20	; 32
    2008:	51 e4       	ldi	r21, 0x41	; 65
    200a:	0e 94 1f 02 	call	0x43e	; 0x43e <__mulsf3>
    200e:	dc 01       	movw	r26, r24
    2010:	cb 01       	movw	r24, r22
    2012:	bc 01       	movw	r22, r24
    2014:	cd 01       	movw	r24, r26
    2016:	0e 94 49 00 	call	0x92	; 0x92 <__fixunssfsi>
    201a:	dc 01       	movw	r26, r24
    201c:	cb 01       	movw	r24, r22
    201e:	9c 8b       	std	Y+20, r25	; 0x14
    2020:	8b 8b       	std	Y+19, r24	; 0x13
    2022:	0f c0       	rjmp	.+30     	; 0x2042 <LCD_sendCommand+0x2ac>
    2024:	89 e1       	ldi	r24, 0x19	; 25
    2026:	90 e0       	ldi	r25, 0x00	; 0
    2028:	9a 8b       	std	Y+18, r25	; 0x12
    202a:	89 8b       	std	Y+17, r24	; 0x11
    202c:	89 89       	ldd	r24, Y+17	; 0x11
    202e:	9a 89       	ldd	r25, Y+18	; 0x12
    2030:	01 97       	sbiw	r24, 0x01	; 1
    2032:	f1 f7       	brne	.-4      	; 0x2030 <LCD_sendCommand+0x29a>
    2034:	9a 8b       	std	Y+18, r25	; 0x12
    2036:	89 8b       	std	Y+17, r24	; 0x11
		while(__ticks)
		{
			// wait 1/10 ms
			_delay_loop_2(((F_CPU) / 4e3) / 10);
			__ticks --;
    2038:	8b 89       	ldd	r24, Y+19	; 0x13
    203a:	9c 89       	ldd	r25, Y+20	; 0x14
    203c:	01 97       	sbiw	r24, 0x01	; 1
    203e:	9c 8b       	std	Y+20, r25	; 0x14
    2040:	8b 8b       	std	Y+19, r24	; 0x13
		__ticks = 1;
	else if (__tmp > 65535)
	{
		//	__ticks = requested delay in 1/10 ms
		__ticks = (uint16_t) (__ms * 10.0);
		while(__ticks)
    2042:	8b 89       	ldd	r24, Y+19	; 0x13
    2044:	9c 89       	ldd	r25, Y+20	; 0x14
    2046:	00 97       	sbiw	r24, 0x00	; 0
    2048:	69 f7       	brne	.-38     	; 0x2024 <LCD_sendCommand+0x28e>
    204a:	14 c0       	rjmp	.+40     	; 0x2074 <LCD_sendCommand+0x2de>
			__ticks --;
		}
		return;
	}
	else
		__ticks = (uint16_t)__tmp;
    204c:	6d 89       	ldd	r22, Y+21	; 0x15
    204e:	7e 89       	ldd	r23, Y+22	; 0x16
    2050:	8f 89       	ldd	r24, Y+23	; 0x17
    2052:	98 8d       	ldd	r25, Y+24	; 0x18
    2054:	0e 94 49 00 	call	0x92	; 0x92 <__fixunssfsi>
    2058:	dc 01       	movw	r26, r24
    205a:	cb 01       	movw	r24, r22
    205c:	9c 8b       	std	Y+20, r25	; 0x14
    205e:	8b 8b       	std	Y+19, r24	; 0x13
    2060:	8b 89       	ldd	r24, Y+19	; 0x13
    2062:	9c 89       	ldd	r25, Y+20	; 0x14
    2064:	98 8b       	std	Y+16, r25	; 0x10
    2066:	8f 87       	std	Y+15, r24	; 0x0f
    2068:	8f 85       	ldd	r24, Y+15	; 0x0f
    206a:	98 89       	ldd	r25, Y+16	; 0x10
    206c:	01 97       	sbiw	r24, 0x01	; 1
    206e:	f1 f7       	brne	.-4      	; 0x206c <LCD_sendCommand+0x2d6>
    2070:	98 8b       	std	Y+16, r25	; 0x10
    2072:	8f 87       	std	Y+15, r24	; 0x0f
	_delay_ms(1); /* delay for processing Tdsw = 100ns */
	GPIO_writePin(LCD_E_PORT_ID,LCD_E_PIN_ID,LOGIC_LOW); /* Disable LCD E=0 */
    2074:	83 e0       	ldi	r24, 0x03	; 3
    2076:	65 e0       	ldi	r22, 0x05	; 5
    2078:	40 e0       	ldi	r20, 0x00	; 0
    207a:	0e 94 b9 0a 	call	0x1572	; 0x1572 <GPIO_writePin>
    207e:	80 e0       	ldi	r24, 0x00	; 0
    2080:	90 e0       	ldi	r25, 0x00	; 0
    2082:	a0 e8       	ldi	r26, 0x80	; 128
    2084:	bf e3       	ldi	r27, 0x3F	; 63
    2086:	8b 87       	std	Y+11, r24	; 0x0b
    2088:	9c 87       	std	Y+12, r25	; 0x0c
    208a:	ad 87       	std	Y+13, r26	; 0x0d
    208c:	be 87       	std	Y+14, r27	; 0x0e
 */
void
_delay_ms(double __ms)
{
	uint16_t __ticks;
	double __tmp = ((F_CPU) / 4e3) * __ms;
    208e:	6b 85       	ldd	r22, Y+11	; 0x0b
    2090:	7c 85       	ldd	r23, Y+12	; 0x0c
    2092:	8d 85       	ldd	r24, Y+13	; 0x0d
    2094:	9e 85       	ldd	r25, Y+14	; 0x0e
    2096:	20 e0       	ldi	r18, 0x00	; 0
    2098:	30 e0       	ldi	r19, 0x00	; 0
    209a:	4a e7       	ldi	r20, 0x7A	; 122
    209c:	53 e4       	ldi	r21, 0x43	; 67
    209e:	0e 94 1f 02 	call	0x43e	; 0x43e <__mulsf3>
    20a2:	dc 01       	movw	r26, r24
    20a4:	cb 01       	movw	r24, r22
    20a6:	8f 83       	std	Y+7, r24	; 0x07
    20a8:	98 87       	std	Y+8, r25	; 0x08
    20aa:	a9 87       	std	Y+9, r26	; 0x09
    20ac:	ba 87       	std	Y+10, r27	; 0x0a
	if (__tmp < 1.0)
    20ae:	6f 81       	ldd	r22, Y+7	; 0x07
    20b0:	78 85       	ldd	r23, Y+8	; 0x08
    20b2:	89 85       	ldd	r24, Y+9	; 0x09
    20b4:	9a 85       	ldd	r25, Y+10	; 0x0a
    20b6:	20 e0       	ldi	r18, 0x00	; 0
    20b8:	30 e0       	ldi	r19, 0x00	; 0
    20ba:	40 e8       	ldi	r20, 0x80	; 128
    20bc:	5f e3       	ldi	r21, 0x3F	; 63
    20be:	0e 94 79 03 	call	0x6f2	; 0x6f2 <__ltsf2>
    20c2:	88 23       	and	r24, r24
    20c4:	2c f4       	brge	.+10     	; 0x20d0 <LCD_sendCommand+0x33a>
		__ticks = 1;
    20c6:	81 e0       	ldi	r24, 0x01	; 1
    20c8:	90 e0       	ldi	r25, 0x00	; 0
    20ca:	9e 83       	std	Y+6, r25	; 0x06
    20cc:	8d 83       	std	Y+5, r24	; 0x05
    20ce:	3f c0       	rjmp	.+126    	; 0x214e <LCD_sendCommand+0x3b8>
	else if (__tmp > 65535)
    20d0:	6f 81       	ldd	r22, Y+7	; 0x07
    20d2:	78 85       	ldd	r23, Y+8	; 0x08
    20d4:	89 85       	ldd	r24, Y+9	; 0x09
    20d6:	9a 85       	ldd	r25, Y+10	; 0x0a
    20d8:	20 e0       	ldi	r18, 0x00	; 0
    20da:	3f ef       	ldi	r19, 0xFF	; 255
    20dc:	4f e7       	ldi	r20, 0x7F	; 127
    20de:	57 e4       	ldi	r21, 0x47	; 71
    20e0:	0e 94 19 03 	call	0x632	; 0x632 <__gtsf2>
    20e4:	18 16       	cp	r1, r24
    20e6:	4c f5       	brge	.+82     	; 0x213a <LCD_sendCommand+0x3a4>
	{
		//	__ticks = requested delay in 1/10 ms
		__ticks = (uint16_t) (__ms * 10.0);
    20e8:	6b 85       	ldd	r22, Y+11	; 0x0b
    20ea:	7c 85       	ldd	r23, Y+12	; 0x0c
    20ec:	8d 85       	ldd	r24, Y+13	; 0x0d
    20ee:	9e 85       	ldd	r25, Y+14	; 0x0e
    20f0:	20 e0       	ldi	r18, 0x00	; 0
    20f2:	30 e0       	ldi	r19, 0x00	; 0
    20f4:	40 e2       	ldi	r20, 0x20	; 32
    20f6:	51 e4       	ldi	r21, 0x41	; 65
    20f8:	0e 94 1f 02 	call	0x43e	; 0x43e <__mulsf3>
    20fc:	dc 01       	movw	r26, r24
    20fe:	cb 01       	movw	r24, r22
    2100:	bc 01       	movw	r22, r24
    2102:	cd 01       	movw	r24, r26
    2104:	0e 94 49 00 	call	0x92	; 0x92 <__fixunssfsi>
    2108:	dc 01       	movw	r26, r24
    210a:	cb 01       	movw	r24, r22
    210c:	9e 83       	std	Y+6, r25	; 0x06
    210e:	8d 83       	std	Y+5, r24	; 0x05
    2110:	0f c0       	rjmp	.+30     	; 0x2130 <LCD_sendCommand+0x39a>
    2112:	89 e1       	ldi	r24, 0x19	; 25
    2114:	90 e0       	ldi	r25, 0x00	; 0
    2116:	9c 83       	std	Y+4, r25	; 0x04
    2118:	8b 83       	std	Y+3, r24	; 0x03
    211a:	8b 81       	ldd	r24, Y+3	; 0x03
    211c:	9c 81       	ldd	r25, Y+4	; 0x04
    211e:	01 97       	sbiw	r24, 0x01	; 1
    2120:	f1 f7       	brne	.-4      	; 0x211e <LCD_sendCommand+0x388>
    2122:	9c 83       	std	Y+4, r25	; 0x04
    2124:	8b 83       	std	Y+3, r24	; 0x03
		while(__ticks)
		{
			// wait 1/10 ms
			_delay_loop_2(((F_CPU) / 4e3) / 10);
			__ticks --;
    2126:	8d 81       	ldd	r24, Y+5	; 0x05
    2128:	9e 81       	ldd	r25, Y+6	; 0x06
    212a:	01 97       	sbiw	r24, 0x01	; 1
    212c:	9e 83       	std	Y+6, r25	; 0x06
    212e:	8d 83       	std	Y+5, r24	; 0x05
		__ticks = 1;
	else if (__tmp > 65535)
	{
		//	__ticks = requested delay in 1/10 ms
		__ticks = (uint16_t) (__ms * 10.0);
		while(__ticks)
    2130:	8d 81       	ldd	r24, Y+5	; 0x05
    2132:	9e 81       	ldd	r25, Y+6	; 0x06
    2134:	00 97       	sbiw	r24, 0x00	; 0
    2136:	69 f7       	brne	.-38     	; 0x2112 <LCD_sendCommand+0x37c>
    2138:	14 c0       	rjmp	.+40     	; 0x2162 <LCD_sendCommand+0x3cc>
			__ticks --;
		}
		return;
	}
	else
		__ticks = (uint16_t)__tmp;
    213a:	6f 81       	ldd	r22, Y+7	; 0x07
    213c:	78 85       	ldd	r23, Y+8	; 0x08
    213e:	89 85       	ldd	r24, Y+9	; 0x09
    2140:	9a 85       	ldd	r25, Y+10	; 0x0a
    2142:	0e 94 49 00 	call	0x92	; 0x92 <__fixunssfsi>
    2146:	dc 01       	movw	r26, r24
    2148:	cb 01       	movw	r24, r22
    214a:	9e 83       	std	Y+6, r25	; 0x06
    214c:	8d 83       	std	Y+5, r24	; 0x05
    214e:	8d 81       	ldd	r24, Y+5	; 0x05
    2150:	9e 81       	ldd	r25, Y+6	; 0x06
    2152:	9a 83       	std	Y+2, r25	; 0x02
    2154:	89 83       	std	Y+1, r24	; 0x01
    2156:	89 81       	ldd	r24, Y+1	; 0x01
    2158:	9a 81       	ldd	r25, Y+2	; 0x02
    215a:	01 97       	sbiw	r24, 0x01	; 1
    215c:	f1 f7       	brne	.-4      	; 0x215a <LCD_sendCommand+0x3c4>
    215e:	9a 83       	std	Y+2, r25	; 0x02
    2160:	89 83       	std	Y+1, r24	; 0x01
	_delay_ms(1); /* delay for processing Th = 13ns */
#endif
}
    2162:	e9 96       	adiw	r28, 0x39	; 57
    2164:	0f b6       	in	r0, 0x3f	; 63
    2166:	f8 94       	cli
    2168:	de bf       	out	0x3e, r29	; 62
    216a:	0f be       	out	0x3f, r0	; 63
    216c:	cd bf       	out	0x3d, r28	; 61
    216e:	cf 91       	pop	r28
    2170:	df 91       	pop	r29
    2172:	08 95       	ret

00002174 <LCD_displayCharacter>:
/*
 * Description :
 * Display the required character on the screen
 */
void LCD_displayCharacter(uint8 data)
{
    2174:	df 93       	push	r29
    2176:	cf 93       	push	r28
    2178:	cd b7       	in	r28, 0x3d	; 61
    217a:	de b7       	in	r29, 0x3e	; 62
    217c:	e9 97       	sbiw	r28, 0x39	; 57
    217e:	0f b6       	in	r0, 0x3f	; 63
    2180:	f8 94       	cli
    2182:	de bf       	out	0x3e, r29	; 62
    2184:	0f be       	out	0x3f, r0	; 63
    2186:	cd bf       	out	0x3d, r28	; 61
    2188:	89 af       	std	Y+57, r24	; 0x39
	GPIO_writePin(LCD_RS_PORT_ID,LCD_RS_PIN_ID,LOGIC_HIGH); /* Data Mode RS=1 */
    218a:	83 e0       	ldi	r24, 0x03	; 3
    218c:	64 e0       	ldi	r22, 0x04	; 4
    218e:	41 e0       	ldi	r20, 0x01	; 1
    2190:	0e 94 b9 0a 	call	0x1572	; 0x1572 <GPIO_writePin>
    2194:	80 e0       	ldi	r24, 0x00	; 0
    2196:	90 e0       	ldi	r25, 0x00	; 0
    2198:	a0 e8       	ldi	r26, 0x80	; 128
    219a:	bf e3       	ldi	r27, 0x3F	; 63
    219c:	8d ab       	std	Y+53, r24	; 0x35
    219e:	9e ab       	std	Y+54, r25	; 0x36
    21a0:	af ab       	std	Y+55, r26	; 0x37
    21a2:	b8 af       	std	Y+56, r27	; 0x38
 */
void
_delay_ms(double __ms)
{
	uint16_t __ticks;
	double __tmp = ((F_CPU) / 4e3) * __ms;
    21a4:	6d a9       	ldd	r22, Y+53	; 0x35
    21a6:	7e a9       	ldd	r23, Y+54	; 0x36
    21a8:	8f a9       	ldd	r24, Y+55	; 0x37
    21aa:	98 ad       	ldd	r25, Y+56	; 0x38
    21ac:	20 e0       	ldi	r18, 0x00	; 0
    21ae:	30 e0       	ldi	r19, 0x00	; 0
    21b0:	4a e7       	ldi	r20, 0x7A	; 122
    21b2:	53 e4       	ldi	r21, 0x43	; 67
    21b4:	0e 94 1f 02 	call	0x43e	; 0x43e <__mulsf3>
    21b8:	dc 01       	movw	r26, r24
    21ba:	cb 01       	movw	r24, r22
    21bc:	89 ab       	std	Y+49, r24	; 0x31
    21be:	9a ab       	std	Y+50, r25	; 0x32
    21c0:	ab ab       	std	Y+51, r26	; 0x33
    21c2:	bc ab       	std	Y+52, r27	; 0x34
	if (__tmp < 1.0)
    21c4:	69 a9       	ldd	r22, Y+49	; 0x31
    21c6:	7a a9       	ldd	r23, Y+50	; 0x32
    21c8:	8b a9       	ldd	r24, Y+51	; 0x33
    21ca:	9c a9       	ldd	r25, Y+52	; 0x34
    21cc:	20 e0       	ldi	r18, 0x00	; 0
    21ce:	30 e0       	ldi	r19, 0x00	; 0
    21d0:	40 e8       	ldi	r20, 0x80	; 128
    21d2:	5f e3       	ldi	r21, 0x3F	; 63
    21d4:	0e 94 79 03 	call	0x6f2	; 0x6f2 <__ltsf2>
    21d8:	88 23       	and	r24, r24
    21da:	2c f4       	brge	.+10     	; 0x21e6 <LCD_displayCharacter+0x72>
		__ticks = 1;
    21dc:	81 e0       	ldi	r24, 0x01	; 1
    21de:	90 e0       	ldi	r25, 0x00	; 0
    21e0:	98 ab       	std	Y+48, r25	; 0x30
    21e2:	8f a7       	std	Y+47, r24	; 0x2f
    21e4:	3f c0       	rjmp	.+126    	; 0x2264 <LCD_displayCharacter+0xf0>
	else if (__tmp > 65535)
    21e6:	69 a9       	ldd	r22, Y+49	; 0x31
    21e8:	7a a9       	ldd	r23, Y+50	; 0x32
    21ea:	8b a9       	ldd	r24, Y+51	; 0x33
    21ec:	9c a9       	ldd	r25, Y+52	; 0x34
    21ee:	20 e0       	ldi	r18, 0x00	; 0
    21f0:	3f ef       	ldi	r19, 0xFF	; 255
    21f2:	4f e7       	ldi	r20, 0x7F	; 127
    21f4:	57 e4       	ldi	r21, 0x47	; 71
    21f6:	0e 94 19 03 	call	0x632	; 0x632 <__gtsf2>
    21fa:	18 16       	cp	r1, r24
    21fc:	4c f5       	brge	.+82     	; 0x2250 <LCD_displayCharacter+0xdc>
	{
		//	__ticks = requested delay in 1/10 ms
		__ticks = (uint16_t) (__ms * 10.0);
    21fe:	6d a9       	ldd	r22, Y+53	; 0x35
    2200:	7e a9       	ldd	r23, Y+54	; 0x36
    2202:	8f a9       	ldd	r24, Y+55	; 0x37
    2204:	98 ad       	ldd	r25, Y+56	; 0x38
    2206:	20 e0       	ldi	r18, 0x00	; 0
    2208:	30 e0       	ldi	r19, 0x00	; 0
    220a:	40 e2       	ldi	r20, 0x20	; 32
    220c:	51 e4       	ldi	r21, 0x41	; 65
    220e:	0e 94 1f 02 	call	0x43e	; 0x43e <__mulsf3>
    2212:	dc 01       	movw	r26, r24
    2214:	cb 01       	movw	r24, r22
    2216:	bc 01       	movw	r22, r24
    2218:	cd 01       	movw	r24, r26
    221a:	0e 94 49 00 	call	0x92	; 0x92 <__fixunssfsi>
    221e:	dc 01       	movw	r26, r24
    2220:	cb 01       	movw	r24, r22
    2222:	98 ab       	std	Y+48, r25	; 0x30
    2224:	8f a7       	std	Y+47, r24	; 0x2f
    2226:	0f c0       	rjmp	.+30     	; 0x2246 <LCD_displayCharacter+0xd2>
    2228:	89 e1       	ldi	r24, 0x19	; 25
    222a:	90 e0       	ldi	r25, 0x00	; 0
    222c:	9e a7       	std	Y+46, r25	; 0x2e
    222e:	8d a7       	std	Y+45, r24	; 0x2d
    2230:	8d a5       	ldd	r24, Y+45	; 0x2d
    2232:	9e a5       	ldd	r25, Y+46	; 0x2e
    2234:	01 97       	sbiw	r24, 0x01	; 1
    2236:	f1 f7       	brne	.-4      	; 0x2234 <LCD_displayCharacter+0xc0>
    2238:	9e a7       	std	Y+46, r25	; 0x2e
    223a:	8d a7       	std	Y+45, r24	; 0x2d
		while(__ticks)
		{
			// wait 1/10 ms
			_delay_loop_2(((F_CPU) / 4e3) / 10);
			__ticks --;
    223c:	8f a5       	ldd	r24, Y+47	; 0x2f
    223e:	98 a9       	ldd	r25, Y+48	; 0x30
    2240:	01 97       	sbiw	r24, 0x01	; 1
    2242:	98 ab       	std	Y+48, r25	; 0x30
    2244:	8f a7       	std	Y+47, r24	; 0x2f
		__ticks = 1;
	else if (__tmp > 65535)
	{
		//	__ticks = requested delay in 1/10 ms
		__ticks = (uint16_t) (__ms * 10.0);
		while(__ticks)
    2246:	8f a5       	ldd	r24, Y+47	; 0x2f
    2248:	98 a9       	ldd	r25, Y+48	; 0x30
    224a:	00 97       	sbiw	r24, 0x00	; 0
    224c:	69 f7       	brne	.-38     	; 0x2228 <LCD_displayCharacter+0xb4>
    224e:	14 c0       	rjmp	.+40     	; 0x2278 <LCD_displayCharacter+0x104>
			__ticks --;
		}
		return;
	}
	else
		__ticks = (uint16_t)__tmp;
    2250:	69 a9       	ldd	r22, Y+49	; 0x31
    2252:	7a a9       	ldd	r23, Y+50	; 0x32
    2254:	8b a9       	ldd	r24, Y+51	; 0x33
    2256:	9c a9       	ldd	r25, Y+52	; 0x34
    2258:	0e 94 49 00 	call	0x92	; 0x92 <__fixunssfsi>
    225c:	dc 01       	movw	r26, r24
    225e:	cb 01       	movw	r24, r22
    2260:	98 ab       	std	Y+48, r25	; 0x30
    2262:	8f a7       	std	Y+47, r24	; 0x2f
    2264:	8f a5       	ldd	r24, Y+47	; 0x2f
    2266:	98 a9       	ldd	r25, Y+48	; 0x30
    2268:	9c a7       	std	Y+44, r25	; 0x2c
    226a:	8b a7       	std	Y+43, r24	; 0x2b
    226c:	8b a5       	ldd	r24, Y+43	; 0x2b
    226e:	9c a5       	ldd	r25, Y+44	; 0x2c
    2270:	01 97       	sbiw	r24, 0x01	; 1
    2272:	f1 f7       	brne	.-4      	; 0x2270 <LCD_displayCharacter+0xfc>
    2274:	9c a7       	std	Y+44, r25	; 0x2c
    2276:	8b a7       	std	Y+43, r24	; 0x2b
	_delay_ms(1); /* delay for processing Tas = 50ns */
	GPIO_writePin(LCD_E_PORT_ID,LCD_E_PIN_ID,LOGIC_HIGH); /* Enable LCD E=1 */
    2278:	83 e0       	ldi	r24, 0x03	; 3
    227a:	65 e0       	ldi	r22, 0x05	; 5
    227c:	41 e0       	ldi	r20, 0x01	; 1
    227e:	0e 94 b9 0a 	call	0x1572	; 0x1572 <GPIO_writePin>
    2282:	80 e0       	ldi	r24, 0x00	; 0
    2284:	90 e0       	ldi	r25, 0x00	; 0
    2286:	a0 e8       	ldi	r26, 0x80	; 128
    2288:	bf e3       	ldi	r27, 0x3F	; 63
    228a:	8f a3       	std	Y+39, r24	; 0x27
    228c:	98 a7       	std	Y+40, r25	; 0x28
    228e:	a9 a7       	std	Y+41, r26	; 0x29
    2290:	ba a7       	std	Y+42, r27	; 0x2a
 */
void
_delay_ms(double __ms)
{
	uint16_t __ticks;
	double __tmp = ((F_CPU) / 4e3) * __ms;
    2292:	6f a1       	ldd	r22, Y+39	; 0x27
    2294:	78 a5       	ldd	r23, Y+40	; 0x28
    2296:	89 a5       	ldd	r24, Y+41	; 0x29
    2298:	9a a5       	ldd	r25, Y+42	; 0x2a
    229a:	20 e0       	ldi	r18, 0x00	; 0
    229c:	30 e0       	ldi	r19, 0x00	; 0
    229e:	4a e7       	ldi	r20, 0x7A	; 122
    22a0:	53 e4       	ldi	r21, 0x43	; 67
    22a2:	0e 94 1f 02 	call	0x43e	; 0x43e <__mulsf3>
    22a6:	dc 01       	movw	r26, r24
    22a8:	cb 01       	movw	r24, r22
    22aa:	8b a3       	std	Y+35, r24	; 0x23
    22ac:	9c a3       	std	Y+36, r25	; 0x24
    22ae:	ad a3       	std	Y+37, r26	; 0x25
    22b0:	be a3       	std	Y+38, r27	; 0x26
	if (__tmp < 1.0)
    22b2:	6b a1       	ldd	r22, Y+35	; 0x23
    22b4:	7c a1       	ldd	r23, Y+36	; 0x24
    22b6:	8d a1       	ldd	r24, Y+37	; 0x25
    22b8:	9e a1       	ldd	r25, Y+38	; 0x26
    22ba:	20 e0       	ldi	r18, 0x00	; 0
    22bc:	30 e0       	ldi	r19, 0x00	; 0
    22be:	40 e8       	ldi	r20, 0x80	; 128
    22c0:	5f e3       	ldi	r21, 0x3F	; 63
    22c2:	0e 94 79 03 	call	0x6f2	; 0x6f2 <__ltsf2>
    22c6:	88 23       	and	r24, r24
    22c8:	2c f4       	brge	.+10     	; 0x22d4 <LCD_displayCharacter+0x160>
		__ticks = 1;
    22ca:	81 e0       	ldi	r24, 0x01	; 1
    22cc:	90 e0       	ldi	r25, 0x00	; 0
    22ce:	9a a3       	std	Y+34, r25	; 0x22
    22d0:	89 a3       	std	Y+33, r24	; 0x21
    22d2:	3f c0       	rjmp	.+126    	; 0x2352 <LCD_displayCharacter+0x1de>
	else if (__tmp > 65535)
    22d4:	6b a1       	ldd	r22, Y+35	; 0x23
    22d6:	7c a1       	ldd	r23, Y+36	; 0x24
    22d8:	8d a1       	ldd	r24, Y+37	; 0x25
    22da:	9e a1       	ldd	r25, Y+38	; 0x26
    22dc:	20 e0       	ldi	r18, 0x00	; 0
    22de:	3f ef       	ldi	r19, 0xFF	; 255
    22e0:	4f e7       	ldi	r20, 0x7F	; 127
    22e2:	57 e4       	ldi	r21, 0x47	; 71
    22e4:	0e 94 19 03 	call	0x632	; 0x632 <__gtsf2>
    22e8:	18 16       	cp	r1, r24
    22ea:	4c f5       	brge	.+82     	; 0x233e <LCD_displayCharacter+0x1ca>
	{
		//	__ticks = requested delay in 1/10 ms
		__ticks = (uint16_t) (__ms * 10.0);
    22ec:	6f a1       	ldd	r22, Y+39	; 0x27
    22ee:	78 a5       	ldd	r23, Y+40	; 0x28
    22f0:	89 a5       	ldd	r24, Y+41	; 0x29
    22f2:	9a a5       	ldd	r25, Y+42	; 0x2a
    22f4:	20 e0       	ldi	r18, 0x00	; 0
    22f6:	30 e0       	ldi	r19, 0x00	; 0
    22f8:	40 e2       	ldi	r20, 0x20	; 32
    22fa:	51 e4       	ldi	r21, 0x41	; 65
    22fc:	0e 94 1f 02 	call	0x43e	; 0x43e <__mulsf3>
    2300:	dc 01       	movw	r26, r24
    2302:	cb 01       	movw	r24, r22
    2304:	bc 01       	movw	r22, r24
    2306:	cd 01       	movw	r24, r26
    2308:	0e 94 49 00 	call	0x92	; 0x92 <__fixunssfsi>
    230c:	dc 01       	movw	r26, r24
    230e:	cb 01       	movw	r24, r22
    2310:	9a a3       	std	Y+34, r25	; 0x22
    2312:	89 a3       	std	Y+33, r24	; 0x21
    2314:	0f c0       	rjmp	.+30     	; 0x2334 <LCD_displayCharacter+0x1c0>
    2316:	89 e1       	ldi	r24, 0x19	; 25
    2318:	90 e0       	ldi	r25, 0x00	; 0
    231a:	98 a3       	std	Y+32, r25	; 0x20
    231c:	8f 8f       	std	Y+31, r24	; 0x1f
    231e:	8f 8d       	ldd	r24, Y+31	; 0x1f
    2320:	98 a1       	ldd	r25, Y+32	; 0x20
    2322:	01 97       	sbiw	r24, 0x01	; 1
    2324:	f1 f7       	brne	.-4      	; 0x2322 <LCD_displayCharacter+0x1ae>
    2326:	98 a3       	std	Y+32, r25	; 0x20
    2328:	8f 8f       	std	Y+31, r24	; 0x1f
		while(__ticks)
		{
			// wait 1/10 ms
			_delay_loop_2(((F_CPU) / 4e3) / 10);
			__ticks --;
    232a:	89 a1       	ldd	r24, Y+33	; 0x21
    232c:	9a a1       	ldd	r25, Y+34	; 0x22
    232e:	01 97       	sbiw	r24, 0x01	; 1
    2330:	9a a3       	std	Y+34, r25	; 0x22
    2332:	89 a3       	std	Y+33, r24	; 0x21
		__ticks = 1;
	else if (__tmp > 65535)
	{
		//	__ticks = requested delay in 1/10 ms
		__ticks = (uint16_t) (__ms * 10.0);
		while(__ticks)
    2334:	89 a1       	ldd	r24, Y+33	; 0x21
    2336:	9a a1       	ldd	r25, Y+34	; 0x22
    2338:	00 97       	sbiw	r24, 0x00	; 0
    233a:	69 f7       	brne	.-38     	; 0x2316 <LCD_displayCharacter+0x1a2>
    233c:	14 c0       	rjmp	.+40     	; 0x2366 <LCD_displayCharacter+0x1f2>
			__ticks --;
		}
		return;
	}
	else
		__ticks = (uint16_t)__tmp;
    233e:	6b a1       	ldd	r22, Y+35	; 0x23
    2340:	7c a1       	ldd	r23, Y+36	; 0x24
    2342:	8d a1       	ldd	r24, Y+37	; 0x25
    2344:	9e a1       	ldd	r25, Y+38	; 0x26
    2346:	0e 94 49 00 	call	0x92	; 0x92 <__fixunssfsi>
    234a:	dc 01       	movw	r26, r24
    234c:	cb 01       	movw	r24, r22
    234e:	9a a3       	std	Y+34, r25	; 0x22
    2350:	89 a3       	std	Y+33, r24	; 0x21
    2352:	89 a1       	ldd	r24, Y+33	; 0x21
    2354:	9a a1       	ldd	r25, Y+34	; 0x22
    2356:	9e 8f       	std	Y+30, r25	; 0x1e
    2358:	8d 8f       	std	Y+29, r24	; 0x1d
    235a:	8d 8d       	ldd	r24, Y+29	; 0x1d
    235c:	9e 8d       	ldd	r25, Y+30	; 0x1e
    235e:	01 97       	sbiw	r24, 0x01	; 1
    2360:	f1 f7       	brne	.-4      	; 0x235e <LCD_displayCharacter+0x1ea>
    2362:	9e 8f       	std	Y+30, r25	; 0x1e
    2364:	8d 8f       	std	Y+29, r24	; 0x1d
	_delay_ms(1); /* delay for processing Tdsw = 100ns */
	GPIO_writePin(LCD_E_PORT_ID,LCD_E_PIN_ID,LOGIC_LOW); /* Disable LCD E=0 */
	_delay_ms(1); /* delay for processing Th = 13ns */

#elif(LCD_DATA_BITS_MODE == 8)
	GPIO_writePort(LCD_DATA_PORT_ID,data); /* out the required command to the data bus D0 --> D7 */
    2366:	82 e0       	ldi	r24, 0x02	; 2
    2368:	69 ad       	ldd	r22, Y+57	; 0x39
    236a:	0e 94 83 0c 	call	0x1906	; 0x1906 <GPIO_writePort>
    236e:	80 e0       	ldi	r24, 0x00	; 0
    2370:	90 e0       	ldi	r25, 0x00	; 0
    2372:	a0 e8       	ldi	r26, 0x80	; 128
    2374:	bf e3       	ldi	r27, 0x3F	; 63
    2376:	89 8f       	std	Y+25, r24	; 0x19
    2378:	9a 8f       	std	Y+26, r25	; 0x1a
    237a:	ab 8f       	std	Y+27, r26	; 0x1b
    237c:	bc 8f       	std	Y+28, r27	; 0x1c
 */
void
_delay_ms(double __ms)
{
	uint16_t __ticks;
	double __tmp = ((F_CPU) / 4e3) * __ms;
    237e:	69 8d       	ldd	r22, Y+25	; 0x19
    2380:	7a 8d       	ldd	r23, Y+26	; 0x1a
    2382:	8b 8d       	ldd	r24, Y+27	; 0x1b
    2384:	9c 8d       	ldd	r25, Y+28	; 0x1c
    2386:	20 e0       	ldi	r18, 0x00	; 0
    2388:	30 e0       	ldi	r19, 0x00	; 0
    238a:	4a e7       	ldi	r20, 0x7A	; 122
    238c:	53 e4       	ldi	r21, 0x43	; 67
    238e:	0e 94 1f 02 	call	0x43e	; 0x43e <__mulsf3>
    2392:	dc 01       	movw	r26, r24
    2394:	cb 01       	movw	r24, r22
    2396:	8d 8b       	std	Y+21, r24	; 0x15
    2398:	9e 8b       	std	Y+22, r25	; 0x16
    239a:	af 8b       	std	Y+23, r26	; 0x17
    239c:	b8 8f       	std	Y+24, r27	; 0x18
	if (__tmp < 1.0)
    239e:	6d 89       	ldd	r22, Y+21	; 0x15
    23a0:	7e 89       	ldd	r23, Y+22	; 0x16
    23a2:	8f 89       	ldd	r24, Y+23	; 0x17
    23a4:	98 8d       	ldd	r25, Y+24	; 0x18
    23a6:	20 e0       	ldi	r18, 0x00	; 0
    23a8:	30 e0       	ldi	r19, 0x00	; 0
    23aa:	40 e8       	ldi	r20, 0x80	; 128
    23ac:	5f e3       	ldi	r21, 0x3F	; 63
    23ae:	0e 94 79 03 	call	0x6f2	; 0x6f2 <__ltsf2>
    23b2:	88 23       	and	r24, r24
    23b4:	2c f4       	brge	.+10     	; 0x23c0 <LCD_displayCharacter+0x24c>
		__ticks = 1;
    23b6:	81 e0       	ldi	r24, 0x01	; 1
    23b8:	90 e0       	ldi	r25, 0x00	; 0
    23ba:	9c 8b       	std	Y+20, r25	; 0x14
    23bc:	8b 8b       	std	Y+19, r24	; 0x13
    23be:	3f c0       	rjmp	.+126    	; 0x243e <LCD_displayCharacter+0x2ca>
	else if (__tmp > 65535)
    23c0:	6d 89       	ldd	r22, Y+21	; 0x15
    23c2:	7e 89       	ldd	r23, Y+22	; 0x16
    23c4:	8f 89       	ldd	r24, Y+23	; 0x17
    23c6:	98 8d       	ldd	r25, Y+24	; 0x18
    23c8:	20 e0       	ldi	r18, 0x00	; 0
    23ca:	3f ef       	ldi	r19, 0xFF	; 255
    23cc:	4f e7       	ldi	r20, 0x7F	; 127
    23ce:	57 e4       	ldi	r21, 0x47	; 71
    23d0:	0e 94 19 03 	call	0x632	; 0x632 <__gtsf2>
    23d4:	18 16       	cp	r1, r24
    23d6:	4c f5       	brge	.+82     	; 0x242a <LCD_displayCharacter+0x2b6>
	{
		//	__ticks = requested delay in 1/10 ms
		__ticks = (uint16_t) (__ms * 10.0);
    23d8:	69 8d       	ldd	r22, Y+25	; 0x19
    23da:	7a 8d       	ldd	r23, Y+26	; 0x1a
    23dc:	8b 8d       	ldd	r24, Y+27	; 0x1b
    23de:	9c 8d       	ldd	r25, Y+28	; 0x1c
    23e0:	20 e0       	ldi	r18, 0x00	; 0
    23e2:	30 e0       	ldi	r19, 0x00	; 0
    23e4:	40 e2       	ldi	r20, 0x20	; 32
    23e6:	51 e4       	ldi	r21, 0x41	; 65
    23e8:	0e 94 1f 02 	call	0x43e	; 0x43e <__mulsf3>
    23ec:	dc 01       	movw	r26, r24
    23ee:	cb 01       	movw	r24, r22
    23f0:	bc 01       	movw	r22, r24
    23f2:	cd 01       	movw	r24, r26
    23f4:	0e 94 49 00 	call	0x92	; 0x92 <__fixunssfsi>
    23f8:	dc 01       	movw	r26, r24
    23fa:	cb 01       	movw	r24, r22
    23fc:	9c 8b       	std	Y+20, r25	; 0x14
    23fe:	8b 8b       	std	Y+19, r24	; 0x13
    2400:	0f c0       	rjmp	.+30     	; 0x2420 <LCD_displayCharacter+0x2ac>
    2402:	89 e1       	ldi	r24, 0x19	; 25
    2404:	90 e0       	ldi	r25, 0x00	; 0
    2406:	9a 8b       	std	Y+18, r25	; 0x12
    2408:	89 8b       	std	Y+17, r24	; 0x11
    240a:	89 89       	ldd	r24, Y+17	; 0x11
    240c:	9a 89       	ldd	r25, Y+18	; 0x12
    240e:	01 97       	sbiw	r24, 0x01	; 1
    2410:	f1 f7       	brne	.-4      	; 0x240e <LCD_displayCharacter+0x29a>
    2412:	9a 8b       	std	Y+18, r25	; 0x12
    2414:	89 8b       	std	Y+17, r24	; 0x11
		while(__ticks)
		{
			// wait 1/10 ms
			_delay_loop_2(((F_CPU) / 4e3) / 10);
			__ticks --;
    2416:	8b 89       	ldd	r24, Y+19	; 0x13
    2418:	9c 89       	ldd	r25, Y+20	; 0x14
    241a:	01 97       	sbiw	r24, 0x01	; 1
    241c:	9c 8b       	std	Y+20, r25	; 0x14
    241e:	8b 8b       	std	Y+19, r24	; 0x13
		__ticks = 1;
	else if (__tmp > 65535)
	{
		//	__ticks = requested delay in 1/10 ms
		__ticks = (uint16_t) (__ms * 10.0);
		while(__ticks)
    2420:	8b 89       	ldd	r24, Y+19	; 0x13
    2422:	9c 89       	ldd	r25, Y+20	; 0x14
    2424:	00 97       	sbiw	r24, 0x00	; 0
    2426:	69 f7       	brne	.-38     	; 0x2402 <LCD_displayCharacter+0x28e>
    2428:	14 c0       	rjmp	.+40     	; 0x2452 <LCD_displayCharacter+0x2de>
			__ticks --;
		}
		return;
	}
	else
		__ticks = (uint16_t)__tmp;
    242a:	6d 89       	ldd	r22, Y+21	; 0x15
    242c:	7e 89       	ldd	r23, Y+22	; 0x16
    242e:	8f 89       	ldd	r24, Y+23	; 0x17
    2430:	98 8d       	ldd	r25, Y+24	; 0x18
    2432:	0e 94 49 00 	call	0x92	; 0x92 <__fixunssfsi>
    2436:	dc 01       	movw	r26, r24
    2438:	cb 01       	movw	r24, r22
    243a:	9c 8b       	std	Y+20, r25	; 0x14
    243c:	8b 8b       	std	Y+19, r24	; 0x13
    243e:	8b 89       	ldd	r24, Y+19	; 0x13
    2440:	9c 89       	ldd	r25, Y+20	; 0x14
    2442:	98 8b       	std	Y+16, r25	; 0x10
    2444:	8f 87       	std	Y+15, r24	; 0x0f
    2446:	8f 85       	ldd	r24, Y+15	; 0x0f
    2448:	98 89       	ldd	r25, Y+16	; 0x10
    244a:	01 97       	sbiw	r24, 0x01	; 1
    244c:	f1 f7       	brne	.-4      	; 0x244a <LCD_displayCharacter+0x2d6>
    244e:	98 8b       	std	Y+16, r25	; 0x10
    2450:	8f 87       	std	Y+15, r24	; 0x0f
	_delay_ms(1); /* delay for processing Tdsw = 100ns */
	GPIO_writePin(LCD_E_PORT_ID,LCD_E_PIN_ID,LOGIC_LOW); /* Disable LCD E=0 */
    2452:	83 e0       	ldi	r24, 0x03	; 3
    2454:	65 e0       	ldi	r22, 0x05	; 5
    2456:	40 e0       	ldi	r20, 0x00	; 0
    2458:	0e 94 b9 0a 	call	0x1572	; 0x1572 <GPIO_writePin>
    245c:	80 e0       	ldi	r24, 0x00	; 0
    245e:	90 e0       	ldi	r25, 0x00	; 0
    2460:	a0 e8       	ldi	r26, 0x80	; 128
    2462:	bf e3       	ldi	r27, 0x3F	; 63
    2464:	8b 87       	std	Y+11, r24	; 0x0b
    2466:	9c 87       	std	Y+12, r25	; 0x0c
    2468:	ad 87       	std	Y+13, r26	; 0x0d
    246a:	be 87       	std	Y+14, r27	; 0x0e
 */
void
_delay_ms(double __ms)
{
	uint16_t __ticks;
	double __tmp = ((F_CPU) / 4e3) * __ms;
    246c:	6b 85       	ldd	r22, Y+11	; 0x0b
    246e:	7c 85       	ldd	r23, Y+12	; 0x0c
    2470:	8d 85       	ldd	r24, Y+13	; 0x0d
    2472:	9e 85       	ldd	r25, Y+14	; 0x0e
    2474:	20 e0       	ldi	r18, 0x00	; 0
    2476:	30 e0       	ldi	r19, 0x00	; 0
    2478:	4a e7       	ldi	r20, 0x7A	; 122
    247a:	53 e4       	ldi	r21, 0x43	; 67
    247c:	0e 94 1f 02 	call	0x43e	; 0x43e <__mulsf3>
    2480:	dc 01       	movw	r26, r24
    2482:	cb 01       	movw	r24, r22
    2484:	8f 83       	std	Y+7, r24	; 0x07
    2486:	98 87       	std	Y+8, r25	; 0x08
    2488:	a9 87       	std	Y+9, r26	; 0x09
    248a:	ba 87       	std	Y+10, r27	; 0x0a
	if (__tmp < 1.0)
    248c:	6f 81       	ldd	r22, Y+7	; 0x07
    248e:	78 85       	ldd	r23, Y+8	; 0x08
    2490:	89 85       	ldd	r24, Y+9	; 0x09
    2492:	9a 85       	ldd	r25, Y+10	; 0x0a
    2494:	20 e0       	ldi	r18, 0x00	; 0
    2496:	30 e0       	ldi	r19, 0x00	; 0
    2498:	40 e8       	ldi	r20, 0x80	; 128
    249a:	5f e3       	ldi	r21, 0x3F	; 63
    249c:	0e 94 79 03 	call	0x6f2	; 0x6f2 <__ltsf2>
    24a0:	88 23       	and	r24, r24
    24a2:	2c f4       	brge	.+10     	; 0x24ae <LCD_displayCharacter+0x33a>
		__ticks = 1;
    24a4:	81 e0       	ldi	r24, 0x01	; 1
    24a6:	90 e0       	ldi	r25, 0x00	; 0
    24a8:	9e 83       	std	Y+6, r25	; 0x06
    24aa:	8d 83       	std	Y+5, r24	; 0x05
    24ac:	3f c0       	rjmp	.+126    	; 0x252c <LCD_displayCharacter+0x3b8>
	else if (__tmp > 65535)
    24ae:	6f 81       	ldd	r22, Y+7	; 0x07
    24b0:	78 85       	ldd	r23, Y+8	; 0x08
    24b2:	89 85       	ldd	r24, Y+9	; 0x09
    24b4:	9a 85       	ldd	r25, Y+10	; 0x0a
    24b6:	20 e0       	ldi	r18, 0x00	; 0
    24b8:	3f ef       	ldi	r19, 0xFF	; 255
    24ba:	4f e7       	ldi	r20, 0x7F	; 127
    24bc:	57 e4       	ldi	r21, 0x47	; 71
    24be:	0e 94 19 03 	call	0x632	; 0x632 <__gtsf2>
    24c2:	18 16       	cp	r1, r24
    24c4:	4c f5       	brge	.+82     	; 0x2518 <LCD_displayCharacter+0x3a4>
	{
		//	__ticks = requested delay in 1/10 ms
		__ticks = (uint16_t) (__ms * 10.0);
    24c6:	6b 85       	ldd	r22, Y+11	; 0x0b
    24c8:	7c 85       	ldd	r23, Y+12	; 0x0c
    24ca:	8d 85       	ldd	r24, Y+13	; 0x0d
    24cc:	9e 85       	ldd	r25, Y+14	; 0x0e
    24ce:	20 e0       	ldi	r18, 0x00	; 0
    24d0:	30 e0       	ldi	r19, 0x00	; 0
    24d2:	40 e2       	ldi	r20, 0x20	; 32
    24d4:	51 e4       	ldi	r21, 0x41	; 65
    24d6:	0e 94 1f 02 	call	0x43e	; 0x43e <__mulsf3>
    24da:	dc 01       	movw	r26, r24
    24dc:	cb 01       	movw	r24, r22
    24de:	bc 01       	movw	r22, r24
    24e0:	cd 01       	movw	r24, r26
    24e2:	0e 94 49 00 	call	0x92	; 0x92 <__fixunssfsi>
    24e6:	dc 01       	movw	r26, r24
    24e8:	cb 01       	movw	r24, r22
    24ea:	9e 83       	std	Y+6, r25	; 0x06
    24ec:	8d 83       	std	Y+5, r24	; 0x05
    24ee:	0f c0       	rjmp	.+30     	; 0x250e <LCD_displayCharacter+0x39a>
    24f0:	89 e1       	ldi	r24, 0x19	; 25
    24f2:	90 e0       	ldi	r25, 0x00	; 0
    24f4:	9c 83       	std	Y+4, r25	; 0x04
    24f6:	8b 83       	std	Y+3, r24	; 0x03
    24f8:	8b 81       	ldd	r24, Y+3	; 0x03
    24fa:	9c 81       	ldd	r25, Y+4	; 0x04
    24fc:	01 97       	sbiw	r24, 0x01	; 1
    24fe:	f1 f7       	brne	.-4      	; 0x24fc <LCD_displayCharacter+0x388>
    2500:	9c 83       	std	Y+4, r25	; 0x04
    2502:	8b 83       	std	Y+3, r24	; 0x03
		while(__ticks)
		{
			// wait 1/10 ms
			_delay_loop_2(((F_CPU) / 4e3) / 10);
			__ticks --;
    2504:	8d 81       	ldd	r24, Y+5	; 0x05
    2506:	9e 81       	ldd	r25, Y+6	; 0x06
    2508:	01 97       	sbiw	r24, 0x01	; 1
    250a:	9e 83       	std	Y+6, r25	; 0x06
    250c:	8d 83       	std	Y+5, r24	; 0x05
		__ticks = 1;
	else if (__tmp > 65535)
	{
		//	__ticks = requested delay in 1/10 ms
		__ticks = (uint16_t) (__ms * 10.0);
		while(__ticks)
    250e:	8d 81       	ldd	r24, Y+5	; 0x05
    2510:	9e 81       	ldd	r25, Y+6	; 0x06
    2512:	00 97       	sbiw	r24, 0x00	; 0
    2514:	69 f7       	brne	.-38     	; 0x24f0 <LCD_displayCharacter+0x37c>
    2516:	14 c0       	rjmp	.+40     	; 0x2540 <LCD_displayCharacter+0x3cc>
			__ticks --;
		}
		return;
	}
	else
		__ticks = (uint16_t)__tmp;
    2518:	6f 81       	ldd	r22, Y+7	; 0x07
    251a:	78 85       	ldd	r23, Y+8	; 0x08
    251c:	89 85       	ldd	r24, Y+9	; 0x09
    251e:	9a 85       	ldd	r25, Y+10	; 0x0a
    2520:	0e 94 49 00 	call	0x92	; 0x92 <__fixunssfsi>
    2524:	dc 01       	movw	r26, r24
    2526:	cb 01       	movw	r24, r22
    2528:	9e 83       	std	Y+6, r25	; 0x06
    252a:	8d 83       	std	Y+5, r24	; 0x05
    252c:	8d 81       	ldd	r24, Y+5	; 0x05
    252e:	9e 81       	ldd	r25, Y+6	; 0x06
    2530:	9a 83       	std	Y+2, r25	; 0x02
    2532:	89 83       	std	Y+1, r24	; 0x01
    2534:	89 81       	ldd	r24, Y+1	; 0x01
    2536:	9a 81       	ldd	r25, Y+2	; 0x02
    2538:	01 97       	sbiw	r24, 0x01	; 1
    253a:	f1 f7       	brne	.-4      	; 0x2538 <LCD_displayCharacter+0x3c4>
    253c:	9a 83       	std	Y+2, r25	; 0x02
    253e:	89 83       	std	Y+1, r24	; 0x01
	_delay_ms(1); /* delay for processing Th = 13ns */
#endif
}
    2540:	e9 96       	adiw	r28, 0x39	; 57
    2542:	0f b6       	in	r0, 0x3f	; 63
    2544:	f8 94       	cli
    2546:	de bf       	out	0x3e, r29	; 62
    2548:	0f be       	out	0x3f, r0	; 63
    254a:	cd bf       	out	0x3d, r28	; 61
    254c:	cf 91       	pop	r28
    254e:	df 91       	pop	r29
    2550:	08 95       	ret

00002552 <LCD_displayString>:
/*
 * Description :
 * Display the required string on the screen
 */
void LCD_displayString(const char *Str)
{
    2552:	df 93       	push	r29
    2554:	cf 93       	push	r28
    2556:	00 d0       	rcall	.+0      	; 0x2558 <LCD_displayString+0x6>
    2558:	0f 92       	push	r0
    255a:	cd b7       	in	r28, 0x3d	; 61
    255c:	de b7       	in	r29, 0x3e	; 62
    255e:	9b 83       	std	Y+3, r25	; 0x03
    2560:	8a 83       	std	Y+2, r24	; 0x02
	uint8 i = 0;
    2562:	19 82       	std	Y+1, r1	; 0x01
    2564:	0e c0       	rjmp	.+28     	; 0x2582 <LCD_displayString+0x30>
	while(Str[i] != '\0')
	{
		LCD_displayCharacter(Str[i]);
    2566:	89 81       	ldd	r24, Y+1	; 0x01
    2568:	28 2f       	mov	r18, r24
    256a:	30 e0       	ldi	r19, 0x00	; 0
    256c:	8a 81       	ldd	r24, Y+2	; 0x02
    256e:	9b 81       	ldd	r25, Y+3	; 0x03
    2570:	fc 01       	movw	r30, r24
    2572:	e2 0f       	add	r30, r18
    2574:	f3 1f       	adc	r31, r19
    2576:	80 81       	ld	r24, Z
    2578:	0e 94 ba 10 	call	0x2174	; 0x2174 <LCD_displayCharacter>
		i++;
    257c:	89 81       	ldd	r24, Y+1	; 0x01
    257e:	8f 5f       	subi	r24, 0xFF	; 255
    2580:	89 83       	std	Y+1, r24	; 0x01
 * Display the required string on the screen
 */
void LCD_displayString(const char *Str)
{
	uint8 i = 0;
	while(Str[i] != '\0')
    2582:	89 81       	ldd	r24, Y+1	; 0x01
    2584:	28 2f       	mov	r18, r24
    2586:	30 e0       	ldi	r19, 0x00	; 0
    2588:	8a 81       	ldd	r24, Y+2	; 0x02
    258a:	9b 81       	ldd	r25, Y+3	; 0x03
    258c:	fc 01       	movw	r30, r24
    258e:	e2 0f       	add	r30, r18
    2590:	f3 1f       	adc	r31, r19
    2592:	80 81       	ld	r24, Z
    2594:	88 23       	and	r24, r24
    2596:	39 f7       	brne	.-50     	; 0x2566 <LCD_displayString+0x14>
	{
		LCD_displayCharacter(*Str);
		Str++;
	}		
	*********************************************************/
}
    2598:	0f 90       	pop	r0
    259a:	0f 90       	pop	r0
    259c:	0f 90       	pop	r0
    259e:	cf 91       	pop	r28
    25a0:	df 91       	pop	r29
    25a2:	08 95       	ret

000025a4 <LCD_moveCursor>:
/*
 * Description :
 * Move the cursor to a specified row and column index on the screen
 */
void LCD_moveCursor(uint8 row,uint8 col)
{
    25a4:	df 93       	push	r29
    25a6:	cf 93       	push	r28
    25a8:	00 d0       	rcall	.+0      	; 0x25aa <LCD_moveCursor+0x6>
    25aa:	00 d0       	rcall	.+0      	; 0x25ac <LCD_moveCursor+0x8>
    25ac:	0f 92       	push	r0
    25ae:	cd b7       	in	r28, 0x3d	; 61
    25b0:	de b7       	in	r29, 0x3e	; 62
    25b2:	8a 83       	std	Y+2, r24	; 0x02
    25b4:	6b 83       	std	Y+3, r22	; 0x03
	uint8 lcd_memory_address;
	
	/* Calculate the required address in the LCD DDRAM */
	switch(row)
    25b6:	8a 81       	ldd	r24, Y+2	; 0x02
    25b8:	28 2f       	mov	r18, r24
    25ba:	30 e0       	ldi	r19, 0x00	; 0
    25bc:	3d 83       	std	Y+5, r19	; 0x05
    25be:	2c 83       	std	Y+4, r18	; 0x04
    25c0:	8c 81       	ldd	r24, Y+4	; 0x04
    25c2:	9d 81       	ldd	r25, Y+5	; 0x05
    25c4:	81 30       	cpi	r24, 0x01	; 1
    25c6:	91 05       	cpc	r25, r1
    25c8:	c1 f0       	breq	.+48     	; 0x25fa <LCD_moveCursor+0x56>
    25ca:	2c 81       	ldd	r18, Y+4	; 0x04
    25cc:	3d 81       	ldd	r19, Y+5	; 0x05
    25ce:	22 30       	cpi	r18, 0x02	; 2
    25d0:	31 05       	cpc	r19, r1
    25d2:	2c f4       	brge	.+10     	; 0x25de <LCD_moveCursor+0x3a>
    25d4:	8c 81       	ldd	r24, Y+4	; 0x04
    25d6:	9d 81       	ldd	r25, Y+5	; 0x05
    25d8:	00 97       	sbiw	r24, 0x00	; 0
    25da:	61 f0       	breq	.+24     	; 0x25f4 <LCD_moveCursor+0x50>
    25dc:	19 c0       	rjmp	.+50     	; 0x2610 <LCD_moveCursor+0x6c>
    25de:	2c 81       	ldd	r18, Y+4	; 0x04
    25e0:	3d 81       	ldd	r19, Y+5	; 0x05
    25e2:	22 30       	cpi	r18, 0x02	; 2
    25e4:	31 05       	cpc	r19, r1
    25e6:	69 f0       	breq	.+26     	; 0x2602 <LCD_moveCursor+0x5e>
    25e8:	8c 81       	ldd	r24, Y+4	; 0x04
    25ea:	9d 81       	ldd	r25, Y+5	; 0x05
    25ec:	83 30       	cpi	r24, 0x03	; 3
    25ee:	91 05       	cpc	r25, r1
    25f0:	61 f0       	breq	.+24     	; 0x260a <LCD_moveCursor+0x66>
    25f2:	0e c0       	rjmp	.+28     	; 0x2610 <LCD_moveCursor+0x6c>
	{
		case 0:
			lcd_memory_address=col;
    25f4:	8b 81       	ldd	r24, Y+3	; 0x03
    25f6:	89 83       	std	Y+1, r24	; 0x01
    25f8:	0b c0       	rjmp	.+22     	; 0x2610 <LCD_moveCursor+0x6c>
				break;
		case 1:
			lcd_memory_address=col+0x40;
    25fa:	8b 81       	ldd	r24, Y+3	; 0x03
    25fc:	80 5c       	subi	r24, 0xC0	; 192
    25fe:	89 83       	std	Y+1, r24	; 0x01
    2600:	07 c0       	rjmp	.+14     	; 0x2610 <LCD_moveCursor+0x6c>
				break;
		case 2:
			lcd_memory_address=col+0x10;
    2602:	8b 81       	ldd	r24, Y+3	; 0x03
    2604:	80 5f       	subi	r24, 0xF0	; 240
    2606:	89 83       	std	Y+1, r24	; 0x01
    2608:	03 c0       	rjmp	.+6      	; 0x2610 <LCD_moveCursor+0x6c>
				break;
		case 3:
			lcd_memory_address=col+0x50;
    260a:	8b 81       	ldd	r24, Y+3	; 0x03
    260c:	80 5b       	subi	r24, 0xB0	; 176
    260e:	89 83       	std	Y+1, r24	; 0x01
				break;
	}					
	/* Move the LCD cursor to this specific address */
	LCD_sendCommand(lcd_memory_address | LCD_SET_CURSOR_LOCATION);
    2610:	89 81       	ldd	r24, Y+1	; 0x01
    2612:	80 68       	ori	r24, 0x80	; 128
    2614:	0e 94 cb 0e 	call	0x1d96	; 0x1d96 <LCD_sendCommand>
}
    2618:	0f 90       	pop	r0
    261a:	0f 90       	pop	r0
    261c:	0f 90       	pop	r0
    261e:	0f 90       	pop	r0
    2620:	0f 90       	pop	r0
    2622:	cf 91       	pop	r28
    2624:	df 91       	pop	r29
    2626:	08 95       	ret

00002628 <LCD_displayStringRowColumn>:
/*
 * Description :
 * Display the required string in a specified row and column index on the screen
 */
void LCD_displayStringRowColumn(uint8 row,uint8 col,const char *Str)
{
    2628:	df 93       	push	r29
    262a:	cf 93       	push	r28
    262c:	00 d0       	rcall	.+0      	; 0x262e <LCD_displayStringRowColumn+0x6>
    262e:	00 d0       	rcall	.+0      	; 0x2630 <LCD_displayStringRowColumn+0x8>
    2630:	cd b7       	in	r28, 0x3d	; 61
    2632:	de b7       	in	r29, 0x3e	; 62
    2634:	89 83       	std	Y+1, r24	; 0x01
    2636:	6a 83       	std	Y+2, r22	; 0x02
    2638:	5c 83       	std	Y+4, r21	; 0x04
    263a:	4b 83       	std	Y+3, r20	; 0x03
	LCD_moveCursor(row,col); /* go to to the required LCD position */
    263c:	89 81       	ldd	r24, Y+1	; 0x01
    263e:	6a 81       	ldd	r22, Y+2	; 0x02
    2640:	0e 94 d2 12 	call	0x25a4	; 0x25a4 <LCD_moveCursor>
	LCD_displayString(Str); /* display the string */
    2644:	8b 81       	ldd	r24, Y+3	; 0x03
    2646:	9c 81       	ldd	r25, Y+4	; 0x04
    2648:	0e 94 a9 12 	call	0x2552	; 0x2552 <LCD_displayString>
}
    264c:	0f 90       	pop	r0
    264e:	0f 90       	pop	r0
    2650:	0f 90       	pop	r0
    2652:	0f 90       	pop	r0
    2654:	cf 91       	pop	r28
    2656:	df 91       	pop	r29
    2658:	08 95       	ret

0000265a <LCD_intgerToString>:
/*
 * Description :
 * Display the required decimal value on the screen
 */
void LCD_intgerToString(int data)
{
    265a:	df 93       	push	r29
    265c:	cf 93       	push	r28
    265e:	cd b7       	in	r28, 0x3d	; 61
    2660:	de b7       	in	r29, 0x3e	; 62
    2662:	62 97       	sbiw	r28, 0x12	; 18
    2664:	0f b6       	in	r0, 0x3f	; 63
    2666:	f8 94       	cli
    2668:	de bf       	out	0x3e, r29	; 62
    266a:	0f be       	out	0x3f, r0	; 63
    266c:	cd bf       	out	0x3d, r28	; 61
    266e:	9a 8b       	std	Y+18, r25	; 0x12
    2670:	89 8b       	std	Y+17, r24	; 0x11
   char buff[16]; /* String to hold the ascii result */
   itoa(data,buff,10); /* Use itoa C function to convert the data to its corresponding ASCII value, 10 for decimal */
    2672:	89 89       	ldd	r24, Y+17	; 0x11
    2674:	9a 89       	ldd	r25, Y+18	; 0x12
    2676:	9e 01       	movw	r18, r28
    2678:	2f 5f       	subi	r18, 0xFF	; 255
    267a:	3f 4f       	sbci	r19, 0xFF	; 255
    267c:	b9 01       	movw	r22, r18
    267e:	4a e0       	ldi	r20, 0x0A	; 10
    2680:	50 e0       	ldi	r21, 0x00	; 0
    2682:	0e 94 d4 15 	call	0x2ba8	; 0x2ba8 <itoa>
   LCD_displayString(buff); /* Display the string */
    2686:	ce 01       	movw	r24, r28
    2688:	01 96       	adiw	r24, 0x01	; 1
    268a:	0e 94 a9 12 	call	0x2552	; 0x2552 <LCD_displayString>
}
    268e:	62 96       	adiw	r28, 0x12	; 18
    2690:	0f b6       	in	r0, 0x3f	; 63
    2692:	f8 94       	cli
    2694:	de bf       	out	0x3e, r29	; 62
    2696:	0f be       	out	0x3f, r0	; 63
    2698:	cd bf       	out	0x3d, r28	; 61
    269a:	cf 91       	pop	r28
    269c:	df 91       	pop	r29
    269e:	08 95       	ret

000026a0 <LCD_clearScreen>:
/*
 * Description :
 * Send the clear screen command
 */
void LCD_clearScreen(void)
{
    26a0:	df 93       	push	r29
    26a2:	cf 93       	push	r28
    26a4:	cd b7       	in	r28, 0x3d	; 61
    26a6:	de b7       	in	r29, 0x3e	; 62
	LCD_sendCommand(LCD_CLEAR_COMMAND); /* Send clear display command */
    26a8:	81 e0       	ldi	r24, 0x01	; 1
    26aa:	0e 94 cb 0e 	call	0x1d96	; 0x1d96 <LCD_sendCommand>
}
    26ae:	cf 91       	pop	r28
    26b0:	df 91       	pop	r29
    26b2:	08 95       	ret

000026b4 <__vector_7>:
#include"timer1.h"
#include"avr/io.h"
#include <avr/interrupt.h>
static volatile void (*g_callBackPtr)(void) = NULL_PTR;
ISR(TIMER1_COMPA_vect)
{
    26b4:	1f 92       	push	r1
    26b6:	0f 92       	push	r0
    26b8:	0f b6       	in	r0, 0x3f	; 63
    26ba:	0f 92       	push	r0
    26bc:	11 24       	eor	r1, r1
    26be:	2f 93       	push	r18
    26c0:	3f 93       	push	r19
    26c2:	4f 93       	push	r20
    26c4:	5f 93       	push	r21
    26c6:	6f 93       	push	r22
    26c8:	7f 93       	push	r23
    26ca:	8f 93       	push	r24
    26cc:	9f 93       	push	r25
    26ce:	af 93       	push	r26
    26d0:	bf 93       	push	r27
    26d2:	ef 93       	push	r30
    26d4:	ff 93       	push	r31
    26d6:	df 93       	push	r29
    26d8:	cf 93       	push	r28
    26da:	cd b7       	in	r28, 0x3d	; 61
    26dc:	de b7       	in	r29, 0x3e	; 62
	if(g_callBackPtr != NULL_PTR)
    26de:	80 91 e9 00 	lds	r24, 0x00E9
    26e2:	90 91 ea 00 	lds	r25, 0x00EA
    26e6:	00 97       	sbiw	r24, 0x00	; 0
    26e8:	29 f0       	breq	.+10     	; 0x26f4 <__vector_7+0x40>
	{
		(*g_callBackPtr)();
    26ea:	e0 91 e9 00 	lds	r30, 0x00E9
    26ee:	f0 91 ea 00 	lds	r31, 0x00EA
    26f2:	09 95       	icall
	}
}
    26f4:	cf 91       	pop	r28
    26f6:	df 91       	pop	r29
    26f8:	ff 91       	pop	r31
    26fa:	ef 91       	pop	r30
    26fc:	bf 91       	pop	r27
    26fe:	af 91       	pop	r26
    2700:	9f 91       	pop	r25
    2702:	8f 91       	pop	r24
    2704:	7f 91       	pop	r23
    2706:	6f 91       	pop	r22
    2708:	5f 91       	pop	r21
    270a:	4f 91       	pop	r20
    270c:	3f 91       	pop	r19
    270e:	2f 91       	pop	r18
    2710:	0f 90       	pop	r0
    2712:	0f be       	out	0x3f, r0	; 63
    2714:	0f 90       	pop	r0
    2716:	1f 90       	pop	r1
    2718:	18 95       	reti

0000271a <__vector_9>:
ISR(TIMER1_OVF_vect)
{
    271a:	1f 92       	push	r1
    271c:	0f 92       	push	r0
    271e:	0f b6       	in	r0, 0x3f	; 63
    2720:	0f 92       	push	r0
    2722:	11 24       	eor	r1, r1
    2724:	2f 93       	push	r18
    2726:	3f 93       	push	r19
    2728:	4f 93       	push	r20
    272a:	5f 93       	push	r21
    272c:	6f 93       	push	r22
    272e:	7f 93       	push	r23
    2730:	8f 93       	push	r24
    2732:	9f 93       	push	r25
    2734:	af 93       	push	r26
    2736:	bf 93       	push	r27
    2738:	ef 93       	push	r30
    273a:	ff 93       	push	r31
    273c:	df 93       	push	r29
    273e:	cf 93       	push	r28
    2740:	cd b7       	in	r28, 0x3d	; 61
    2742:	de b7       	in	r29, 0x3e	; 62
	if(g_callBackPtr != NULL_PTR)
    2744:	80 91 e9 00 	lds	r24, 0x00E9
    2748:	90 91 ea 00 	lds	r25, 0x00EA
    274c:	00 97       	sbiw	r24, 0x00	; 0
    274e:	29 f0       	breq	.+10     	; 0x275a <__vector_9+0x40>
	{
		(*g_callBackPtr)();
    2750:	e0 91 e9 00 	lds	r30, 0x00E9
    2754:	f0 91 ea 00 	lds	r31, 0x00EA
    2758:	09 95       	icall
	}
}
    275a:	cf 91       	pop	r28
    275c:	df 91       	pop	r29
    275e:	ff 91       	pop	r31
    2760:	ef 91       	pop	r30
    2762:	bf 91       	pop	r27
    2764:	af 91       	pop	r26
    2766:	9f 91       	pop	r25
    2768:	8f 91       	pop	r24
    276a:	7f 91       	pop	r23
    276c:	6f 91       	pop	r22
    276e:	5f 91       	pop	r21
    2770:	4f 91       	pop	r20
    2772:	3f 91       	pop	r19
    2774:	2f 91       	pop	r18
    2776:	0f 90       	pop	r0
    2778:	0f be       	out	0x3f, r0	; 63
    277a:	0f 90       	pop	r0
    277c:	1f 90       	pop	r1
    277e:	18 95       	reti

00002780 <Timer1_init>:

void Timer1_init(const Timer1_ConfigType * Config_Ptr)
{
    2780:	df 93       	push	r29
    2782:	cf 93       	push	r28
    2784:	00 d0       	rcall	.+0      	; 0x2786 <Timer1_init+0x6>
    2786:	cd b7       	in	r28, 0x3d	; 61
    2788:	de b7       	in	r29, 0x3e	; 62
    278a:	9a 83       	std	Y+2, r25	; 0x02
    278c:	89 83       	std	Y+1, r24	; 0x01
	TCNT1=Config_Ptr->initial_value;    /*initialize timer */
    278e:	ac e4       	ldi	r26, 0x4C	; 76
    2790:	b0 e0       	ldi	r27, 0x00	; 0
    2792:	e9 81       	ldd	r30, Y+1	; 0x01
    2794:	fa 81       	ldd	r31, Y+2	; 0x02
    2796:	80 81       	ld	r24, Z
    2798:	91 81       	ldd	r25, Z+1	; 0x01
    279a:	11 96       	adiw	r26, 0x01	; 1
    279c:	9c 93       	st	X, r25
    279e:	8e 93       	st	-X, r24
	/*FOC1A:B=11 for non PWM mode
	 * WGM10:1 =00 for normal mode or ctc mode
	 * */
	TCCR1A=(1<<FOC1A)|(1<<FOC1B);
    27a0:	ef e4       	ldi	r30, 0x4F	; 79
    27a2:	f0 e0       	ldi	r31, 0x00	; 0
    27a4:	8c e0       	ldi	r24, 0x0C	; 12
    27a6:	80 83       	st	Z, r24
	TCCR1B=(((Config_Ptr->prescaler)&0X07)|((Config_Ptr->mode>>2)<< WGM12));
    27a8:	ae e4       	ldi	r26, 0x4E	; 78
    27aa:	b0 e0       	ldi	r27, 0x00	; 0
    27ac:	e9 81       	ldd	r30, Y+1	; 0x01
    27ae:	fa 81       	ldd	r31, Y+2	; 0x02
    27b0:	84 81       	ldd	r24, Z+4	; 0x04
    27b2:	28 2f       	mov	r18, r24
    27b4:	27 70       	andi	r18, 0x07	; 7
    27b6:	e9 81       	ldd	r30, Y+1	; 0x01
    27b8:	fa 81       	ldd	r31, Y+2	; 0x02
    27ba:	85 81       	ldd	r24, Z+5	; 0x05
    27bc:	86 95       	lsr	r24
    27be:	86 95       	lsr	r24
    27c0:	88 2f       	mov	r24, r24
    27c2:	90 e0       	ldi	r25, 0x00	; 0
    27c4:	88 0f       	add	r24, r24
    27c6:	99 1f       	adc	r25, r25
    27c8:	88 0f       	add	r24, r24
    27ca:	99 1f       	adc	r25, r25
    27cc:	88 0f       	add	r24, r24
    27ce:	99 1f       	adc	r25, r25
    27d0:	82 2b       	or	r24, r18
    27d2:	8c 93       	st	X, r24
	if(Config_Ptr->mode==CTC)
    27d4:	e9 81       	ldd	r30, Y+1	; 0x01
    27d6:	fa 81       	ldd	r31, Y+2	; 0x02
    27d8:	85 81       	ldd	r24, Z+5	; 0x05
    27da:	84 30       	cpi	r24, 0x04	; 4
    27dc:	51 f4       	brne	.+20     	; 0x27f2 <Timer1_init+0x72>
	{
		OCR1A=Config_Ptr->compare_value;
    27de:	ea e4       	ldi	r30, 0x4A	; 74
    27e0:	f0 e0       	ldi	r31, 0x00	; 0
    27e2:	a9 81       	ldd	r26, Y+1	; 0x01
    27e4:	ba 81       	ldd	r27, Y+2	; 0x02
    27e6:	12 96       	adiw	r26, 0x02	; 2
    27e8:	8d 91       	ld	r24, X+
    27ea:	9c 91       	ld	r25, X
    27ec:	13 97       	sbiw	r26, 0x03	; 3
    27ee:	91 83       	std	Z+1, r25	; 0x01
    27f0:	80 83       	st	Z, r24
	}
	TIMSK|=(1<<OCIE1A); // enable MIE
    27f2:	a9 e5       	ldi	r26, 0x59	; 89
    27f4:	b0 e0       	ldi	r27, 0x00	; 0
    27f6:	e9 e5       	ldi	r30, 0x59	; 89
    27f8:	f0 e0       	ldi	r31, 0x00	; 0
    27fa:	80 81       	ld	r24, Z
    27fc:	80 61       	ori	r24, 0x10	; 16
    27fe:	8c 93       	st	X, r24
}
    2800:	0f 90       	pop	r0
    2802:	0f 90       	pop	r0
    2804:	cf 91       	pop	r28
    2806:	df 91       	pop	r29
    2808:	08 95       	ret

0000280a <Timer1_deInit>:

void Timer1_deInit(void)
{
    280a:	df 93       	push	r29
    280c:	cf 93       	push	r28
    280e:	cd b7       	in	r28, 0x3d	; 61
    2810:	de b7       	in	r29, 0x3e	; 62
	TCCR1A=0;
    2812:	ef e4       	ldi	r30, 0x4F	; 79
    2814:	f0 e0       	ldi	r31, 0x00	; 0
    2816:	10 82       	st	Z, r1
	TCCR1B=0; /*no clk*/
    2818:	ee e4       	ldi	r30, 0x4E	; 78
    281a:	f0 e0       	ldi	r31, 0x00	; 0
    281c:	10 82       	st	Z, r1
	TCNT1=0; /*clear initial value*/
    281e:	ec e4       	ldi	r30, 0x4C	; 76
    2820:	f0 e0       	ldi	r31, 0x00	; 0
    2822:	11 82       	std	Z+1, r1	; 0x01
    2824:	10 82       	st	Z, r1
	OCR1A=0;  /*clear compare value*/
    2826:	ea e4       	ldi	r30, 0x4A	; 74
    2828:	f0 e0       	ldi	r31, 0x00	; 0
    282a:	11 82       	std	Z+1, r1	; 0x01
    282c:	10 82       	st	Z, r1

}
    282e:	cf 91       	pop	r28
    2830:	df 91       	pop	r29
    2832:	08 95       	ret

00002834 <Timer1_setCallBack>:
void Timer1_setCallBack(void(*a_ptr)(void))
{
    2834:	df 93       	push	r29
    2836:	cf 93       	push	r28
    2838:	00 d0       	rcall	.+0      	; 0x283a <Timer1_setCallBack+0x6>
    283a:	cd b7       	in	r28, 0x3d	; 61
    283c:	de b7       	in	r29, 0x3e	; 62
    283e:	9a 83       	std	Y+2, r25	; 0x02
    2840:	89 83       	std	Y+1, r24	; 0x01
	g_callBackPtr=a_ptr;
    2842:	89 81       	ldd	r24, Y+1	; 0x01
    2844:	9a 81       	ldd	r25, Y+2	; 0x02
    2846:	90 93 ea 00 	sts	0x00EA, r25
    284a:	80 93 e9 00 	sts	0x00E9, r24
}
    284e:	0f 90       	pop	r0
    2850:	0f 90       	pop	r0
    2852:	cf 91       	pop	r28
    2854:	df 91       	pop	r29
    2856:	08 95       	ret

00002858 <UART_init>:
 * 1. Setup the Frame format like number of data bits, parity bit type and number of stop bits.
 * 2. Enable the UART.
 * 3. Setup the UART baud rate.
 */
void UART_init(const UART_ConfigType * Config_Ptr)
{
    2858:	df 93       	push	r29
    285a:	cf 93       	push	r28
    285c:	00 d0       	rcall	.+0      	; 0x285e <UART_init+0x6>
    285e:	00 d0       	rcall	.+0      	; 0x2860 <UART_init+0x8>
    2860:	cd b7       	in	r28, 0x3d	; 61
    2862:	de b7       	in	r29, 0x3e	; 62
    2864:	9c 83       	std	Y+4, r25	; 0x04
    2866:	8b 83       	std	Y+3, r24	; 0x03
	uint16 ubrr_value = 0;
    2868:	1a 82       	std	Y+2, r1	; 0x02
    286a:	19 82       	std	Y+1, r1	; 0x01

	UCSRA = (1<<(Config_Ptr->baud_rate.mode));
    286c:	ab e2       	ldi	r26, 0x2B	; 43
    286e:	b0 e0       	ldi	r27, 0x00	; 0
    2870:	eb 81       	ldd	r30, Y+3	; 0x03
    2872:	fc 81       	ldd	r31, Y+4	; 0x04
    2874:	82 81       	ldd	r24, Z+2	; 0x02
    2876:	28 2f       	mov	r18, r24
    2878:	30 e0       	ldi	r19, 0x00	; 0
    287a:	81 e0       	ldi	r24, 0x01	; 1
    287c:	90 e0       	ldi	r25, 0x00	; 0
    287e:	02 c0       	rjmp	.+4      	; 0x2884 <UART_init+0x2c>
    2880:	88 0f       	add	r24, r24
    2882:	99 1f       	adc	r25, r25
    2884:	2a 95       	dec	r18
    2886:	e2 f7       	brpl	.-8      	; 0x2880 <UART_init+0x28>
    2888:	8c 93       	st	X, r24
	 * TXCIE = 0 Disable USART Tx Complete Interrupt Enable
	 * UDRIE = 0 Disable USART Data Register Empty Interrupt Enable
	 * RXEN  = 1 Receiver Enable
	 * RXEN  = 1 Transmitter Enable
	 ***********************************************************************/ 
	UCSRB = (1<<RXEN) | (1<<TXEN)|(((Config_Ptr->bit_data&0b100)>>2)<<UCSZ2); /*in case of 9-bit mode*/
    288a:	aa e2       	ldi	r26, 0x2A	; 42
    288c:	b0 e0       	ldi	r27, 0x00	; 0
    288e:	eb 81       	ldd	r30, Y+3	; 0x03
    2890:	fc 81       	ldd	r31, Y+4	; 0x04
    2892:	80 81       	ld	r24, Z
    2894:	84 70       	andi	r24, 0x04	; 4
    2896:	88 61       	ori	r24, 0x18	; 24
    2898:	8c 93       	st	X, r24
	/************************** UCSRC Description **************************
	 * URSEL   = 1 The URSEL must be one when writing the UCSRC
	 * UMSEL   = 0 Asynchronous Operation
	 * UCPOL   = 0 Used with the Synchronous operation only
	 ***********************************************************************/ 	
	UCSRC = (1<<URSEL) ;
    289a:	e0 e4       	ldi	r30, 0x40	; 64
    289c:	f0 e0       	ldi	r31, 0x00	; 0
    289e:	80 e8       	ldi	r24, 0x80	; 128
    28a0:	80 83       	st	Z, r24
	UCSRC=((UCSRC & 0XF9)|((Config_Ptr->bit_data&0B011)<<UCSZ0)); /*(bit_data&0B011) to remove MSB in case of*/
    28a2:	a0 e4       	ldi	r26, 0x40	; 64
    28a4:	b0 e0       	ldi	r27, 0x00	; 0
    28a6:	e0 e4       	ldi	r30, 0x40	; 64
    28a8:	f0 e0       	ldi	r31, 0x00	; 0
    28aa:	80 81       	ld	r24, Z
    28ac:	28 2f       	mov	r18, r24
    28ae:	29 7f       	andi	r18, 0xF9	; 249
    28b0:	eb 81       	ldd	r30, Y+3	; 0x03
    28b2:	fc 81       	ldd	r31, Y+4	; 0x04
    28b4:	80 81       	ld	r24, Z
    28b6:	88 2f       	mov	r24, r24
    28b8:	90 e0       	ldi	r25, 0x00	; 0
    28ba:	83 70       	andi	r24, 0x03	; 3
    28bc:	90 70       	andi	r25, 0x00	; 0
    28be:	88 0f       	add	r24, r24
    28c0:	99 1f       	adc	r25, r25
    28c2:	82 2b       	or	r24, r18
    28c4:	8c 93       	st	X, r24
	UCSRC = ((UCSRC & 0XCF)|(Config_Ptr->parity<<UPM0)) ;         /*9-bit mode*/
    28c6:	a0 e4       	ldi	r26, 0x40	; 64
    28c8:	b0 e0       	ldi	r27, 0x00	; 0
    28ca:	e0 e4       	ldi	r30, 0x40	; 64
    28cc:	f0 e0       	ldi	r31, 0x00	; 0
    28ce:	80 81       	ld	r24, Z
    28d0:	28 2f       	mov	r18, r24
    28d2:	2f 7c       	andi	r18, 0xCF	; 207
    28d4:	eb 81       	ldd	r30, Y+3	; 0x03
    28d6:	fc 81       	ldd	r31, Y+4	; 0x04
    28d8:	81 81       	ldd	r24, Z+1	; 0x01
    28da:	88 2f       	mov	r24, r24
    28dc:	90 e0       	ldi	r25, 0x00	; 0
    28de:	82 95       	swap	r24
    28e0:	92 95       	swap	r25
    28e2:	90 7f       	andi	r25, 0xF0	; 240
    28e4:	98 27       	eor	r25, r24
    28e6:	80 7f       	andi	r24, 0xF0	; 240
    28e8:	98 27       	eor	r25, r24
    28ea:	82 2b       	or	r24, r18
    28ec:	8c 93       	st	X, r24
	UCSRC =((UCSRC & 0XF7)|(Config_Ptr->stop_bit<<USBS));
    28ee:	a0 e4       	ldi	r26, 0x40	; 64
    28f0:	b0 e0       	ldi	r27, 0x00	; 0
    28f2:	e0 e4       	ldi	r30, 0x40	; 64
    28f4:	f0 e0       	ldi	r31, 0x00	; 0
    28f6:	80 81       	ld	r24, Z
    28f8:	28 2f       	mov	r18, r24
    28fa:	27 7f       	andi	r18, 0xF7	; 247
    28fc:	eb 81       	ldd	r30, Y+3	; 0x03
    28fe:	fc 81       	ldd	r31, Y+4	; 0x04
    2900:	87 81       	ldd	r24, Z+7	; 0x07
    2902:	88 2f       	mov	r24, r24
    2904:	90 e0       	ldi	r25, 0x00	; 0
    2906:	88 0f       	add	r24, r24
    2908:	99 1f       	adc	r25, r25
    290a:	88 0f       	add	r24, r24
    290c:	99 1f       	adc	r25, r25
    290e:	88 0f       	add	r24, r24
    2910:	99 1f       	adc	r25, r25
    2912:	82 2b       	or	r24, r18
    2914:	8c 93       	st	X, r24
	/* Calculate the UBRR register value in different cases of modes */
	if(Config_Ptr->baud_rate.mode==NORMAL_MODE)
    2916:	eb 81       	ldd	r30, Y+3	; 0x03
    2918:	fc 81       	ldd	r31, Y+4	; 0x04
    291a:	82 81       	ldd	r24, Z+2	; 0x02
    291c:	88 23       	and	r24, r24
    291e:	31 f5       	brne	.+76     	; 0x296c <UART_init+0x114>
	{
		ubrr_value = (uint16)(((F_CPU / (Config_Ptr->baud_rate.speed * 16UL))) - 1);
    2920:	eb 81       	ldd	r30, Y+3	; 0x03
    2922:	fc 81       	ldd	r31, Y+4	; 0x04
    2924:	83 81       	ldd	r24, Z+3	; 0x03
    2926:	94 81       	ldd	r25, Z+4	; 0x04
    2928:	a5 81       	ldd	r26, Z+5	; 0x05
    292a:	b6 81       	ldd	r27, Z+6	; 0x06
    292c:	88 0f       	add	r24, r24
    292e:	99 1f       	adc	r25, r25
    2930:	aa 1f       	adc	r26, r26
    2932:	bb 1f       	adc	r27, r27
    2934:	88 0f       	add	r24, r24
    2936:	99 1f       	adc	r25, r25
    2938:	aa 1f       	adc	r26, r26
    293a:	bb 1f       	adc	r27, r27
    293c:	88 0f       	add	r24, r24
    293e:	99 1f       	adc	r25, r25
    2940:	aa 1f       	adc	r26, r26
    2942:	bb 1f       	adc	r27, r27
    2944:	88 0f       	add	r24, r24
    2946:	99 1f       	adc	r25, r25
    2948:	aa 1f       	adc	r26, r26
    294a:	bb 1f       	adc	r27, r27
    294c:	9c 01       	movw	r18, r24
    294e:	ad 01       	movw	r20, r26
    2950:	80 e4       	ldi	r24, 0x40	; 64
    2952:	92 e4       	ldi	r25, 0x42	; 66
    2954:	af e0       	ldi	r26, 0x0F	; 15
    2956:	b0 e0       	ldi	r27, 0x00	; 0
    2958:	bc 01       	movw	r22, r24
    295a:	cd 01       	movw	r24, r26
    295c:	0e 94 7b 15 	call	0x2af6	; 0x2af6 <__udivmodsi4>
    2960:	da 01       	movw	r26, r20
    2962:	c9 01       	movw	r24, r18
    2964:	01 97       	sbiw	r24, 0x01	; 1
    2966:	9a 83       	std	Y+2, r25	; 0x02
    2968:	89 83       	std	Y+1, r24	; 0x01
    296a:	21 c0       	rjmp	.+66     	; 0x29ae <UART_init+0x156>
	}
	else
	{
		ubrr_value = (uint16)(((F_CPU / (Config_Ptr->baud_rate.speed * 8UL))) - 1);
    296c:	eb 81       	ldd	r30, Y+3	; 0x03
    296e:	fc 81       	ldd	r31, Y+4	; 0x04
    2970:	83 81       	ldd	r24, Z+3	; 0x03
    2972:	94 81       	ldd	r25, Z+4	; 0x04
    2974:	a5 81       	ldd	r26, Z+5	; 0x05
    2976:	b6 81       	ldd	r27, Z+6	; 0x06
    2978:	88 0f       	add	r24, r24
    297a:	99 1f       	adc	r25, r25
    297c:	aa 1f       	adc	r26, r26
    297e:	bb 1f       	adc	r27, r27
    2980:	88 0f       	add	r24, r24
    2982:	99 1f       	adc	r25, r25
    2984:	aa 1f       	adc	r26, r26
    2986:	bb 1f       	adc	r27, r27
    2988:	88 0f       	add	r24, r24
    298a:	99 1f       	adc	r25, r25
    298c:	aa 1f       	adc	r26, r26
    298e:	bb 1f       	adc	r27, r27
    2990:	9c 01       	movw	r18, r24
    2992:	ad 01       	movw	r20, r26
    2994:	80 e4       	ldi	r24, 0x40	; 64
    2996:	92 e4       	ldi	r25, 0x42	; 66
    2998:	af e0       	ldi	r26, 0x0F	; 15
    299a:	b0 e0       	ldi	r27, 0x00	; 0
    299c:	bc 01       	movw	r22, r24
    299e:	cd 01       	movw	r24, r26
    29a0:	0e 94 7b 15 	call	0x2af6	; 0x2af6 <__udivmodsi4>
    29a4:	da 01       	movw	r26, r20
    29a6:	c9 01       	movw	r24, r18
    29a8:	01 97       	sbiw	r24, 0x01	; 1
    29aa:	9a 83       	std	Y+2, r25	; 0x02
    29ac:	89 83       	std	Y+1, r24	; 0x01
	}


	/* First 8 bits from the BAUD_PRESCALE inside UBRRL and last 4 bits in UBRRH*/
	UBRRH = ubrr_value>>8;
    29ae:	e0 e4       	ldi	r30, 0x40	; 64
    29b0:	f0 e0       	ldi	r31, 0x00	; 0
    29b2:	89 81       	ldd	r24, Y+1	; 0x01
    29b4:	9a 81       	ldd	r25, Y+2	; 0x02
    29b6:	89 2f       	mov	r24, r25
    29b8:	99 27       	eor	r25, r25
    29ba:	80 83       	st	Z, r24
	UBRRL = ubrr_value;
    29bc:	e9 e2       	ldi	r30, 0x29	; 41
    29be:	f0 e0       	ldi	r31, 0x00	; 0
    29c0:	89 81       	ldd	r24, Y+1	; 0x01
    29c2:	80 83       	st	Z, r24
}
    29c4:	0f 90       	pop	r0
    29c6:	0f 90       	pop	r0
    29c8:	0f 90       	pop	r0
    29ca:	0f 90       	pop	r0
    29cc:	cf 91       	pop	r28
    29ce:	df 91       	pop	r29
    29d0:	08 95       	ret

000029d2 <UART_sendByte>:
/*
 * Description :
 * Functional responsible for send byte to another UART device.
 */
void UART_sendByte(const uint8 data)
{
    29d2:	df 93       	push	r29
    29d4:	cf 93       	push	r28
    29d6:	0f 92       	push	r0
    29d8:	cd b7       	in	r28, 0x3d	; 61
    29da:	de b7       	in	r29, 0x3e	; 62
    29dc:	89 83       	std	Y+1, r24	; 0x01
	/*
	 * UDRE flag is set when the Tx buffer (UDR) is empty and ready for
	 * transmitting a new byte so wait until this flag is set to one
	 */
	while(BIT_IS_CLEAR(UCSRA,UDRE)){}
    29de:	eb e2       	ldi	r30, 0x2B	; 43
    29e0:	f0 e0       	ldi	r31, 0x00	; 0
    29e2:	80 81       	ld	r24, Z
    29e4:	88 2f       	mov	r24, r24
    29e6:	90 e0       	ldi	r25, 0x00	; 0
    29e8:	80 72       	andi	r24, 0x20	; 32
    29ea:	90 70       	andi	r25, 0x00	; 0
    29ec:	00 97       	sbiw	r24, 0x00	; 0
    29ee:	b9 f3       	breq	.-18     	; 0x29de <UART_sendByte+0xc>

	/*
	 * Put the required data in the UDR register and it also clear the UDRE flag as
	 * the UDR register is not empty now
	 */
	UDR = data;
    29f0:	ec e2       	ldi	r30, 0x2C	; 44
    29f2:	f0 e0       	ldi	r31, 0x00	; 0
    29f4:	89 81       	ldd	r24, Y+1	; 0x01
    29f6:	80 83       	st	Z, r24
	/************************* Another Method *************************
	UDR = data;
	while(BIT_IS_CLEAR(UCSRA,TXC)){} // Wait until the transmission is complete TXC = 1
	SET_BIT(UCSRA,TXC); // Clear the TXC flag
	*******************************************************************/
}
    29f8:	0f 90       	pop	r0
    29fa:	cf 91       	pop	r28
    29fc:	df 91       	pop	r29
    29fe:	08 95       	ret

00002a00 <UART_recieveByte>:
/*
 * Description :
 * Functional responsible for receive byte from another UART device.
 */
uint8 UART_recieveByte(void)
{
    2a00:	df 93       	push	r29
    2a02:	cf 93       	push	r28
    2a04:	cd b7       	in	r28, 0x3d	; 61
    2a06:	de b7       	in	r29, 0x3e	; 62
	/* RXC flag is set when the UART receive data so wait until this flag is set to one */
	while(BIT_IS_CLEAR(UCSRA,RXC)){}
    2a08:	eb e2       	ldi	r30, 0x2B	; 43
    2a0a:	f0 e0       	ldi	r31, 0x00	; 0
    2a0c:	80 81       	ld	r24, Z
    2a0e:	88 23       	and	r24, r24
    2a10:	dc f7       	brge	.-10     	; 0x2a08 <UART_recieveByte+0x8>

	/*
	 * Read the received data from the Rx buffer (UDR)
	 * The RXC flag will be cleared after read the data
	 */
    return UDR;		
    2a12:	ec e2       	ldi	r30, 0x2C	; 44
    2a14:	f0 e0       	ldi	r31, 0x00	; 0
    2a16:	80 81       	ld	r24, Z
}
    2a18:	cf 91       	pop	r28
    2a1a:	df 91       	pop	r29
    2a1c:	08 95       	ret

00002a1e <UART_sendString>:
/*
 * Description :
 * Send the required string through UART to the other UART device.
 */
void UART_sendString(const uint8 *Str)
{
    2a1e:	df 93       	push	r29
    2a20:	cf 93       	push	r28
    2a22:	00 d0       	rcall	.+0      	; 0x2a24 <UART_sendString+0x6>
    2a24:	0f 92       	push	r0
    2a26:	cd b7       	in	r28, 0x3d	; 61
    2a28:	de b7       	in	r29, 0x3e	; 62
    2a2a:	9b 83       	std	Y+3, r25	; 0x03
    2a2c:	8a 83       	std	Y+2, r24	; 0x02
	uint8 i = 0;
    2a2e:	19 82       	std	Y+1, r1	; 0x01
    2a30:	0e c0       	rjmp	.+28     	; 0x2a4e <UART_sendString+0x30>

	/* Send the whole string */
	while(Str[i] != '\0')
	{
		UART_sendByte(Str[i]);
    2a32:	89 81       	ldd	r24, Y+1	; 0x01
    2a34:	28 2f       	mov	r18, r24
    2a36:	30 e0       	ldi	r19, 0x00	; 0
    2a38:	8a 81       	ldd	r24, Y+2	; 0x02
    2a3a:	9b 81       	ldd	r25, Y+3	; 0x03
    2a3c:	fc 01       	movw	r30, r24
    2a3e:	e2 0f       	add	r30, r18
    2a40:	f3 1f       	adc	r31, r19
    2a42:	80 81       	ld	r24, Z
    2a44:	0e 94 e9 14 	call	0x29d2	; 0x29d2 <UART_sendByte>
		i++;
    2a48:	89 81       	ldd	r24, Y+1	; 0x01
    2a4a:	8f 5f       	subi	r24, 0xFF	; 255
    2a4c:	89 83       	std	Y+1, r24	; 0x01
void UART_sendString(const uint8 *Str)
{
	uint8 i = 0;

	/* Send the whole string */
	while(Str[i] != '\0')
    2a4e:	89 81       	ldd	r24, Y+1	; 0x01
    2a50:	28 2f       	mov	r18, r24
    2a52:	30 e0       	ldi	r19, 0x00	; 0
    2a54:	8a 81       	ldd	r24, Y+2	; 0x02
    2a56:	9b 81       	ldd	r25, Y+3	; 0x03
    2a58:	fc 01       	movw	r30, r24
    2a5a:	e2 0f       	add	r30, r18
    2a5c:	f3 1f       	adc	r31, r19
    2a5e:	80 81       	ld	r24, Z
    2a60:	88 23       	and	r24, r24
    2a62:	39 f7       	brne	.-50     	; 0x2a32 <UART_sendString+0x14>
	{
		UART_sendByte(*Str);
		Str++;
	}		
	*******************************************************************/
}
    2a64:	0f 90       	pop	r0
    2a66:	0f 90       	pop	r0
    2a68:	0f 90       	pop	r0
    2a6a:	cf 91       	pop	r28
    2a6c:	df 91       	pop	r29
    2a6e:	08 95       	ret

00002a70 <UART_receiveString>:
/*
 * Description :
 * Receive the required string until the '#' symbol through UART from the other UART device.
 */
void UART_receiveString(uint8 *Str)
{
    2a70:	0f 93       	push	r16
    2a72:	1f 93       	push	r17
    2a74:	df 93       	push	r29
    2a76:	cf 93       	push	r28
    2a78:	00 d0       	rcall	.+0      	; 0x2a7a <UART_receiveString+0xa>
    2a7a:	0f 92       	push	r0
    2a7c:	cd b7       	in	r28, 0x3d	; 61
    2a7e:	de b7       	in	r29, 0x3e	; 62
    2a80:	9b 83       	std	Y+3, r25	; 0x03
    2a82:	8a 83       	std	Y+2, r24	; 0x02
	uint8 i = 0;
    2a84:	19 82       	std	Y+1, r1	; 0x01

	/* Receive the first byte */
	Str[i] = UART_recieveByte();
    2a86:	89 81       	ldd	r24, Y+1	; 0x01
    2a88:	28 2f       	mov	r18, r24
    2a8a:	30 e0       	ldi	r19, 0x00	; 0
    2a8c:	8a 81       	ldd	r24, Y+2	; 0x02
    2a8e:	9b 81       	ldd	r25, Y+3	; 0x03
    2a90:	8c 01       	movw	r16, r24
    2a92:	02 0f       	add	r16, r18
    2a94:	13 1f       	adc	r17, r19
    2a96:	0e 94 00 15 	call	0x2a00	; 0x2a00 <UART_recieveByte>
    2a9a:	f8 01       	movw	r30, r16
    2a9c:	80 83       	st	Z, r24
    2a9e:	0f c0       	rjmp	.+30     	; 0x2abe <UART_receiveString+0x4e>

	/* Receive the whole string until the '#' */
	while(Str[i] != '#')
	{
		i++;
    2aa0:	89 81       	ldd	r24, Y+1	; 0x01
    2aa2:	8f 5f       	subi	r24, 0xFF	; 255
    2aa4:	89 83       	std	Y+1, r24	; 0x01
		Str[i] = UART_recieveByte();
    2aa6:	89 81       	ldd	r24, Y+1	; 0x01
    2aa8:	28 2f       	mov	r18, r24
    2aaa:	30 e0       	ldi	r19, 0x00	; 0
    2aac:	8a 81       	ldd	r24, Y+2	; 0x02
    2aae:	9b 81       	ldd	r25, Y+3	; 0x03
    2ab0:	8c 01       	movw	r16, r24
    2ab2:	02 0f       	add	r16, r18
    2ab4:	13 1f       	adc	r17, r19
    2ab6:	0e 94 00 15 	call	0x2a00	; 0x2a00 <UART_recieveByte>
    2aba:	f8 01       	movw	r30, r16
    2abc:	80 83       	st	Z, r24

	/* Receive the first byte */
	Str[i] = UART_recieveByte();

	/* Receive the whole string until the '#' */
	while(Str[i] != '#')
    2abe:	89 81       	ldd	r24, Y+1	; 0x01
    2ac0:	28 2f       	mov	r18, r24
    2ac2:	30 e0       	ldi	r19, 0x00	; 0
    2ac4:	8a 81       	ldd	r24, Y+2	; 0x02
    2ac6:	9b 81       	ldd	r25, Y+3	; 0x03
    2ac8:	fc 01       	movw	r30, r24
    2aca:	e2 0f       	add	r30, r18
    2acc:	f3 1f       	adc	r31, r19
    2ace:	80 81       	ld	r24, Z
    2ad0:	83 32       	cpi	r24, 0x23	; 35
    2ad2:	31 f7       	brne	.-52     	; 0x2aa0 <UART_receiveString+0x30>
		i++;
		Str[i] = UART_recieveByte();
	}

	/* After receiving the whole string plus the '#', replace the '#' with '\0' */
	Str[i] = '\0';
    2ad4:	89 81       	ldd	r24, Y+1	; 0x01
    2ad6:	28 2f       	mov	r18, r24
    2ad8:	30 e0       	ldi	r19, 0x00	; 0
    2ada:	8a 81       	ldd	r24, Y+2	; 0x02
    2adc:	9b 81       	ldd	r25, Y+3	; 0x03
    2ade:	fc 01       	movw	r30, r24
    2ae0:	e2 0f       	add	r30, r18
    2ae2:	f3 1f       	adc	r31, r19
    2ae4:	10 82       	st	Z, r1
}
    2ae6:	0f 90       	pop	r0
    2ae8:	0f 90       	pop	r0
    2aea:	0f 90       	pop	r0
    2aec:	cf 91       	pop	r28
    2aee:	df 91       	pop	r29
    2af0:	1f 91       	pop	r17
    2af2:	0f 91       	pop	r16
    2af4:	08 95       	ret

00002af6 <__udivmodsi4>:
    2af6:	a1 e2       	ldi	r26, 0x21	; 33
    2af8:	1a 2e       	mov	r1, r26
    2afa:	aa 1b       	sub	r26, r26
    2afc:	bb 1b       	sub	r27, r27
    2afe:	fd 01       	movw	r30, r26
    2b00:	0d c0       	rjmp	.+26     	; 0x2b1c <__udivmodsi4_ep>

00002b02 <__udivmodsi4_loop>:
    2b02:	aa 1f       	adc	r26, r26
    2b04:	bb 1f       	adc	r27, r27
    2b06:	ee 1f       	adc	r30, r30
    2b08:	ff 1f       	adc	r31, r31
    2b0a:	a2 17       	cp	r26, r18
    2b0c:	b3 07       	cpc	r27, r19
    2b0e:	e4 07       	cpc	r30, r20
    2b10:	f5 07       	cpc	r31, r21
    2b12:	20 f0       	brcs	.+8      	; 0x2b1c <__udivmodsi4_ep>
    2b14:	a2 1b       	sub	r26, r18
    2b16:	b3 0b       	sbc	r27, r19
    2b18:	e4 0b       	sbc	r30, r20
    2b1a:	f5 0b       	sbc	r31, r21

00002b1c <__udivmodsi4_ep>:
    2b1c:	66 1f       	adc	r22, r22
    2b1e:	77 1f       	adc	r23, r23
    2b20:	88 1f       	adc	r24, r24
    2b22:	99 1f       	adc	r25, r25
    2b24:	1a 94       	dec	r1
    2b26:	69 f7       	brne	.-38     	; 0x2b02 <__udivmodsi4_loop>
    2b28:	60 95       	com	r22
    2b2a:	70 95       	com	r23
    2b2c:	80 95       	com	r24
    2b2e:	90 95       	com	r25
    2b30:	9b 01       	movw	r18, r22
    2b32:	ac 01       	movw	r20, r24
    2b34:	bd 01       	movw	r22, r26
    2b36:	cf 01       	movw	r24, r30
    2b38:	08 95       	ret

00002b3a <__prologue_saves__>:
    2b3a:	2f 92       	push	r2
    2b3c:	3f 92       	push	r3
    2b3e:	4f 92       	push	r4
    2b40:	5f 92       	push	r5
    2b42:	6f 92       	push	r6
    2b44:	7f 92       	push	r7
    2b46:	8f 92       	push	r8
    2b48:	9f 92       	push	r9
    2b4a:	af 92       	push	r10
    2b4c:	bf 92       	push	r11
    2b4e:	cf 92       	push	r12
    2b50:	df 92       	push	r13
    2b52:	ef 92       	push	r14
    2b54:	ff 92       	push	r15
    2b56:	0f 93       	push	r16
    2b58:	1f 93       	push	r17
    2b5a:	cf 93       	push	r28
    2b5c:	df 93       	push	r29
    2b5e:	cd b7       	in	r28, 0x3d	; 61
    2b60:	de b7       	in	r29, 0x3e	; 62
    2b62:	ca 1b       	sub	r28, r26
    2b64:	db 0b       	sbc	r29, r27
    2b66:	0f b6       	in	r0, 0x3f	; 63
    2b68:	f8 94       	cli
    2b6a:	de bf       	out	0x3e, r29	; 62
    2b6c:	0f be       	out	0x3f, r0	; 63
    2b6e:	cd bf       	out	0x3d, r28	; 61
    2b70:	09 94       	ijmp

00002b72 <__epilogue_restores__>:
    2b72:	2a 88       	ldd	r2, Y+18	; 0x12
    2b74:	39 88       	ldd	r3, Y+17	; 0x11
    2b76:	48 88       	ldd	r4, Y+16	; 0x10
    2b78:	5f 84       	ldd	r5, Y+15	; 0x0f
    2b7a:	6e 84       	ldd	r6, Y+14	; 0x0e
    2b7c:	7d 84       	ldd	r7, Y+13	; 0x0d
    2b7e:	8c 84       	ldd	r8, Y+12	; 0x0c
    2b80:	9b 84       	ldd	r9, Y+11	; 0x0b
    2b82:	aa 84       	ldd	r10, Y+10	; 0x0a
    2b84:	b9 84       	ldd	r11, Y+9	; 0x09
    2b86:	c8 84       	ldd	r12, Y+8	; 0x08
    2b88:	df 80       	ldd	r13, Y+7	; 0x07
    2b8a:	ee 80       	ldd	r14, Y+6	; 0x06
    2b8c:	fd 80       	ldd	r15, Y+5	; 0x05
    2b8e:	0c 81       	ldd	r16, Y+4	; 0x04
    2b90:	1b 81       	ldd	r17, Y+3	; 0x03
    2b92:	aa 81       	ldd	r26, Y+2	; 0x02
    2b94:	b9 81       	ldd	r27, Y+1	; 0x01
    2b96:	ce 0f       	add	r28, r30
    2b98:	d1 1d       	adc	r29, r1
    2b9a:	0f b6       	in	r0, 0x3f	; 63
    2b9c:	f8 94       	cli
    2b9e:	de bf       	out	0x3e, r29	; 62
    2ba0:	0f be       	out	0x3f, r0	; 63
    2ba2:	cd bf       	out	0x3d, r28	; 61
    2ba4:	ed 01       	movw	r28, r26
    2ba6:	08 95       	ret

00002ba8 <itoa>:
    2ba8:	fb 01       	movw	r30, r22
    2baa:	9f 01       	movw	r18, r30
    2bac:	e8 94       	clt
    2bae:	42 30       	cpi	r20, 0x02	; 2
    2bb0:	c4 f0       	brlt	.+48     	; 0x2be2 <itoa+0x3a>
    2bb2:	45 32       	cpi	r20, 0x25	; 37
    2bb4:	b4 f4       	brge	.+44     	; 0x2be2 <itoa+0x3a>
    2bb6:	4a 30       	cpi	r20, 0x0A	; 10
    2bb8:	29 f4       	brne	.+10     	; 0x2bc4 <itoa+0x1c>
    2bba:	97 fb       	bst	r25, 7
    2bbc:	1e f4       	brtc	.+6      	; 0x2bc4 <itoa+0x1c>
    2bbe:	90 95       	com	r25
    2bc0:	81 95       	neg	r24
    2bc2:	9f 4f       	sbci	r25, 0xFF	; 255
    2bc4:	64 2f       	mov	r22, r20
    2bc6:	77 27       	eor	r23, r23
    2bc8:	0e 94 05 16 	call	0x2c0a	; 0x2c0a <__udivmodhi4>
    2bcc:	80 5d       	subi	r24, 0xD0	; 208
    2bce:	8a 33       	cpi	r24, 0x3A	; 58
    2bd0:	0c f0       	brlt	.+2      	; 0x2bd4 <itoa+0x2c>
    2bd2:	89 5d       	subi	r24, 0xD9	; 217
    2bd4:	81 93       	st	Z+, r24
    2bd6:	cb 01       	movw	r24, r22
    2bd8:	00 97       	sbiw	r24, 0x00	; 0
    2bda:	a1 f7       	brne	.-24     	; 0x2bc4 <itoa+0x1c>
    2bdc:	16 f4       	brtc	.+4      	; 0x2be2 <itoa+0x3a>
    2bde:	5d e2       	ldi	r21, 0x2D	; 45
    2be0:	51 93       	st	Z+, r21
    2be2:	10 82       	st	Z, r1
    2be4:	c9 01       	movw	r24, r18
    2be6:	0c 94 f5 15 	jmp	0x2bea	; 0x2bea <strrev>

00002bea <strrev>:
    2bea:	dc 01       	movw	r26, r24
    2bec:	fc 01       	movw	r30, r24
    2bee:	67 2f       	mov	r22, r23
    2bf0:	71 91       	ld	r23, Z+
    2bf2:	77 23       	and	r23, r23
    2bf4:	e1 f7       	brne	.-8      	; 0x2bee <strrev+0x4>
    2bf6:	32 97       	sbiw	r30, 0x02	; 2
    2bf8:	04 c0       	rjmp	.+8      	; 0x2c02 <strrev+0x18>
    2bfa:	7c 91       	ld	r23, X
    2bfc:	6d 93       	st	X+, r22
    2bfe:	70 83       	st	Z, r23
    2c00:	62 91       	ld	r22, -Z
    2c02:	ae 17       	cp	r26, r30
    2c04:	bf 07       	cpc	r27, r31
    2c06:	c8 f3       	brcs	.-14     	; 0x2bfa <strrev+0x10>
    2c08:	08 95       	ret

00002c0a <__udivmodhi4>:
    2c0a:	aa 1b       	sub	r26, r26
    2c0c:	bb 1b       	sub	r27, r27
    2c0e:	51 e1       	ldi	r21, 0x11	; 17
    2c10:	07 c0       	rjmp	.+14     	; 0x2c20 <__udivmodhi4_ep>

00002c12 <__udivmodhi4_loop>:
    2c12:	aa 1f       	adc	r26, r26
    2c14:	bb 1f       	adc	r27, r27
    2c16:	a6 17       	cp	r26, r22
    2c18:	b7 07       	cpc	r27, r23
    2c1a:	10 f0       	brcs	.+4      	; 0x2c20 <__udivmodhi4_ep>
    2c1c:	a6 1b       	sub	r26, r22
    2c1e:	b7 0b       	sbc	r27, r23

00002c20 <__udivmodhi4_ep>:
    2c20:	88 1f       	adc	r24, r24
    2c22:	99 1f       	adc	r25, r25
    2c24:	5a 95       	dec	r21
    2c26:	a9 f7       	brne	.-22     	; 0x2c12 <__udivmodhi4_loop>
    2c28:	80 95       	com	r24
    2c2a:	90 95       	com	r25
    2c2c:	bc 01       	movw	r22, r24
    2c2e:	cd 01       	movw	r24, r26
    2c30:	08 95       	ret

00002c32 <_exit>:
    2c32:	f8 94       	cli

00002c34 <__stop_program>:
    2c34:	ff cf       	rjmp	.-2      	; 0x2c34 <__stop_program>
